source_asset_id,sku_id,split,source_sha256,source_image_relative_path,mask_method,x0,y0,x1,y1,cutout_width,cutout_height,foreground_pixels,cutout_sha256,cutout_relative_path,category,metadata_status,status,rejection_reason
001d3573fef14278e77229280a2b0d000da130fad3ac091f35a7848e2139c9b4,7798186034119,train,4346deb3019749aef88f8c191655d4890cae1b0294a2c1cad7a51f7d65037503,images/train/001d3573fef14278e77229280a2b0d000da130fad3ac091f35a7848e2139c9b4.jpg,rgb,320,251,881,949,561,698,357229,5938c596ae4a78c68490dceacf9dad07c51f02ca2c4755a9c97b64909e49d318,cutouts/001d3573fef14278e77229280a2b0d000da130fad3ac091f35a7848e2139c9b4.png,,OK,accepted,
003caf024e3c18688c4615e0b72e64b8380f0e6df8e445042617929072e227b8,7896902289727,train,4004d0475d7ee08ccffb6d75f33f0c258fbff828ffffd43e12fb8098b29b15aa,images/train/003caf024e3c18688c4615e0b72e64b8380f0e6df8e445042617929072e227b8.jpg,rgb,419,191,776,1014,357,823,217972,3404e74c4f937c1922e2792d034753d9d2243d8c20808be072776f7589014cdc,cutouts/003caf024e3c18688c4615e0b72e64b8380f0e6df8e445042617929072e227b8.png,,OK,accepted,
00899550d8541852fac78309d735d33263debd9a7b09495ee8ed65bc6e2fad39,7779970870182,train,3f1ec8d9e2aa99889f467c1bc8bb06d9258097888d5f31ce9ed48aa097858f7a,images/train/00899550d8541852fac78309d735d33263debd9a7b09495ee8ed65bc6e2fad39.jpg,rgb,297,104,910,1085,613,981,472773,4d8b18280c70e388acc2016d551e3bd7dbea8c2f443aec80b7554036740feb99,cutouts/00899550d8541852fac78309d735d33263debd9a7b09495ee8ed65bc6e2fad39.png,,OK,accepted,
00ea393d021e5d79d5ea410540cbddb9b1c6a913a5649cc0837eabb9ef2511fd,7774904408400,train,e7bf15ae6d65f0e98475db50e2dd90d278c1270fdc8d60f46067b767acf9eed4,images/train/00ea393d021e5d79d5ea410540cbddb9b1c6a913a5649cc0837eabb9ef2511fd.jpg,rgb,376,144,819,1072,443,928,294786,43b9409433e20dfd549ed00bbd667f8896d8f662d8cbae25ff2cf1458b0a5b80,cutouts/00ea393d021e5d79d5ea410540cbddb9b1c6a913a5649cc0837eabb9ef2511fd.png,,OK,accepted,
0200e739345eb36c23f0faea8a82736af0ab3f30b80d071d790ab8bced5d7cfe,309974677097,train,b8427220be8ffaaf80a655e5a4b9136bfc5b91909e6b8328e52b22df2b37e6b6,images/train/0200e739345eb36c23f0faea8a82736af0ab3f30b80d071d790ab8bced5d7cfe.jpg,rgb,457,147,747,1080,290,933,259237,fecb040d854e303b1b5f91d71865a6cdabe0b1294dccad3306cba0a8b793b276,cutouts/0200e739345eb36c23f0faea8a82736af0ab3f30b80d071d790ab8bced5d7cfe.png,,OK,accepted,
031e2485e3079babb9250725b7d69750e3db658715c6b1aca8d2248804854bd3,7509552973136,train,763c8b40e6c5c93c0297660bad562754dad496627ca66a63c21985f53890a635,images/train/031e2485e3079babb9250725b7d69750e3db658715c6b1aca8d2248804854bd3.jpg,rgb,187,253,1015,950,828,697,309060,bee387fac1a2d459c9ac02173d25e12fa09b5a2c96b797cf7bde36abb2da2ff8,cutouts/031e2485e3079babb9250725b7d69750e3db658715c6b1aca8d2248804854bd3.png,,OK,accepted,
0321ea22b3a0280cfc68b1a68aadcac7ae6cee25c6735d28d692b5e27bc26652,7896451907660,train,2c73ef246ef29b6735003bea3e9d31e2535e8213de4208ddc0013111e0de1e83,images/train/0321ea22b3a0280cfc68b1a68aadcac7ae6cee25c6735d28d692b5e27bc26652.jpg,rgb,140,515,1058,687,918,172,134584,10e9c19adeeb7018c125965b868e79644d189892c822cf67a697089a9f587e7f,cutouts/0321ea22b3a0280cfc68b1a68aadcac7ae6cee25c6735d28d692b5e27bc26652.png,,OK,accepted,
0329471d8dfd379f3494c3c0d2f4786b28622ba85c3da91022faa6d4d08c72b8,7891150103047,train,773ea9652bd91660ce1e07d3bd597651f35afd21de38a28deefdbc369fcbffba,images/train/0329471d8dfd379f3494c3c0d2f4786b28622ba85c3da91022faa6d4d08c72b8.jpg,rgb,472,177,728,1023,256,846,44931,e34fdbbea9114f57544d7f794f94a23857f9fafacd59fa4ab1a0b90d9e0e20ca,cutouts/0329471d8dfd379f3494c3c0d2f4786b28622ba85c3da91022faa6d4d08c72b8.png,,OK,accepted,
041f3849fe260b99bbf4a05b102fb13e92826c3b7c9634f2319dacdd2869b7ba,7898930142630,train,84b3032d2f9fd08742429ca75eecaeb2584f297da38d2cd5afdb5b8b8ca8db1c,images/train/041f3849fe260b99bbf4a05b102fb13e92826c3b7c9634f2319dacdd2869b7ba.jpg,rgb,297,144,902,1055,605,911,500203,691f0709d5105dccf0ece49c20442f2e0a1b2a53e440c3d26931f7d29f04b7dc,cutouts/041f3849fe260b99bbf4a05b102fb13e92826c3b7c9634f2319dacdd2869b7ba.png,,OK,accepted,
0510490c6d0473fd2b0e852749e300dcae031c3a7e68909e15dd46e1a81296e1,7771260681935,train,3989d934ba29ddf1912bf303315e4769da286a534bb0edc2270b8d52a6f01058,images/train/0510490c6d0473fd2b0e852749e300dcae031c3a7e68909e15dd46e1a81296e1.jpg,rgb,257,243,942,930,685,687,346006,cc99436bc6f7ed93ceca3ff6fcc3956a547fa3ac042d0c24df09d3dd2005c47b,cutouts/0510490c6d0473fd2b0e852749e300dcae031c3a7e68909e15dd46e1a81296e1.png,,OK,accepted,
05614bf137e042fb165895562168f2006f009dfe279f5995b9d3414673b8e277,9001111,train,4fa5af1a7146bbe9bba0fe87790cfd56f48a98226a0bd39ecaf0f4e8f03e5d94,images/train/05614bf137e042fb165895562168f2006f009dfe279f5995b9d3414673b8e277.jpg,rgb,118,270,1081,1030,963,760,553468,a661b9ef2f4968272fa6750e6fcba752c9e350b90ceda5382d61b55f789442fb,cutouts/05614bf137e042fb165895562168f2006f009dfe279f5995b9d3414673b8e277.png,,OK,accepted,
05db1e8a70aee544e6bee0e56259af246776859d590634ef8f43506a5ddfe984,7770000420087,train,e2b2cc7e46d469aba7f8b20e725e55827f1aa22243290504142866fcd8e88200,images/train/05db1e8a70aee544e6bee0e56259af246776859d590634ef8f43506a5ddfe984.jpg,rgb,276,163,940,1044,664,881,458452,f971cbab30d9b708cef85ac5d4d0889645b7c1d290063b589a53260488925dd0,cutouts/05db1e8a70aee544e6bee0e56259af246776859d590634ef8f43506a5ddfe984.png,,OK,accepted,
06afe6653f792a8dfad0475f26ac833eb6cba7fb3ea0ffbc8a6652c48cdc60c6,7509552982725,train,9707947dcfac3b6839c451ce954a88609350935ebfa06a3a67511f669c08221d,images/train/06afe6653f792a8dfad0475f26ac833eb6cba7fb3ea0ffbc8a6652c48cdc60c6.jpg,rgb,457,105,712,1113,255,1008,240184,60a5b479d157d122cca5d24b6173fcb36aa964ca2664277ae4eb6379c3ff9b31,cutouts/06afe6653f792a8dfad0475f26ac833eb6cba7fb3ea0ffbc8a6652c48cdc60c6.png,,OK,accepted,
076d7fc54e4157662c469deb5c14550022fdf992528941033797da172507f884,7506306254374,train,1913368f8f5f1f66294780612ae9fc3d7b64eafc9ca2bfa7aaa538f08fe4111d,images/train/076d7fc54e4157662c469deb5c14550022fdf992528941033797da172507f884.jpg,rgb,459,77,726,1131,267,1054,86658,45b50215a275b2aba12d283fca153389ae51cb4bd7fcab3496e40692b61146a5,cutouts/076d7fc54e4157662c469deb5c14550022fdf992528941033797da172507f884.png,,OK,accepted,
077a778a9e2af1bad08fbdcd1c17d11c10bbed6fa5c91dd263a29335fda2ced5,7792070053910,train,cbaf66d3f9e609ba90a8fa0d00e448fc2092e4517fdecb0d3a8d802e726665fd,images/train/077a778a9e2af1bad08fbdcd1c17d11c10bbed6fa5c91dd263a29335fda2ced5.jpg,rgb,437,171,762,1025,325,854,256416,39c43b4b65cc3cbab8dff2fdf21809b881e6f7ca445768b51316a2b9e0f95353,cutouts/077a778a9e2af1bad08fbdcd1c17d11c10bbed6fa5c91dd263a29335fda2ced5.png,,OK,accepted,
078accf22c9d521bbbc1338119115abef5674a7a63fdf1c3cb60acfb4dc14bf0,7771260763341,train,4671f070f8783b06f981d3a3c1525a57c9b5aa2ff8687f360e6a38e36ed9318c,images/train/078accf22c9d521bbbc1338119115abef5674a7a63fdf1c3cb60acfb4dc14bf0.jpg,rgb,456,107,724,1062,268,955,205781,4483ccf38a7bf98e1579c4b901dd7ec9a99dd4c1cfb8f62eb72d9efe18604ee1,cutouts/078accf22c9d521bbbc1338119115abef5674a7a63fdf1c3cb60acfb4dc14bf0.png,,OK,accepted,
07b7b3d879fa639d076ef0cfe5afe39471def0c4e5606c5f7e52010a906c71ad,7702032553778,train,e2dc272df8d505aae0e4673e4fc9a94c41d56e44ca38898c51bfc6e9d5780b5e,images/train/07b7b3d879fa639d076ef0cfe5afe39471def0c4e5606c5f7e52010a906c71ad.jpg,rgb,286,86,714,916,428,830,324545,923f3032fdea4d470f0e5a6c828ff7347e79d254391c870d73c43f45121c68b9,cutouts/07b7b3d879fa639d076ef0cfe5afe39471def0c4e5606c5f7e52010a906c71ad.png,,OK,accepted,
080ef647f9df979e0d618763ce1708e225da9cac17d74fe91c73dce383b196d0,7896058597370,train,791edb0f0594098c06ff2a313bc4453ffa6a49376aac83fdc5f3caed48e3e555,images/train/080ef647f9df979e0d618763ce1708e225da9cac17d74fe91c73dce383b196d0.jpg,rgb,454,104,746,1096,292,992,258026,7a263c0a8273e7c826a95360a6687b757a617da123488932f58e395c30d2d4db,cutouts/080ef647f9df979e0d618763ce1708e225da9cac17d74fe91c73dce383b196d0.png,,OK,accepted,
083d39212b401b492a05d2e5a5a0c150ab1325ec8ea2021b11e985a2492728e7,3501118,train,63455251accaffa8b0e7f30044536a3afc42be450c8f1f923a48849bdb64ac81,images/train/083d39212b401b492a05d2e5a5a0c150ab1325ec8ea2021b11e985a2492728e7.jpg,rgb,166,115,992,1076,826,961,224262,26191b77fe6b9843b4afbde7d43f2ebc7c97aebf48f631885299c96add8e393e,cutouts/083d39212b401b492a05d2e5a5a0c150ab1325ec8ea2021b11e985a2492728e7.png,,OK,accepted,
08a2c876840319e054b696c7f92fb9d013586b2ab765387ee77ecc8e291d1cfe,7896042048598,train,43e3e5e17bf77836bc1d6e9cb21faba559cb810bb09ad1f91934ecd273587058,images/train/08a2c876840319e054b696c7f92fb9d013586b2ab765387ee77ecc8e291d1cfe.jpg,rgb,202,261,999,939,797,678,363694,995bcfdc4d66c9880e3f23e5d838165b7f0cf343e9ed1e4e5240e3fc959e0955,cutouts/08a2c876840319e054b696c7f92fb9d013586b2ab765387ee77ecc8e291d1cfe.png,,OK,accepted,
09ddc1e5e8e821eed11714042f86a71cb85aad28cf338e7281b119185ab99fb1,7503037746222,train,3a580ef520fcd48e8ae9b9b4b3ce051cdc7a1153b00e3b350ed03b3f6b14a656,images/train/09ddc1e5e8e821eed11714042f86a71cb85aad28cf338e7281b119185ab99fb1.jpg,rgb,224,98,977,1105,753,1007,674478,e45c3914105375510713bf786ca3e5dae82fe26a91e7cd2cf00844a26ed8723d,cutouts/09ddc1e5e8e821eed11714042f86a71cb85aad28cf338e7281b119185ab99fb1.png,,OK,accepted,
09ea0d7d6c37e6af02755ee824c9f792881932efe1118ec04a69a080e428d9ee,7702007216103,train,11de52158b1737e7f6cd70b24454368d80d2118bf1fca08285433bd3176cb4a9,images/train/09ea0d7d6c37e6af02755ee824c9f792881932efe1118ec04a69a080e428d9ee.jpg,rgb,303,103,704,898,401,795,272127,dda194c00393606cff592e3eb12bd7339cae584f9d24a8401f767a2c2c027739,cutouts/09ea0d7d6c37e6af02755ee824c9f792881932efe1118ec04a69a080e428d9ee.png,,OK,accepted,
0a328325e7dffd8bdd040703c5d269759dd98f9b5fe9317ba849713e50b69654,8809686120260,train,91b6a4a79b422fd13795693f604afba6171ddce8f2e462dac010a464f96ebd2f,images/train/0a328325e7dffd8bdd040703c5d269759dd98f9b5fe9317ba849713e50b69654.jpg,rgb,495,121,705,1079,210,958,91862,5c3c77829c484050f4b49cadc6cc4276dd3a336bf1a19b6a90169670e041fb1a,cutouts/0a328325e7dffd8bdd040703c5d269759dd98f9b5fe9317ba849713e50b69654.png,,OK,accepted,
0a5f3dc921fa91be8053dfed008b9d0190faf693c07a0a67ea541cb2c854329d,7798178800777,train,57e4895ae88388690a58974e30c6871cd98c16205620e56d3d62e147baf84fbe,images/train/0a5f3dc921fa91be8053dfed008b9d0190faf693c07a0a67ea541cb2c854329d.jpg,rgb,290,164,892,1046,602,882,496731,f767687b26350012855787079ae2af78638a37795dacb302ec2ad98f8aac0b59,cutouts/0a5f3dc921fa91be8053dfed008b9d0190faf693c07a0a67ea541cb2c854329d.png,,OK,accepted,
0ac6d17a093c5841120a1532ba8a07a7e8ed40ed51235c6a838e6bef3ead71c1,7798178800593,train,0c41e2143c6a00ea854d59e43b77164254d6f568fe21b34946246386ec7baa81,images/train/0ac6d17a093c5841120a1532ba8a07a7e8ed40ed51235c6a838e6bef3ead71c1.jpg,rgb,293,161,889,1035,596,874,488464,d575b6bf978a8087cee28f7b2803bca42657b37e284a9655ae1582eae5ab5c49,cutouts/0ac6d17a093c5841120a1532ba8a07a7e8ed40ed51235c6a838e6bef3ead71c1.png,,OK,accepted,
0b5606d4ebb8c06af139c2779356206caa615337d88c24725287b4726675801a,7770108960133,train,f88a279de82634c71773d46186a73137ba83d31fd9175f416a707f0449ada9f9,images/train/0b5606d4ebb8c06af139c2779356206caa615337d88c24725287b4726675801a.jpg,rgb,362,173,767,1014,405,841,309183,f5c888c3a79bb1dfadc207b8d00701a25565c28b5f31709245cec56fa09f622d,cutouts/0b5606d4ebb8c06af139c2779356206caa615337d88c24725287b4726675801a.png,,OK,accepted,
0c75af3cccae99dc9faa49875d6659d472248bba2b21283d5938e9f6b8399718,77890332,train,7a96eac9d022f1f0b46735aff09c198bd3fc77edddda9ddff37d3e66d7cf26ee,images/train/0c75af3cccae99dc9faa49875d6659d472248bba2b21283d5938e9f6b8399718.jpg,rgb,182,262,995,954,813,692,396449,3e2d2384a8f580ae43ca3746d7fed9e58ba48591b06e49333d09afda22d11253,cutouts/0c75af3cccae99dc9faa49875d6659d472248bba2b21283d5938e9f6b8399718.png,,OK,accepted,
0ccc53ce0f4b04f75fbfda67a23c842582a3720fe5f86cd3dd9a7a3ddd141ff6,9000969,train,5e075f9ba194c69647e1324f2895295e82b5984e678adcbe619dbd847af739f6,images/train/0ccc53ce0f4b04f75fbfda67a23c842582a3720fe5f86cd3dd9a7a3ddd141ff6.jpg,rgb,297,233,909,932,612,699,294559,df88b36be415dc2748e71e2d5206e13494c1c0a85a917d24bb5bff0d526ca175,cutouts/0ccc53ce0f4b04f75fbfda67a23c842582a3720fe5f86cd3dd9a7a3ddd141ff6.png,,OK,accepted,
0ea5593c44a519551602f2e682601b968eeeb5127fbb690e026fd0c53adc06db,7798178801415,train,222b2ecdb3ff244e202c5d6c55d6b3809df615a96a2a9ecfa8133c7751f1e118,images/train/0ea5593c44a519551602f2e682601b968eeeb5127fbb690e026fd0c53adc06db.jpg,rgb,231,410,962,842,731,432,187570,fb8991a660f2b8f778925ff6655105fc61ce0aed83eeac46df566a4934ad6780,cutouts/0ea5593c44a519551602f2e682601b968eeeb5127fbb690e026fd0c53adc06db.png,,OK,accepted,
0eb51cbb654b0cc7d30d0b97bb344e9a3988f0b3190dac4dcac007f522dd56f6,7804621470821,train,776c8eb660f3e3295914b355e12f6807235becb587f657f7723eb466b9398313,images/train/0eb51cbb654b0cc7d30d0b97bb344e9a3988f0b3190dac4dcac007f522dd56f6.jpg,rgb,169,282,850,733,681,451,270502,19aed1fb9c0412122e0cb057f4fd777f51e466000ee691ba98224b82c31f7866,cutouts/0eb51cbb654b0cc7d30d0b97bb344e9a3988f0b3190dac4dcac007f522dd56f6.png,,OK,accepted,
0ec968dadd895e266ab9d60bbb122ac72fbf0940012ab4d7329f84d6f01f2072,7909930024939,train,00ff73ef081f3b0e8bc30ebc465d4e02ad89041d075e7b7b6f6855a1ae125612,images/train/0ec968dadd895e266ab9d60bbb122ac72fbf0940012ab4d7329f84d6f01f2072.jpg,rgb,293,126,910,1069,617,943,573926,c6d7d5a6ab97ec25fc40a74693c0285df7c8e9b04aa9fdb027835a12e2ab3daf,cutouts/0ec968dadd895e266ab9d60bbb122ac72fbf0940012ab4d7329f84d6f01f2072.png,,OK,accepted,
0f4ab1c1aa39b01af5a5ebe9bcde1361ffad5676576d7e658c1943223abd81e8,7779970831312,train,036a1cc1aa5f0909dc4337db810f0707028c03b4d26aaa648a751a590a178210,images/train/0f4ab1c1aa39b01af5a5ebe9bcde1361ffad5676576d7e658c1943223abd81e8.jpg,rgb,265,132,953,1053,688,921,582787,69f0ad03cfe445d06c6c1310e07e82e7f2ace3b947ce7bda5cf10c7c1ceed735,cutouts/0f4ab1c1aa39b01af5a5ebe9bcde1361ffad5676576d7e658c1943223abd81e8.png,,OK,accepted,
0f70ed2a1b83789ec7e9761765ef6902ad35ea7728cd4acc9a6c4789c117b1a1,7702032553785,train,c584a26fcd15238e70810a1d758a55ba549c4059283756b913fe50bc3e93d317,images/train/0f70ed2a1b83789ec7e9761765ef6902ad35ea7728cd4acc9a6c4789c117b1a1.jpg,rgb,288,73,713,904,425,831,322582,6c5b700ddecdfbe8b1003f43a3084451ca81d40218c33e66aa6c2ca8cedbe433,cutouts/0f70ed2a1b83789ec7e9761765ef6902ad35ea7728cd4acc9a6c4789c117b1a1.png,,OK,accepted,
0faebb767d90ed4e799114c35526851f4ebf304607f214b65e4146ac17be9e38,7792070002192,train,b942fd931b522db2937f013d2e0621c40144630a71728b7330aa6ba3c9f17d81,images/train/0faebb767d90ed4e799114c35526851f4ebf304607f214b65e4146ac17be9e38.jpg,rgb,488,103,707,1119,219,1016,189088,0bab6aa70b7b7de2fa1c2f0e0981836f2fe30fb4d18eade22acc793d0a383fb2,cutouts/0faebb767d90ed4e799114c35526851f4ebf304607f214b65e4146ac17be9e38.png,,OK,accepted,
105d8b6ec91eb3fbceadd686998848cfa48ea04a6034a24b91bb0106ace77744,7896058503012,train,9be3038cfc3488d25440f0015971911282b9d975533c450f1af5468bde907a69,images/train/105d8b6ec91eb3fbceadd686998848cfa48ea04a6034a24b91bb0106ace77744.jpg,rgb,189,95,1011,1109,822,1014,532810,a159eb5e1dcf41559a0f69966620b91d47c0e95950c070deff23a6c0f3036cd3,cutouts/105d8b6ec91eb3fbceadd686998848cfa48ea04a6034a24b91bb0106ace77744.png,,OK,accepted,
107893974fd9034cb81cb8962d045fa510f4cc53cb3f7e3757edab13b232e694,7503037746239,train,fdb2ff2f934089d974dab9abc9d96ec8256170f7458bc4954b8dde574e1e274a,images/train/107893974fd9034cb81cb8962d045fa510f4cc53cb3f7e3757edab13b232e694.jpg,rgb,224,108,992,1106,768,998,681241,d95aeb66eec5d6d2b2a0ace96134716de3e71da2696e6742a832e7bdc200f4f2,cutouts/107893974fd9034cb81cb8962d045fa510f4cc53cb3f7e3757edab13b232e694.png,,OK,accepted,
109f9f68232b681d39fee052604b6da228430a99d05f77bf3b9b62da25ce4ba8,7774440631065,train,7989def5ed2d66106bb1b585a0927fcfeb20546cf3441a13555c9bf1e8417248,images/train/109f9f68232b681d39fee052604b6da228430a99d05f77bf3b9b62da25ce4ba8.jpg,rgb,337,120,854,1048,517,928,437783,86f9cf77772eb44e81c069e2635c07539ef68d2291952655e6c930f37b689bde,cutouts/109f9f68232b681d39fee052604b6da228430a99d05f77bf3b9b62da25ce4ba8.png,,OK,accepted,
113535f9bb4f848527746cb06254de89865bc412cf5aed1ad9f4cc2075a2d021,3501113,train,63455251accaffa8b0e7f30044536a3afc42be450c8f1f923a48849bdb64ac81,images/train/113535f9bb4f848527746cb06254de89865bc412cf5aed1ad9f4cc2075a2d021.jpg,rgb,166,115,992,1076,826,961,224262,26191b77fe6b9843b4afbde7d43f2ebc7c97aebf48f631885299c96add8e393e,cutouts/113535f9bb4f848527746cb06254de89865bc412cf5aed1ad9f4cc2075a2d021.png,,OK,accepted,
11483d77e76c37558fa0103f49b35a3ffd5040c6c3cdd85aa3be308dffe8e008,7770109740079,train,aca1f630dc5852d9f8bf5f368109a664683867639f06941225a65f3f8413e321,images/train/11483d77e76c37558fa0103f49b35a3ffd5040c6c3cdd85aa3be308dffe8e008.jpg,rgb,350,212,850,988,500,776,264897,29fa36178e9880dad84e9d8d888fa1f132d744546c91d69f3aaf2c79d939deca,cutouts/11483d77e76c37558fa0103f49b35a3ffd5040c6c3cdd85aa3be308dffe8e008.png,,OK,accepted,
11697bf0d91da83bc0a1528837bea352721c0442895396ba6b778e8652fbddfc,8809686120277,train,dde6505620862b3a0d2f287f159fb717f49036a2ec8f347a5df10d9a8722b006,images/train/11697bf0d91da83bc0a1528837bea352721c0442895396ba6b778e8652fbddfc.jpg,rgb,225,327,994,899,769,572,300530,93868f4d0b3d034c5de1ac6fb1925a08b29e2f2843c8ff03281e053ace047087,cutouts/11697bf0d91da83bc0a1528837bea352721c0442895396ba6b778e8652fbddfc.png,,OK,accepted,
11c64db264ad091b96c6bd3b13461505d0758f60fafb5670222b250ee69b2fc5,9000210,train,9e8f1bab29a07258f79251f7cb4a758ef478a6a567bf27fc3544e0b2a236dbc1,images/train/11c64db264ad091b96c6bd3b13461505d0758f60fafb5670222b250ee69b2fc5.jpg,rgb,346,120,848,1080,502,960,433926,08dec67b15bb3cc8cc5d199f30096492e3aeadeae87fdecaf12cf8d5c3cb3cc0,cutouts/11c64db264ad091b96c6bd3b13461505d0758f60fafb5670222b250ee69b2fc5.png,,OK,accepted,
11f9917f633ced677823c569768cf9762a25da4c6af66c91a93ccb8522acefb2,7898930142654,train,eaa93b4ee366f774fae9e057c709fc65b96f46b7485374b2354ba29ce3f748d8,images/train/11f9917f633ced677823c569768cf9762a25da4c6af66c91a93ccb8522acefb2.jpg,rgb,306,169,893,1075,587,906,478537,ee885b03b6d193d8eefd948c0e9aab350172833fab09c057ea284bf04e3dcc61,cutouts/11f9917f633ced677823c569768cf9762a25da4c6af66c91a93ccb8522acefb2.png,,OK,accepted,
1227cd709b3a9cbb310cd30506979cb5e09d1578b17f41dee47eb1444c32bd9a,7509552982732,train,18621f548b4ca1b479e673373477c233b2d6c86611a999b119fe9af7abb68ca2,images/train/1227cd709b3a9cbb310cd30506979cb5e09d1578b17f41dee47eb1444c32bd9a.jpg,rgb,457,105,713,1119,256,1014,240927,7901f7b702486523ff3c71e5756bf6649c7a5608ed3f9b9d102dc209f9eed6fc,cutouts/1227cd709b3a9cbb310cd30506979cb5e09d1578b17f41dee47eb1444c32bd9a.png,,OK,accepted,
126675cc86ddf627382b527c3592c38704ad0956c55d0b82b440ac0d3bf851bf,7774904407489,train,d2f562c40ac9e834608b22345ba05c6a00fabfe9c4c5e975836b2cd046c5b2e2,images/train/126675cc86ddf627382b527c3592c38704ad0956c55d0b82b440ac0d3bf851bf.jpg,rgb,303,172,900,1034,597,862,409349,d150e64e385986a0ef7fe89f2fb71b8b50946dcd52bb7f8269b39e9dbf386d5c,cutouts/126675cc86ddf627382b527c3592c38704ad0956c55d0b82b440ac0d3bf851bf.png,,OK,accepted,
12769f487503d38c6bb966d65a432adb0fb771faebf3c52c9c155eadcdae1d73,9000212,train,42b5bbfcf6660bfb754c07e833cc2980fa1b5d9887c054ffafd67022c28d4539,images/train/12769f487503d38c6bb966d65a432adb0fb771faebf3c52c9c155eadcdae1d73.jpg,rgb,134,436,1070,763,936,327,301149,3ce0ace6439ab98fc29bb1c56026f28776eb973fa6adbed0171227139b080927,cutouts/12769f487503d38c6bb966d65a432adb0fb771faebf3c52c9c155eadcdae1d73.png,,OK,accepted,
12d686f87a2f07f8eb2c0566b38c73d270aa60eead91023cf4d8e02f9a234842,7840185788514,train,35ffbe3c0515e8453bb276752a2110bc89f2042818b6387ca80b9fc13ca818e9,images/train/12d686f87a2f07f8eb2c0566b38c73d270aa60eead91023cf4d8e02f9a234842.jpg,rgb,340,131,860,1074,520,943,439210,e9cd43b376b423ab6a49f7ca6ace6a0d324d8ad7c50cfcf1b2a3d98163447a2a,cutouts/12d686f87a2f07f8eb2c0566b38c73d270aa60eead91023cf4d8e02f9a234842.png,,OK,accepted,
14643e59a3728bce37a0bcea1f6cb5d6ffbe261b40aeed2a890d13f3b897586f,7896404600099,train,7045219e8644ed820f40b080fddff34a0f50ad055ce91515f0a59f81a970f994,images/train/14643e59a3728bce37a0bcea1f6cb5d6ffbe261b40aeed2a890d13f3b897586f.jpg,rgb,367,65,818,1136,451,1071,344923,eb42658ab873f86c129f3279584ce1f80b5c5d4c6134fb52c1365c9ab7d3e838,cutouts/14643e59a3728bce37a0bcea1f6cb5d6ffbe261b40aeed2a890d13f3b897586f.png,,OK,accepted,
1468fabe8909611b50ac95c14eb4271c2af67b80be2a8d321ca6a0d1ba3fb26a,077948588,train,c1ce0e716162b655d2245bf96c0cb2d160268e19ae6ccca1936454d3bc172a72,images/train/1468fabe8909611b50ac95c14eb4271c2af67b80be2a8d321ca6a0d1ba3fb26a.jpg,rgb,133,445,1071,756,938,311,284248,adce24db86c3ed1e505bd5c0daf249ca717566ab8df1cb12d4b031f5b933aaff,cutouts/1468fabe8909611b50ac95c14eb4271c2af67b80be2a8d321ca6a0d1ba3fb26a.png,,OK,accepted,
165c470a8cc984630b9f2fc0cdb7dd94e7222d2d2af06084afeaaf48adc14405,7771260760067,train,1a1429e73bf8b645419564b8ea1d78428c167ec533b1d14f3ebf861f90040c40,images/train/165c470a8cc984630b9f2fc0cdb7dd94e7222d2d2af06084afeaaf48adc14405.jpg,rgb,470,151,730,1066,260,915,196374,0c76bdf448753314eb13f47912329900e2c2e195c302c302aaf86e5f7ffb96c3,cutouts/165c470a8cc984630b9f2fc0cdb7dd94e7222d2d2af06084afeaaf48adc14405.png,,OK,accepted,
170d93cfec9379c1938f55110bb50320fc3ae5e339dd0872f3f59d2a5d8da104,7896451912541,train,fae1a4ceb6622e17faeec2d5a5e9845737a92665f4f37dc930c5bc84a6e39f67,images/train/170d93cfec9379c1938f55110bb50320fc3ae5e339dd0872f3f59d2a5d8da104.jpg,rgb,374,119,811,1073,437,954,406636,a29f4214c4a3df77f7460dfc6e61da9fa4f2a26c4707f2a871e23c5c37f18ad5,cutouts/170d93cfec9379c1938f55110bb50320fc3ae5e339dd0872f3f59d2a5d8da104.png,,OK,accepted,
1737c47accb029f4a7a9758fe9027398c8ba4f9ffbc88c985c150c9d87973672,7770108960157,train,2d8970002d6496a81133c8079afb9fbc3812e900ced354fa8ef3fe4a8e19f9be,images/train/1737c47accb029f4a7a9758fe9027398c8ba4f9ffbc88c985c150c9d87973672.jpg,rgb,361,177,793,998,432,821,303907,2bfc1e4eb46e7e8a0fb884d510dc14a0d4f0b3b5281370a6504987200d41b521,cutouts/1737c47accb029f4a7a9758fe9027398c8ba4f9ffbc88c985c150c9d87973672.png,,OK,accepted,
173db71f8ca9cc653effd5a99a39a21469852783fdb54d56fd8b23d60e25b20c,7841503002497,train,a94846896ac3f1700224adc1855ef79fc8def17af61d9817d6c248b977957c21,images/train/173db71f8ca9cc653effd5a99a39a21469852783fdb54d56fd8b23d60e25b20c.jpg,rgb,161,410,1031,738,870,328,251697,530bc9b3deaf434c5ce83b789096c715337cdff590be3d3108bab1d1deeb5037,cutouts/173db71f8ca9cc653effd5a99a39a21469852783fdb54d56fd8b23d60e25b20c.png,,OK,accepted,
17f02c31541ece4711456e465bc5a7e922141e81d3839220f4fc9fbbfb5fd06c,3501121,train,63455251accaffa8b0e7f30044536a3afc42be450c8f1f923a48849bdb64ac81,images/train/17f02c31541ece4711456e465bc5a7e922141e81d3839220f4fc9fbbfb5fd06c.jpg,rgb,166,115,992,1076,826,961,224262,26191b77fe6b9843b4afbde7d43f2ebc7c97aebf48f631885299c96add8e393e,cutouts/17f02c31541ece4711456e465bc5a7e922141e81d3839220f4fc9fbbfb5fd06c.png,,OK,accepted,
184f946fab8f8c00be081ca94ececd1bebd58d7f357b4db33027610ac2216788,7774440391754,train,92fbdec747082b6a373ba58083732136303b43f413cd5fe71aa7332a80247e9c,images/train/184f946fab8f8c00be081ca94ececd1bebd58d7f357b4db33027610ac2216788.jpg,rgb,278,146,912,1046,634,900,453417,762cc14d823f3f31ff64027122ff1b683a917cf3a26d896d6073aeba5f43da60,cutouts/184f946fab8f8c00be081ca94ececd1bebd58d7f357b4db33027610ac2216788.png,,OK,accepted,
189acbff232071f95288975fd978f779e3ee596633a5650a58ec16e3af3ebde4,7896023082979,train,f7c4bdf6cc414368b094726fa50870393818a1fd701512b9f0cad936e982bae8,images/train/189acbff232071f95288975fd978f779e3ee596633a5650a58ec16e3af3ebde4.jpg,rgb,465,172,736,1138,271,966,179292,e71cbd73fbb86e406544162a42005e8f02d63ac8f4ffd9a64d5df82226273baf,cutouts/189acbff232071f95288975fd978f779e3ee596633a5650a58ec16e3af3ebde4.png,,OK,accepted,
19038b00cc2ea092950385b93f64f4cc80296288f9fba79adfacabcac355c70a,7896183911027,train,a7ca20742cb748c0373fc709320fa87ce652fcaa181872c64a4aefab88e590ae,images/train/19038b00cc2ea092950385b93f64f4cc80296288f9fba79adfacabcac355c70a.jpg,rgb,238,115,752,893,514,778,349603,edc1511498e305a6c69ee026769c1eaf14c3ee5ea7e1b226cb5a43f028a3c462,cutouts/19038b00cc2ea092950385b93f64f4cc80296288f9fba79adfacabcac355c70a.png,,OK,accepted,
19222539f6afcbea6512a3a714251d643fa6bfe59b28fc95c4bb4e77a374e9dc,7772115100632,train,ba7195b8db5cdd5475276a985fe20032f5336995b0ff4ab6db70979eff690020,images/train/19222539f6afcbea6512a3a714251d643fa6bfe59b28fc95c4bb4e77a374e9dc.jpg,rgb,471,40,724,1145,253,1105,194118,2315e8de20130e23d09571318dbcb98fdc5983816aea31982b5625fd2b8acc21,cutouts/19222539f6afcbea6512a3a714251d643fa6bfe59b28fc95c4bb4e77a374e9dc.png,,OK,accepted,
1956bda85b04cd16b57ea172dfbc56f6e4550f329fdef33423ecf72fe6bdf156,7896902288799,train,e51c86bd2c9944cf93707a0444b75f4badc72a74c8cd06b3424951d1f978b72b,images/train/1956bda85b04cd16b57ea172dfbc56f6e4550f329fdef33423ecf72fe6bdf156.jpg,rgb,499,162,701,1037,202,875,140339,85e7a661fe2aa2377b49e576b863e5607a2c6ea507ffdfae4074f16731fd0bd1,cutouts/1956bda85b04cd16b57ea172dfbc56f6e4550f329fdef33423ecf72fe6bdf156.png,,OK,accepted,
19b318faa2f9b7366700f8b42d753c16974842bac362095280dafe90a8321921,7790580151195,train,e8c32f0beef2a8ff03a9c2717e6cf877bf3569aedb50dd047fb5893580cb5127,images/train/19b318faa2f9b7366700f8b42d753c16974842bac362095280dafe90a8321921.jpg,rgb,414,244,788,931,374,687,256345,ce1bcd8cc04d513b56772b65bebac6ed5fd891503379316f2297e88eb355a2f3,cutouts/19b318faa2f9b7366700f8b42d753c16974842bac362095280dafe90a8321921.png,,OK,accepted,
19cf04e83a980d61a09bff3cea3775b45b161c4b98e734fbf6cb6ef073ed552a,7779970870168,train,96ec77ff5878afad04b3c92e2adf643228051c5d8574f51e06d8b98aa1a7a352,images/train/19cf04e83a980d61a09bff3cea3775b45b161c4b98e734fbf6cb6ef073ed552a.jpg,rgb,335,193,865,989,530,796,260317,d8fe26a9686d8cfe6715ff0f84af49041c14eef0e79dd556bb0de57bbda113dd,cutouts/19cf04e83a980d61a09bff3cea3775b45b161c4b98e734fbf6cb6ef073ed552a.png,,OK,accepted,
1b96b37ba93481d47b0cfcb02e93d178121e6a3272bdf7b6c934dec249e57b9e,7898142866935,train,5fd149342bb2c35f12c769b9ae7f59d939d507ab750530b55d0ffc58b0c053bb,images/train/1b96b37ba93481d47b0cfcb02e93d178121e6a3272bdf7b6c934dec249e57b9e.jpg,rgb,70,453,1130,747,1060,294,253833,f442fb162c2b4abb69b4352f58d01189bada230966b2395783babe60fd303e59,cutouts/1b96b37ba93481d47b0cfcb02e93d178121e6a3272bdf7b6c934dec249e57b9e.png,,OK,accepted,
1bcf2152429fce6a8f2917a2c9eb2b92d5601513ba2973460f1a241cf48eec1b,7772919390468,train,bf904d5491f9e73f6b24d2d64063d11b4219d9a07c19045f1478cc928d6ba66c,images/train/1bcf2152429fce6a8f2917a2c9eb2b92d5601513ba2973460f1a241cf48eec1b.jpg,rgb,187,269,1031,939,844,670,424637,3183c64efc150c3be8aaaf2f5703c67508af0faf750497e483cfd3d39f27cb42,cutouts/1bcf2152429fce6a8f2917a2c9eb2b92d5601513ba2973460f1a241cf48eec1b.png,,OK,accepted,
1bfac3b10ddb1dc792a8f2f2625d0363324f0b852fc60fc80a649013148c180d,7896023012471,train,50c7ac50881f17881a398a04bb339cf95b25fa54a83c9895e828a424b9ec2c7e,images/train/1bfac3b10ddb1dc792a8f2f2625d0363324f0b852fc60fc80a649013148c180d.jpg,rgb,474,180,728,1135,254,955,150560,44ec58a3bacfbdbed1fe91d503d7af338f9ea56c7e371c71b6762c9e075c4334,cutouts/1bfac3b10ddb1dc792a8f2f2625d0363324f0b852fc60fc80a649013148c180d.png,,OK,accepted,
1c4dd752598ee953b8712f99e5ebf163666284a1a8941acd96389c4b2bf49a89,7899808880357,train,0765dafdc6abbf7bac4dadafebff48257ec978ddafb61cb7fd9931aa88b12399,images/train/1c4dd752598ee953b8712f99e5ebf163666284a1a8941acd96389c4b2bf49a89.jpg,rgb,298,147,904,1053,606,906,255987,ece11ced4763035a6c571535c6909ac4407ca80c3a3d107b74971dac628a327b,cutouts/1c4dd752598ee953b8712f99e5ebf163666284a1a8941acd96389c4b2bf49a89.png,,OK,accepted,
1c74c3d5a2f13e995c28c86431a02f5d0de06425f8b13ec269562f47a246ae31,7771228000099,train,fc3351ce16ef80c21720c9f8305cdaff7636192a7b4d3b73a4efc1d29e2c3952,images/train/1c74c3d5a2f13e995c28c86431a02f5d0de06425f8b13ec269562f47a246ae31.jpg,rgb,334,199,852,1055,518,856,400489,b4eac190636d1d600b1845d9a62d0cbd2f869b4dd013b553efee927e0b7e65ea,cutouts/1c74c3d5a2f13e995c28c86431a02f5d0de06425f8b13ec269562f47a246ae31.png,,OK,accepted,
1cae6a5daad48f354d96931ee35baad6e22a4e3bb204d11068a78c423bb5e7e7,7896902289529,train,f8b47cb10d4be53d7fabbf17b3a9f58d5c595fa272600daf2afefe2371eced9e,images/train/1cae6a5daad48f354d96931ee35baad6e22a4e3bb204d11068a78c423bb5e7e7.jpg,rgb,420,121,773,1078,353,957,281381,a04a65f7ba8347e8cc3cc9bb05a1a0053d5880ff2239ed9b9051e06c7862dfc4,cutouts/1cae6a5daad48f354d96931ee35baad6e22a4e3bb204d11068a78c423bb5e7e7.png,,OK,accepted,
1cc036cd41d5b05c919636f12c13eb7dac5247d712c182a341046d9342455d1e,7896451912480,train,dfb798159dceceb77651cd17b6e7267b59d76ffa0f8d6f1111f8621328b6d962,images/train/1cc036cd41d5b05c919636f12c13eb7dac5247d712c182a341046d9342455d1e.jpg,rgb,372,153,832,1058,460,905,378446,a7fd343d95fd275503644d1d98e5af175a2ccb1874b14b0712ee61a961b9d5ae,cutouts/1cc036cd41d5b05c919636f12c13eb7dac5247d712c182a341046d9342455d1e.png,,OK,accepted,
1d3bcd51af0dedeffa9a8e434a91757aad70a02f88cb7ef6f4c240897527d38e,7770109060016,train,2b50568afda13c8fc2975c9b84e9f1b662978bc3bc3cfbf126193ef2d939a78f,images/train/1d3bcd51af0dedeffa9a8e434a91757aad70a02f88cb7ef6f4c240897527d38e.jpg,rgb,285,189,937,1031,652,842,447538,2619351f50b964210821858fa90343bfc82e484ac07209228bceea288d92d7ee,cutouts/1d3bcd51af0dedeffa9a8e434a91757aad70a02f88cb7ef6f4c240897527d38e.png,,OK,accepted,
1d8846529ca40105f0c9503184670a1b75a452a0b78d1b206c77c9207534ba11,041554098389,train,bd30eb8f77e56cad10044c48038c50059085ec76e14f6a21664b5bd4c2f3df51,images/train/1d8846529ca40105f0c9503184670a1b75a452a0b78d1b206c77c9207534ba11.jpg,rgb,468,140,731,1061,263,921,188867,ad138d31526b4573e3d68a39c6145e7ff17995fbdf680a30f47379b67e348335,cutouts/1d8846529ca40105f0c9503184670a1b75a452a0b78d1b206c77c9207534ba11.png,,OK,accepted,
1db2e2e7a415726f2fd955d29d0b54a3bc097e7d49b1a4560c1025712a0f9b28,7896451916709,train,8dcf8d015526469cfca4475dcbda5a5de181bba69ed6b3a5c45b9fb0634f8201,images/train/1db2e2e7a415726f2fd955d29d0b54a3bc097e7d49b1a4560c1025712a0f9b28.jpg,rgb,267,169,916,1070,649,901,495191,d5172f29df7ce58f0e31bfa2846bb0734b8956242695518c5ea7ab9f801ecfba,cutouts/1db2e2e7a415726f2fd955d29d0b54a3bc097e7d49b1a4560c1025712a0f9b28.png,,OK,accepted,
1e427c4167a9777092b3648045a6c958ec219f81f95bda3e73b4ac96ef64c344,7770000850044,train,aa7171dfc0fb210b4566afe47df950981991c251174fbcc613a95defe11d86ad,images/train/1e427c4167a9777092b3648045a6c958ec219f81f95bda3e73b4ac96ef64c344.jpg,rgb,222,246,986,921,764,675,349759,3856a8e3d0c3a11df58478e5235ee26f566afa4df5d2cb5116ad5603dca92617,cutouts/1e427c4167a9777092b3648045a6c958ec219f81f95bda3e73b4ac96ef64c344.png,,OK,accepted,
1f9ec91e85158cc623fee91969a4254a7ae053215945958c0f6a03eb243d2d16,7771260681676,train,b2da85ec588e75bd0be6bbd32c736622cc6068a7f086ab0d09be19e78627874a,images/train/1f9ec91e85158cc623fee91969a4254a7ae053215945958c0f6a03eb243d2d16.png,alpha,0,0,1070,231,1070,231,86364,9822fcf2151d2b85183368f1620a72adb953f2fbd4b97edbcf760ea8ce3f8981,cutouts/1f9ec91e85158cc623fee91969a4254a7ae053215945958c0f6a03eb243d2d16.png,,OK,accepted,
22d85b1952faf972b5cabd178e14cc782eac9ff71361f9191a28f753bc8b9082,7861087802597,train,c294dc07629c6523d5f92f73f121c811beadd76a466a4387cbb075c0ff6edad0,images/train/22d85b1952faf972b5cabd178e14cc782eac9ff71361f9191a28f753bc8b9082.jpg,rgb,344,60,794,1118,450,1058,365774,1fae9f503e16b3476f280315d08e0368ebc6466927e72553ea00f61b8e1892fc,cutouts/22d85b1952faf972b5cabd178e14cc782eac9ff71361f9191a28f753bc8b9082.png,,OK,accepted,
22df33e59fe22a8924894a4ac34a3ef8d8d0a1a674ee61642550f48518fdad5e,7506306252837,train,48f4739e75707f3bf9b44159aef8859aa51bbaad865f9130ce9f99b6458c836a,images/train/22df33e59fe22a8924894a4ac34a3ef8d8d0a1a674ee61642550f48518fdad5e.jpg,rgb,415,37,782,1163,367,1126,192385,50007ae77eb0f263211156d92b723b4600e1b07258cbf8a5bd974027d6cf26da,cutouts/22df33e59fe22a8924894a4ac34a3ef8d8d0a1a674ee61642550f48518fdad5e.png,,OK,accepted,
233027468dcbc64624b628e18b159ffe09d51326aa4c4b0309c77b0f86bc50d8,7771612001398,train,32b9707709be5a8068431abff96a967ccacecd595f06af30b30a5dfa02bd6abf,images/train/233027468dcbc64624b628e18b159ffe09d51326aa4c4b0309c77b0f86bc50d8.jpg,rgb,312,151,916,1073,604,922,532482,a92dc814c610d2a0444fec0f44542cb898b9e6e9bdbcaef54aef0d415c4b49d4,cutouts/233027468dcbc64624b628e18b159ffe09d51326aa4c4b0309c77b0f86bc50d8.png,,OK,accepted,
251a162f2268746e5aa5ebbde3750df992601e43e580443ddc7a5bd58b040670,7798178800685,train,2be3cd98510e0f7be28ffd399770c982ca4a512c7c2f76ee2679408970e94ac4,images/train/251a162f2268746e5aa5ebbde3750df992601e43e580443ddc7a5bd58b040670.jpg,rgb,238,145,944,1046,706,901,586892,833adc20f73aee2411692c2533272db11f7ade82d6663ad60bbde9fccee82d04,cutouts/251a162f2268746e5aa5ebbde3750df992601e43e580443ddc7a5bd58b040670.png,,OK,accepted,
251d88d72344db6bf4bac6fcbfa0798a18ae8a58a27c7b739453aa27178ad2d8,3501112,train,06b9e9678c13fff72ac7e6f6ecaaf4ffa28f5d451bd3b4391fced7884409a1ef,images/train/251d88d72344db6bf4bac6fcbfa0798a18ae8a58a27c7b739453aa27178ad2d8.jpg,rgb,166,115,992,1076,826,961,219687,9190ae700ce717eeb8d90cc3cc64616b4772a680db5749489058449d751ed8ab,cutouts/251d88d72344db6bf4bac6fcbfa0798a18ae8a58a27c7b739453aa27178ad2d8.png,,OK,accepted,
2592cf432c5b1a976caf2cb0ddc366106682acfc6fd7484e4ee2c61113e1b9b5,7896115703560,train,278d7b9ae92240589523b9b33833be01cab9568d296fbbb51345847f138e42aa,images/train/2592cf432c5b1a976caf2cb0ddc366106682acfc6fd7484e4ee2c61113e1b9b5.jpg,rgb,447,187,777,1037,330,850,249704,36b1ab1800cba7e35460c339e05ebbdf7b7b4ae2c9eba9c46c6dc3f5bce98e94,cutouts/2592cf432c5b1a976caf2cb0ddc366106682acfc6fd7484e4ee2c61113e1b9b5.png,,OK,accepted,
25fc98b36014da7d1d56cf29b15143a85551e2a160a95a1510349d53b2415a32,7771259758112,train,37cefe0fa2b1e7c91e652d01f5c593189dfaffa81ea27d2591e6d33a81e8c841,images/train/25fc98b36014da7d1d56cf29b15143a85551e2a160a95a1510349d53b2415a32.jpg,rgb,304,178,878,1009,574,831,413368,15b9819ffcf8e2bc4ae23dcadc67f70b1651789f99254443afd847c3b2d0fc92,cutouts/25fc98b36014da7d1d56cf29b15143a85551e2a160a95a1510349d53b2415a32.png,,OK,accepted,
27241ed37e52a5c20bd9afd9a175c114c7bb928f0b0d8c16fd55ee15c292d67d,6941696111394,train,7e56591a89ab18ab94b1d368d00278d78f3539ea885e22fb23fde181b8f30f02,images/train/27241ed37e52a5c20bd9afd9a175c114c7bb928f0b0d8c16fd55ee15c292d67d.jpg,rgb,446,93,828,1147,382,1054,378887,7eb6ccc76d21dda8bd6abf7f4f2e54c79017ec03b30f7de9c53bf68043749d0c,cutouts/27241ed37e52a5c20bd9afd9a175c114c7bb928f0b0d8c16fd55ee15c292d67d.png,,OK,accepted,
2887264aaa3d682b7ffbcebe01b5dbc4eb0c5e8153ef2446cfa5ca16ae131a08,7896902288140,train,75441d7cd1db53c1a75661c78229e96c8c59183a47887b187e3217d207fbc6ab,images/train/2887264aaa3d682b7ffbcebe01b5dbc4eb0c5e8153ef2446cfa5ca16ae131a08.jpg,rgb,428,195,771,1074,343,879,105415,74fefa688ea9fba41a59f710b348c142b782deba9bf42e8608da7a7f4300a066,cutouts/2887264aaa3d682b7ffbcebe01b5dbc4eb0c5e8153ef2446cfa5ca16ae131a08.png,,OK,accepted,
2896726c24249a72b2a7cf556e37ec3a575be7a3f0b1d0a6eadab4b31b48ac8c,7798186031750,train,0bc64040f25b4c6fce66cd37fea82811e1afc3fc09ba41590c0d215e0f72a693,images/train/2896726c24249a72b2a7cf556e37ec3a575be7a3f0b1d0a6eadab4b31b48ac8c.jpg,rgb,236,142,965,1072,729,930,583789,0926b2b372e2771cfa87b6c1b06a5a3a08ef0f36af02ea62f0d6ffe66605e5e6,cutouts/2896726c24249a72b2a7cf556e37ec3a575be7a3f0b1d0a6eadab4b31b48ac8c.png,,OK,accepted,
28e5857d198785a8b5c002d27231202ab6350574541de2e28698551d72fe1c11,7793742003431,train,901a383f38db2edc695fe4213ac2a414ec928c926b891109279dde88896c7c2e,images/train/28e5857d198785a8b5c002d27231202ab6350574541de2e28698551d72fe1c11.jpg,rgb,371,58,829,1160,458,1102,380325,334efa278a8d8ea26e02a21bede7a5a7b67cbe52829fd8c5fc3137c106a44f72,cutouts/28e5857d198785a8b5c002d27231202ab6350574541de2e28698551d72fe1c11.png,,OK,accepted,
2a11bbb86bb1a1084f464575f4ae999c8beee38d964aa14079e3762082d23dfb,309975424041,train,4b2b3e5f5aade04c74d89ee83d02fcb07702544c4c18ee929700a1094326e4ee,images/train/2a11bbb86bb1a1084f464575f4ae999c8beee38d964aa14079e3762082d23dfb.jpg,rgb,153,151,1054,1053,901,902,638942,90a4003f65d437d5b900755a11800868948bcf90d9f771f35c23df18f307f3b2,cutouts/2a11bbb86bb1a1084f464575f4ae999c8beee38d964aa14079e3762082d23dfb.png,,OK,accepted,
2b53956d73c061eab11d5c25d3ccc72b6e595471f2e96a9591544779699a2126,7896183905682,train,0b4459bb3cc0e9c8bad776c45fca4060bf7eab8626ef071da49283d070db04df,images/train/2b53956d73c061eab11d5c25d3ccc72b6e595471f2e96a9591544779699a2126.jpg,rgb,121,240,898,765,777,525,377807,742380ff8d2a56f8c9b78923b9b10ee8db1278f99d6a7d3518e95ea8382056b3,cutouts/2b53956d73c061eab11d5c25d3ccc72b6e595471f2e96a9591544779699a2126.png,,OK,accepted,
2b7b520d7b24b391020914c599083cc10f208be33ad090a6e03605c24d5679ef,07896058595307,train,16e6b106a07e573bb3c124d9724948a2312a8e0ccf9a5d672ff0c1679382add7,images/train/2b7b520d7b24b391020914c599083cc10f208be33ad090a6e03605c24d5679ef.jpg,rgb,370,119,831,1081,461,962,392371,85e8c3ceddc3e55a73f2cc17e33de48cb390635ffa008b823086a52da23431a9,cutouts/2b7b520d7b24b391020914c599083cc10f208be33ad090a6e03605c24d5679ef.png,,OK,accepted,
2c06fa03a4c13b934b13b9fb126c6487432488c6a5655ec0ad3391d237cbcd6a,4059729521941,train,d87e9c7520d50a5f93af7a8cf3df29aba6be00fe4381d93bd37d67e0edbc17be,images/train/2c06fa03a4c13b934b13b9fb126c6487432488c6a5655ec0ad3391d237cbcd6a.jpg,rgb,433,148,766,1051,333,903,156861,cd154b344f80ddb5a8a924d29206f34d952ddd7d0e9380f47de2fce6754c228d,cutouts/2c06fa03a4c13b934b13b9fb126c6487432488c6a5655ec0ad3391d237cbcd6a.png,,OK,accepted,
2d0b96e197e174652d69ade4a81692c1acb4681a0ead3cd8cddc797835fd3ae1,7891991305679,train,b79ac1bf124ebdd36373f4edba6582ec73990e975fa50f2fd72eba028a5ba883,images/train/2d0b96e197e174652d69ade4a81692c1acb4681a0ead3cd8cddc797835fd3ae1.jpg,rgb,472,132,703,1034,231,902,141481,94f29f1261b7d2a98438ec0206c83819952073becb427df87f22869870722a69,cutouts/2d0b96e197e174652d69ade4a81692c1acb4681a0ead3cd8cddc797835fd3ae1.png,,OK,accepted,
2d38b1398db501e21f9b12f2d40eeb664d95908d03bbb7f95bd5527ce71a2ab1,7804621470814,train,3b5a2ae7158bfe2e7542a6179d6d3a3e832387c97d6f79ea939caa97025ef21a,images/train/2d38b1398db501e21f9b12f2d40eeb664d95908d03bbb7f95bd5527ce71a2ab1.jpg,rgb,167,273,832,720,665,447,261175,9f55a81227fc36c146a1173911bf48793bd7044ec4f2aabdbaefdd212d83a212,cutouts/2d38b1398db501e21f9b12f2d40eeb664d95908d03bbb7f95bd5527ce71a2ab1.png,,OK,accepted,
2eaefd293d5201c4dde82fd67a128c4aec890f32a6c36ca14b489bade1b54d79,7770000420032,train,5f9d5c76d5f27d505c992ba3cf4b6ce775f4863a4f51a397c76e1a4cc6c82352,images/train/2eaefd293d5201c4dde82fd67a128c4aec890f32a6c36ca14b489bade1b54d79.jpg,rgb,425,165,774,1034,349,869,258264,178cd04d61397cd645e66d60c644b3e4ba55691f60d09f0af760d8eb3a30bf97,cutouts/2eaefd293d5201c4dde82fd67a128c4aec890f32a6c36ca14b489bade1b54d79.png,,OK,accepted,
2ec21d6413ce62d521fbf9f31175dd04f01ac34ae37634a1fb04ff0d316f483b,7896451908377,train,cfd82d8e7943358f96a30eba9e151b4f9bd3ca9b94f5e4dc339fc6a53e6e81d8,images/train/2ec21d6413ce62d521fbf9f31175dd04f01ac34ae37634a1fb04ff0d316f483b.jpg,rgb,272,479,928,708,656,229,146809,07e448317bc934731a57ef73f8ff7755d811c53d5890643419aecc8718487d99,cutouts/2ec21d6413ce62d521fbf9f31175dd04f01ac34ae37634a1fb04ff0d316f483b.png,,OK,accepted,
2ec9ae036c75da6b9d5e80a4f2aab133ecebe3ec149357dea266f99e6b3a2738,7891151039598,train,314d91d5fb0f5109111787f0b4e106b179dbc9afc7eaa071c3a12fe09bb9c868,images/train/2ec9ae036c75da6b9d5e80a4f2aab133ecebe3ec149357dea266f99e6b3a2738.jpg,rgb,100,500,1104,689,1004,189,152610,2c75e46ffe2dd13c9010446f96db76c2165c00d7d0bfda7756de27c59776ced3,cutouts/2ec9ae036c75da6b9d5e80a4f2aab133ecebe3ec149357dea266f99e6b3a2738.png,,OK,accepted,
2ef077a2c5d211a74a63593d9bf73c7d456d4ce849762a15bf379419af440a57,7779604240022,train,e356a7fbd58094531ebb943cd6c0c91c6e3b9b8f84638de5d6c609d02eb5efd2,images/train/2ef077a2c5d211a74a63593d9bf73c7d456d4ce849762a15bf379419af440a57.jpg,rgb,342,168,881,1051,539,883,346585,e892750af37404b97ebb7924513984d764f7f9fc18e36e4daa37ac1c07c2da95,cutouts/2ef077a2c5d211a74a63593d9bf73c7d456d4ce849762a15bf379419af440a57.png,,OK,accepted,
2f2eb91c0606ac1f6d2651f96b6e8798be963285d3cfabf036fe0ed5098755ba,7896183903527,train,61fb70a9b6879af36dedf000bd92ada2b51d67806d17d3b73308c18a033f0ac2,images/train/2f2eb91c0606ac1f6d2651f96b6e8798be963285d3cfabf036fe0ed5098755ba.jpg,rgb,409,114,588,884,179,770,109889,6285091ea4746f3444ca181be700a8ccccfc1bbeadd86a5b2bf10c4662c32cea,cutouts/2f2eb91c0606ac1f6d2651f96b6e8798be963285d3cfabf036fe0ed5098755ba.png,,OK,accepted,
2f34fcb287cddd78f5acf1327f35d5d7764ef58f5103369f35e3867ae715059c,7841503031640,train,7322aca111d275c335b1f6166ff69b9f30a63fdf9e6000f364341a3d92b29b49,images/train/2f34fcb287cddd78f5acf1327f35d5d7764ef58f5103369f35e3867ae715059c.jpg,rgb,144,433,1060,767,916,334,289925,70f7d40156b75dd3bfc4b63305158ca83ecf607b14dfde9848863ceac673c9e5,cutouts/2f34fcb287cddd78f5acf1327f35d5d7764ef58f5103369f35e3867ae715059c.png,,OK,accepted,
2f3c54d437c3e6d61f9b7917c59de3b54a0a2e7c67de1e6deed8e764e9098b90,7779970830032,train,0e1ff437eade0317f1a5086c1654a9f555bb8404266ab64edab129d2a7caa5df,images/train/2f3c54d437c3e6d61f9b7917c59de3b54a0a2e7c67de1e6deed8e764e9098b90.jpg,rgb,287,84,901,1116,614,1032,502125,f5f7e40d986d9eb93bb30b1529d2cbf3bea6f01785b2672745981a4df975648e,cutouts/2f3c54d437c3e6d61f9b7917c59de3b54a0a2e7c67de1e6deed8e764e9098b90.png,,OK,accepted,
2f598090a8d16fb504b9339ea3b04ad015a2b1150fee5136ea72068591c2d59e,7792222004012,train,51686ab38f113bb0d208d325bc3fbcafd0d6a99968c6a7c9499c03858042b1b0,images/train/2f598090a8d16fb504b9339ea3b04ad015a2b1150fee5136ea72068591c2d59e.jpg,rgb,292,164,906,1035,614,871,403788,5fbcddea542d20497ac2ef1bbfc6b412556abb06b37c6b4175bd9cc7fc0a7f50,cutouts/2f598090a8d16fb504b9339ea3b04ad015a2b1150fee5136ea72068591c2d59e.png,,OK,accepted,
301775c3a7f7967d94a11625b457445b2089897ee72bbfbbab2eb05b65c82db1,7896058500936,train,9d0fe65103ccdf41a2958615d2a6583224a02f8ceb14a3e41d154cd666a12e19,images/train/301775c3a7f7967d94a11625b457445b2089897ee72bbfbbab2eb05b65c82db1.jpg,rgb,353,220,848,979,495,759,316568,a30dd71ce14cc27b6e14ecc841fecce17bf89baf35f3e3b6633bd5eb04547f9f,cutouts/301775c3a7f7967d94a11625b457445b2089897ee72bbfbbab2eb05b65c82db1.png,,OK,accepted,
301e9aaddf8d75deee4b5447aa0ff6c594513c4567e8e57170d228ced0da40bd,7798186035215,train,ab0c623d5de9de51726ae1b53821856ddae236aaa9845c6521f4eb8b7787323d,images/train/301e9aaddf8d75deee4b5447aa0ff6c594513c4567e8e57170d228ced0da40bd.jpg,rgb,399,160,800,1040,401,880,345248,b0187f19360eab6e3b4f0c88c29ce2dc3116ac4427045ab1cc47ddf0c1592ea0,cutouts/301e9aaddf8d75deee4b5447aa0ff6c594513c4567e8e57170d228ced0da40bd.png,,OK,accepted,
30bf7049fdbeb967ac121a010ab3a0136886c87ba264c207fd9676243db5af90,7509552961850,train,439505b75dd905ea513d900a5a4875f514e09617fc40b0b337d981a0ce6ec0e2,images/train/30bf7049fdbeb967ac121a010ab3a0136886c87ba264c207fd9676243db5af90.jpg,rgb,412,183,793,1030,381,847,164946,a700a34ede3fd8864b630a294f726c4a1d9a2a716fd185927387f6e56c91b92c,cutouts/30bf7049fdbeb967ac121a010ab3a0136886c87ba264c207fd9676243db5af90.png,,OK,accepted,
3193a19eea1abfbed1d754cc1c7a3c006cdb4178bd869b3e62860cf06dca7226,7798178801637,train,8bcf1ebd21cd772529e3a77ea9d4183b7091efde4aad63ae9effb74dd4c04b49,images/train/3193a19eea1abfbed1d754cc1c7a3c006cdb4178bd869b3e62860cf06dca7226.jpg,rgb,67,509,1127,693,1060,184,160500,dc1fbc369b29718632a667e7a6fc214ce3fc9f673cfa0ecfd05b6dd384dc4cc1,cutouts/3193a19eea1abfbed1d754cc1c7a3c006cdb4178bd869b3e62860cf06dca7226.png,,OK,accepted,
31c96471fa7eafbcc558ae5e2c1f88ca5a4a1f96ed7f0bab19f4d1ce5d1af348,7791293050126,train,a52287010939e69f7215ec80f0c16e464224b1f5340caeb68ecd7900fb0f70fa,images/train/31c96471fa7eafbcc558ae5e2c1f88ca5a4a1f96ed7f0bab19f4d1ce5d1af348.jpg,rgb,483,127,716,1072,233,945,182731,5eb875c0a18f9f119093e91f03c796a8e45664742068886f4b57d81ace25d2e6,cutouts/31c96471fa7eafbcc558ae5e2c1f88ca5a4a1f96ed7f0bab19f4d1ce5d1af348.png,,OK,accepted,
3370197f25f86cd1ee0341e43ed91799c02d707b82c4a6075e36550cbb46ac15,07896058595314,train,3e366ae936696b51a662028a1f57fd66e94181badca5316e316f23330b52939b,images/train/3370197f25f86cd1ee0341e43ed91799c02d707b82c4a6075e36550cbb46ac15.jpg,rgb,354,87,847,1115,493,1028,445355,0018bab697b336bbb686179b03e070d40075dbfc6ef83614648bba126f1b1c5e,cutouts/3370197f25f86cd1ee0341e43ed91799c02d707b82c4a6075e36550cbb46ac15.png,,OK,accepted,
337d3ddff550d31fbc8cbc6dd6dc7627940c9785f656a454e1ea1e7cdefd14d5,7792222004005,train,7261bffdf88d148e79eca13400f704ae4abeaa645de68431e86ab903a544dbb4,images/train/337d3ddff550d31fbc8cbc6dd6dc7627940c9785f656a454e1ea1e7cdefd14d5.jpg,rgb,294,164,906,1035,612,871,488389,3763ab9166caa2ff0c0b7625847fef0464c0a580312149c5234a038093dd9f91,cutouts/337d3ddff550d31fbc8cbc6dd6dc7627940c9785f656a454e1ea1e7cdefd14d5.png,,OK,accepted,
338f4fc16294ac23df6e35357fe401c49e45077040e63bbf3cb3b3433b677d11,7891010255725,train,3b5d8c987cdf9536dd970b16100aa045e99c3d6b3b9969326cce307c73c6c0fa,images/train/338f4fc16294ac23df6e35357fe401c49e45077040e63bbf3cb3b3433b677d11.jpg,rgb,137,256,1069,942,932,686,602009,6eebedf18c5d6550ad62078ee3466d11a4801eed9bd886711d20f70ea2e77747,cutouts/338f4fc16294ac23df6e35357fe401c49e45077040e63bbf3cb3b3433b677d11.png,,OK,accepted,
356e0c0cc388f690fa87e994c31faeca4269f92a8bdb20c49daf3438b470ffd6,091000004624,train,a1ac63318c32cc886068b32f6aa3b027509aca9d9367bd7659db7dbc932a1db5,images/train/356e0c0cc388f690fa87e994c31faeca4269f92a8bdb20c49daf3438b470ffd6.jpg,rgb,411,217,806,961,395,744,154103,19c2d0414403b977ea5ed6478942c29d9673bd985eaa8cff569e0b3aad442f55,cutouts/356e0c0cc388f690fa87e994c31faeca4269f92a8bdb20c49daf3438b470ffd6.png,,OK,accepted,
35cac6800e685d90725af3cdfdb54f3ac2cad8c67d30e881f92b97769f266017,7896150020226,train,32f0794eecc538cd3de03c7098fa537f12e3199b54c5b1a6bb5862b82fedd241,images/train/35cac6800e685d90725af3cdfdb54f3ac2cad8c67d30e881f92b97769f266017.jpg,rgb,156,239,1060,980,904,741,645548,c8c87a0811170bb7bfa1ec60d0acc65e056de80efe12d4db55a214130a08222e,cutouts/35cac6800e685d90725af3cdfdb54f3ac2cad8c67d30e881f92b97769f266017.png,,OK,accepted,
35e2b063ce49e9853195f4b5f25c562a3c5c9f22f51e8cefdaf90e8bfbfb2634,7773435930268,train,cbddf3a6b80463500b95496e8ccedc21bd2e64c1d224b5da5955d77fbde3aeca,images/train/35e2b063ce49e9853195f4b5f25c562a3c5c9f22f51e8cefdaf90e8bfbfb2634.jpg,rgb,437,77,741,1109,304,1032,248987,ccd6d2c4309037bbb2eac684e3724ffa5a78110d0462c806eeed2081a2cc6475,cutouts/35e2b063ce49e9853195f4b5f25c562a3c5c9f22f51e8cefdaf90e8bfbfb2634.png,,OK,accepted,
372dfe932fd01c3392b2b09af7ca84c38287c986f4f922c2b3980358f94d3850,7770109841318,train,d5dd30fabc4f0117420cdfe587e611373280bc7ab68a682da31c56512f142560,images/train/372dfe932fd01c3392b2b09af7ca84c38287c986f4f922c2b3980358f94d3850.jpg,rgb,135,269,1063,914,928,645,242273,686fce4e09e7b5cab36c5c669218e02ed7109751ccdd3564da9114c9c9ef5f27,cutouts/372dfe932fd01c3392b2b09af7ca84c38287c986f4f922c2b3980358f94d3850.png,,OK,accepted,
3750f6b080ba7b6fb950259781b93566d057338664b5d2d3b280a21f11f0c804,7771257081236,train,3e757cc8541705e60bb5a3f34626a1399f76811e3576a733bff0d4723326e60f,images/train/3750f6b080ba7b6fb950259781b93566d057338664b5d2d3b280a21f11f0c804.jpg,rgb,301,126,896,1080,595,954,502509,8c71f38dce3846b67cb5ee1a8af97eab194576c197419e13e378346dca635397,cutouts/3750f6b080ba7b6fb950259781b93566d057338664b5d2d3b280a21f11f0c804.png,,OK,accepted,
375ee9a5e650ce19eed9ec50c4d9539b1e284ca9f094c3440c5acc4bad31c47d,7509552961874,train,06380846d56a5e4443c564f6d7dcfd2f00d8929d4a68b173df902e6936852548,images/train/375ee9a5e650ce19eed9ec50c4d9539b1e284ca9f094c3440c5acc4bad31c47d.jpg,rgb,416,194,787,1011,371,817,154150,dad0d2c03162a4b9de580a64b5f6ad1f53905c6b3c7f7495c69362a551f5e149,cutouts/375ee9a5e650ce19eed9ec50c4d9539b1e284ca9f094c3440c5acc4bad31c47d.png,,OK,accepted,
3810a32143561eae69b22488a83545f8d821ff71e1313b350e572bc84dbf95c9,7779970831183,train,a1133d8963656fe7e80799ff5641359a05aa1254c36ccabbc6a9505f134a0495,images/train/3810a32143561eae69b22488a83545f8d821ff71e1313b350e572bc84dbf95c9.jpg,rgb,347,151,855,1044,508,893,345734,954a2b39dd483d6a577d63e6b29a1d2a0d2b2d6cbee5cd21253f3daf042cb9df,cutouts/3810a32143561eae69b22488a83545f8d821ff71e1313b350e572bc84dbf95c9.png,,OK,accepted,
385c18d24dad77aa725a934d239bf2b744fe8b4cb9408ae86d610f348f58fa3a,7772314690040,train,33fbcdc377e201e14ba20545f762d5d4c82892f9149bc461f1701d9d37ef4957,images/train/385c18d24dad77aa725a934d239bf2b744fe8b4cb9408ae86d610f348f58fa3a.jpg,rgb,257,180,948,1035,691,855,538829,a7f8fdb54ac963acc9beb00991c70762931eacd39bd8d0b5452296b6bee9c6f8,cutouts/385c18d24dad77aa725a934d239bf2b744fe8b4cb9408ae86d610f348f58fa3a.png,,OK,accepted,
39223f1dfd3994a8fdfd0c0615056eec0aadff37e25f889ccf5dd2e8ae0781d8,7702007243628,train,83767228d8b7f4964b69d112763971a8a8a456f20aba319bd1e02066b6a59ec9,images/train/39223f1dfd3994a8fdfd0c0615056eec0aadff37e25f889ccf5dd2e8ae0781d8.jpg,rgb,212,112,778,898,566,786,379234,f6e259552ffc326b700dd706a2e9f4a36e58a045f80b2794c021a135505d3e3e,cutouts/39223f1dfd3994a8fdfd0c0615056eec0aadff37e25f889ccf5dd2e8ae0781d8.png,,OK,accepted,
3997e2e02b217f2395b804f59383691ddcd2fbfe979f040cba4e3f307f12b632,041554098297,train,111ee41040a159a3588cf8ef75ff5e795b597844e06717e9097dca3cecd63c1f,images/train/3997e2e02b217f2395b804f59383691ddcd2fbfe979f040cba4e3f307f12b632.jpg,rgb,469,141,730,1060,261,919,186886,0e1c033698872e367e6b6a89de9b8ac5640a3bf41216cbd3309aef315d8c8408,cutouts/3997e2e02b217f2395b804f59383691ddcd2fbfe979f040cba4e3f307f12b632.png,,OK,accepted,
39f1583a14a95c15d76678ca7cc975fe0f713fe75986703cb7267481b45219c4,3501111,train,63455251accaffa8b0e7f30044536a3afc42be450c8f1f923a48849bdb64ac81,images/train/39f1583a14a95c15d76678ca7cc975fe0f713fe75986703cb7267481b45219c4.jpg,rgb,166,115,992,1076,826,961,224262,26191b77fe6b9843b4afbde7d43f2ebc7c97aebf48f631885299c96add8e393e,cutouts/39f1583a14a95c15d76678ca7cc975fe0f713fe75986703cb7267481b45219c4.png,,OK,accepted,
3b39fec1da8be175bb55bcb18ff903cdb89223800d8d67d93a8babed2f40a1e0,7774904408905,train,3cba3423ceb340bad7c3a82ddbc511082ee9695ddadb18caf4813c622ab4a506,images/train/3b39fec1da8be175bb55bcb18ff903cdb89223800d8d67d93a8babed2f40a1e0.jpg,rgb,375,152,814,1062,439,910,283775,23c4fec769009ddf2c42139c7d7b753e188e34f5271d6b864889e368dd34e773,cutouts/3b39fec1da8be175bb55bcb18ff903cdb89223800d8d67d93a8babed2f40a1e0.png,,OK,accepted,
3c4eaa9e3b236616d3e7b0556822e69ad4e3c4a092373296eb833e8bbdffe9ba,6942108429816,train,b76555f9af21d21a979c439f32a9b09839ece81ed7b168d7a3fd73f10cc5d490,images/train/3c4eaa9e3b236616d3e7b0556822e69ad4e3c4a092373296eb833e8bbdffe9ba.jpg,rgb,344,167,838,1046,494,879,366904,2027e0dffbb4a0d80413586da497074b18b95cb1a1b79fcc86cacbbc0e1b863c,cutouts/3c4eaa9e3b236616d3e7b0556822e69ad4e3c4a092373296eb833e8bbdffe9ba.png,,OK,accepted,
3d13b6b092184a7e15d2e119af6c1dde6b04eae6d4f09aba33d4f50dd1d8253e,7840185788545,train,163006cff91201685edcec9de002f41a8c90eaaf4c8e974361d072530af599bf,images/train/3d13b6b092184a7e15d2e119af6c1dde6b04eae6d4f09aba33d4f50dd1d8253e.jpg,rgb,360,132,847,1062,487,930,418003,c32fe64ed1fd210b366a3800f04b3a68a1d19c6ce991a959defb77a68dd5de19,cutouts/3d13b6b092184a7e15d2e119af6c1dde6b04eae6d4f09aba33d4f50dd1d8253e.png,,OK,accepted,
3f1adf15486861c2ff86cf7df1be2cb3480c39bbad35a30869bd2a1c9ba958dc,080100005549,train,25e0ab9f593d2a46b46ef1dd2673157d8df4e532e6d3d72c84f9318bff7f87bb,images/train/3f1adf15486861c2ff86cf7df1be2cb3480c39bbad35a30869bd2a1c9ba958dc.jpg,rgb,370,132,850,1038,480,906,226205,a5e02ba4d3e415a12c1d7bb08a048e80384ae2f8d7ed8b51b2de1d0802c39de1,cutouts/3f1adf15486861c2ff86cf7df1be2cb3480c39bbad35a30869bd2a1c9ba958dc.png,,OK,accepted,
3fd2ab18c358761bf0c591b9b05d0b3c3be43359e9484bf7adcc2d2f40b03584,1200185061035,train,9b9b40bf64b3f54f876029a0020256c30127a93d32b32b7c55a64b075ab4c09d,images/train/3fd2ab18c358761bf0c591b9b05d0b3c3be43359e9484bf7adcc2d2f40b03584.jpg,rgb,384,141,882,1069,498,928,302672,77ffe52598a55d4106d190a3ed21bcf2190da4635d7b0b9081d92dbe0eceb51d,cutouts/3fd2ab18c358761bf0c591b9b05d0b3c3be43359e9484bf7adcc2d2f40b03584.png,,OK,accepted,
40233ca670301924cb971bfc99d656ade8883135c5da38977f3bc7721a68ef03,7773400003003,train,dcd97c797ee6b8bb2d076ff9209a3762049238ad66695a9a0a6af7eb6ca8bdff,images/train/40233ca670301924cb971bfc99d656ade8883135c5da38977f3bc7721a68ef03.jpg,rgb,260,155,947,1045,687,890,519350,fb99dab70bbcc03e633311df39ef7f5b0aa90f5c637320eea1ac4febcb68a386,cutouts/40233ca670301924cb971bfc99d656ade8883135c5da38977f3bc7721a68ef03.png,,OK,accepted,
40e355d92ab9dfe5e495dce6fa2bb7736a3559b36b0f13fd7a7e27fff2cc037c,7771259757993,train,278499cf9a991f017a908182cd49bcc1dd8dec37c1356946d9e83d13c084728a,images/train/40e355d92ab9dfe5e495dce6fa2bb7736a3559b36b0f13fd7a7e27fff2cc037c.jpg,rgb,93,191,1078,1011,985,820,582913,447557c08ddb51c09a6748c90e58605f78be83081e60f30624dd11221a94adb6,cutouts/40e355d92ab9dfe5e495dce6fa2bb7736a3559b36b0f13fd7a7e27fff2cc037c.png,,OK,accepted,
40eaa011322b070624a5b6a5c299556ea960c3b3668657101a37b1b1c0ab9418,7896058517521,train,33654e6d3ea982ffec91b51934ac0742e61ac9265e8d7bb8f1a579f46db673c0,images/train/40eaa011322b070624a5b6a5c299556ea960c3b3668657101a37b1b1c0ab9418.jpg,rgb,438,144,748,1043,310,899,256216,f392055918163e1b132b0f532b6b63a5f67410c6c22ad35a390f78da23e97b56,cutouts/40eaa011322b070624a5b6a5c299556ea960c3b3668657101a37b1b1c0ab9418.png,,OK,accepted,
410052c44c26da379720af42f288efd9e370be188044aff1239bb14f0afabf16,309970002626,train,be900200b0ff8023dac3f31bdc09144b5d2a8a5df347a674e91f146d4aee0c8b,images/train/410052c44c26da379720af42f288efd9e370be188044aff1239bb14f0afabf16.jpg,rgb,460,140,739,1055,279,915,242762,21be6a834380a3d2250295fb7abcf43a1bc33ed343add55607c91a0d0494b961,cutouts/410052c44c26da379720af42f288efd9e370be188044aff1239bb14f0afabf16.png,,OK,accepted,
41982bfe391a175312a62d01ed44bce312655458014e681ae6e090a705b43a9a,3501116,train,63455251accaffa8b0e7f30044536a3afc42be450c8f1f923a48849bdb64ac81,images/train/41982bfe391a175312a62d01ed44bce312655458014e681ae6e090a705b43a9a.jpg,rgb,166,115,992,1076,826,961,224262,26191b77fe6b9843b4afbde7d43f2ebc7c97aebf48f631885299c96add8e393e,cutouts/41982bfe391a175312a62d01ed44bce312655458014e681ae6e090a705b43a9a.png,,OK,accepted,
427aa762144b775939c7f531a3ae9f607e0a7b1332ecdadcb3673bb93313e8ac,7894904268283,train,4a188b70f6d526e110aec8cdebb42b47ee8417a02e1e1c9bdf7bea834f330850,images/train/427aa762144b775939c7f531a3ae9f607e0a7b1332ecdadcb3673bb93313e8ac.jpg,rgb,126,285,1059,947,933,662,459763,aa4d4ffd90109c8774e8dbf7c60a7140003a1fd6e5843bad80a4f4ff8bdfa475,cutouts/427aa762144b775939c7f531a3ae9f607e0a7b1332ecdadcb3673bb93313e8ac.png,,OK,accepted,
44bdc41b363c3933fcba00428da1e9c4952217139eff9387d62011d4e5e75462,7896058503005,train,6e90eca521692bedef3e33faa3ac67ba94dec1028e4e85a0fad316e15b5f28a5,images/train/44bdc41b363c3933fcba00428da1e9c4952217139eff9387d62011d4e5e75462.jpg,rgb,180,74,1020,1125,840,1051,778855,215b65caa170eb0fb94fa1f7a765648b6afd4d6069395212a99a264d90a09ddb,cutouts/44bdc41b363c3933fcba00428da1e9c4952217139eff9387d62011d4e5e75462.png,,OK,accepted,
45214371e9bede1df0567faeade496827e90ef870d4b5e2b69abf7e5e8308819,7771228000624,train,4d13f97b296fb6faf91c5af3cdcb3972a8e736d03e5de29bebdb19bab6967e2d,images/train/45214371e9bede1df0567faeade496827e90ef870d4b5e2b69abf7e5e8308819.jpg,rgb,355,160,828,1041,473,881,380048,85673830cd5a0b7c65f92e71bdae1bf39608d85b601503717bfd1b76b17840c4,cutouts/45214371e9bede1df0567faeade496827e90ef870d4b5e2b69abf7e5e8308819.png,,OK,accepted,
45cdc1d7b4d7ec6c79e5b6590524b711a4685d9dd2002e493ae300d2ed3c31c6,8412122034016,train,f00ebf5ac027054d95fe5d9155a64ec61055f81201e472330cbfb082cc4f2e65,images/train/45cdc1d7b4d7ec6c79e5b6590524b711a4685d9dd2002e493ae300d2ed3c31c6.jpg,rgb,397,231,799,972,402,741,142233,aa1049036b7480bfe58117e1ac837cc129e322ac221949cf5d8727a46b0587bf,cutouts/45cdc1d7b4d7ec6c79e5b6590524b711a4685d9dd2002e493ae300d2ed3c31c6.png,,OK,accepted,
45d31b28b53cb05f08cca2c6ea06d334a3c25bcb9f03d5ddc65f18271f2fc00c,7798186032368,train,e8b05b74829f9f4ab48640a152efb3248d5de574c8969c0505dabd0a22dcb7bd,images/train/45d31b28b53cb05f08cca2c6ea06d334a3c25bcb9f03d5ddc65f18271f2fc00c.jpg,rgb,237,106,962,1094,725,988,633493,2680d79656e518b879de04bb5f87224efa526feb1ba828453eac5e48ada2683c,cutouts/45d31b28b53cb05f08cca2c6ea06d334a3c25bcb9f03d5ddc65f18271f2fc00c.png,,OK,accepted,
460c0a289559560193858721c6f8163d864766b8c2b184a9c3dce077870eb014,041554098259,train,8677cf45f18356bb0253c4d337f032de000b843fcfd8f4f6befe3689a79278d5,images/train/460c0a289559560193858721c6f8163d864766b8c2b184a9c3dce077870eb014.jpg,rgb,527,150,674,1052,147,902,97532,1f7f7222ca529bf325297796890f448be5c8d900f240c984dd9575de11d322a6,cutouts/460c0a289559560193858721c6f8163d864766b8c2b184a9c3dce077870eb014.png,,OK,accepted,
463de77e5cd01d5d7b1c3490b28f466cc18d9d56b36049eba90255677a513730,7771621640113,train,2515e89bf265dc1cbb37675e4641d1a040d81a92c8216551af04b6f0c0465539,images/train/463de77e5cd01d5d7b1c3490b28f466cc18d9d56b36049eba90255677a513730.jpg,rgb,448,123,752,1080,304,957,242322,572e6b769fe7d2df67e224482ae810f703d0283d706b1ed4563e46e57f6377d6,cutouts/463de77e5cd01d5d7b1c3490b28f466cc18d9d56b36049eba90255677a513730.png,,OK,accepted,
46deedfd0f05fdf3779c462491123ae32ebb94b63c231739d3d3244f449873bd,7771214005480,train,f50b122ea809b08bdd709921d0269418d061041bfcf00c2204cfe2d48f1a376e,images/train/46deedfd0f05fdf3779c462491123ae32ebb94b63c231739d3d3244f449873bd.jpg,rgb,469,187,690,988,221,801,141891,abbe472ec175a0cea2107b14cd3680c37f4878bd91521520d7b819959eda24e9,cutouts/46deedfd0f05fdf3779c462491123ae32ebb94b63c231739d3d3244f449873bd.png,,OK,accepted,
47cc066481fb38a95ef7fb998f846a5ba297d78fd7c18f4e9deb82e04dde7089,7891151039796,train,6165d486c1955add6785c1e7d6f01018ec038c2a36bee1152e6a2c2aa1158a9f,images/train/47cc066481fb38a95ef7fb998f846a5ba297d78fd7c18f4e9deb82e04dde7089.jpg,rgb,100,507,1104,689,1004,182,142698,1fa6d7e287c0fb95da3b204062f905c072c98b2ec7265dab81f6acc35642d280,cutouts/47cc066481fb38a95ef7fb998f846a5ba297d78fd7c18f4e9deb82e04dde7089.png,,OK,accepted,
4817f336c3d428e7e2d9e8fa091421e08ead8df387870519cc0b1b7e962ab2da,7773510140483,train,f3e7b876fa39ae4b7897b34d605f87c43f1f3b197c239fe194fc20cfe4e4a925,images/train/4817f336c3d428e7e2d9e8fa091421e08ead8df387870519cc0b1b7e962ab2da.jpg,rgb,286,149,916,1050,630,901,533140,be837a7ca36b589fb6d93c201a053a89a7ff722bfcfe9a4fbd86b492caff3b1d,cutouts/4817f336c3d428e7e2d9e8fa091421e08ead8df387870519cc0b1b7e962ab2da.png,,OK,accepted,
482df5bab93e933058f725343b29f8eab8f754e06fa574e9a01c49ba57f933e7,3501114,train,63455251accaffa8b0e7f30044536a3afc42be450c8f1f923a48849bdb64ac81,images/train/482df5bab93e933058f725343b29f8eab8f754e06fa574e9a01c49ba57f933e7.jpg,rgb,166,115,992,1076,826,961,224262,26191b77fe6b9843b4afbde7d43f2ebc7c97aebf48f631885299c96add8e393e,cutouts/482df5bab93e933058f725343b29f8eab8f754e06fa574e9a01c49ba57f933e7.png,,OK,accepted,
4865570ff37b7874dcea32703946ba6fa02fee9ea79e132d9ca3585be8817149,7798186032375,train,dd0557b3b8e5b6f7917dc51362fc3abfd8e4c9c8b46af39db7995bc161c837e5,images/train/4865570ff37b7874dcea32703946ba6fa02fee9ea79e132d9ca3585be8817149.jpg,rgb,240,111,966,1095,726,984,643840,dac334e25e690e01eafbb318388d7d7c3e040692b6ff348eca2fa4ce242219c0,cutouts/4865570ff37b7874dcea32703946ba6fa02fee9ea79e132d9ca3585be8817149.png,,OK,accepted,
4907ddb45a9c1f56f747cb4d835b55b531b1e518224f97f5db51be86bb4b114c,07509546690384,train,c7c4d52a0d805e33bbffc48d37560000cd237feb49b5e3c05e30ef0040c587ed,images/train/4907ddb45a9c1f56f747cb4d835b55b531b1e518224f97f5db51be86bb4b114c.jpg,rgb,159,440,1080,760,921,320,164925,75ae945193ea0b19948453a51c1375d457f2910653839f72ad0be1835d3cd53e,cutouts/4907ddb45a9c1f56f747cb4d835b55b531b1e518224f97f5db51be86bb4b114c.png,,OK,accepted,
4950f2e2afa3f53a2b29b6bfbb53273e6f3cee0b822dd78318cf4dceb9d4b21f,309973174603,train,459ad20d4ce8e99ce8e0aa968169a676d7c4d1c33d82f4c52c24e350de96dcde,images/train/4950f2e2afa3f53a2b29b6bfbb53273e6f3cee0b822dd78318cf4dceb9d4b21f.jpg,rgb,533,150,662,1043,129,893,107488,ba6f6e45ec046bef0ce4f8b9467b40604728eecf2bbc97d081c51ada262b0116,cutouts/4950f2e2afa3f53a2b29b6bfbb53273e6f3cee0b822dd78318cf4dceb9d4b21f.png,,OK,accepted,
49b5f1d3f7a56f0f65438e50cc9ac89d5fb7a61af011496a21a73d49d2cc0ddb,07896058500226,train,f8cf6c538cf34012739cae36158bdd3294555c05f516dd7a760544b569bc40b2,images/train/49b5f1d3f7a56f0f65438e50cc9ac89d5fb7a61af011496a21a73d49d2cc0ddb.jpg,rgb,346,230,796,963,450,733,280638,2e85397e55bc90b98e37960fd7bb7ab5143dc5fd4fe08a6f2b23ae351809ffc4,cutouts/49b5f1d3f7a56f0f65438e50cc9ac89d5fb7a61af011496a21a73d49d2cc0ddb.png,,OK,accepted,
49e5cd73630322f75527027b31744b8f10c85d192d0ab5f8a2a4e483f26e330f,7771224006293,train,7f12480f325a6954b3810eb5d6c859e580ce1ebfaf3462cc4102f2c4edba36dd,images/train/49e5cd73630322f75527027b31744b8f10c85d192d0ab5f8a2a4e483f26e330f.jpg,rgb,430,124,754,1058,324,934,248835,61346c1aa310c360b52a44789b8b5a1bcfaafbfc7086973ca4366ad3ea2774fc,cutouts/49e5cd73630322f75527027b31744b8f10c85d192d0ab5f8a2a4e483f26e330f.png,,OK,accepted,
4a11d74fb082fcdf88b57e953486cfe4374572ac821687e16660774633fd60dd,7771260763334,train,e78d2978b56e91a95d0b68ce2e6c172b1500acad2454617542e640d0de1b42b1,images/train/4a11d74fb082fcdf88b57e953486cfe4374572ac821687e16660774633fd60dd.jpg,rgb,459,150,705,1046,246,896,177216,3ab02f95277a84846f866b0fbd85faf9d8b19a56825c3b542e679cb31b956c7a,cutouts/4a11d74fb082fcdf88b57e953486cfe4374572ac821687e16660774633fd60dd.png,,OK,accepted,
4a26f7aa261a15fc464e924b391d1eafb074e65cc29377ef9abf5a32f755aea3,6971549925618,train,8fbfdb8c4991ed5cd49fa3a1a18783173374f099466bf3dfafd068881d031b50,images/train/4a26f7aa261a15fc464e924b391d1eafb074e65cc29377ef9abf5a32f755aea3.jpg,rgb,201,235,995,952,794,717,514483,dad410c3f4f0ee011f5951bb98e6da569c7323e98a685ee0c0c3e2020d4edba1,cutouts/4a26f7aa261a15fc464e924b391d1eafb074e65cc29377ef9abf5a32f755aea3.png,,OK,accepted,
4abcf5c6fd5a407bb6d691fb76d551e4f86af8c574aeae13110c40362996ca15,041554098341,train,3e34fcc1f81f02140a9aeb3dffbf6928ff7b3681d71132812fe844a9493b9ae4,images/train/4abcf5c6fd5a407bb6d691fb76d551e4f86af8c574aeae13110c40362996ca15.jpg,rgb,468,140,731,1061,263,921,188788,f73e5ce3d0650fae16c55dddb8bbc2c73479a2dbfa8ebe4501fcbd033591b563,cutouts/4abcf5c6fd5a407bb6d691fb76d551e4f86af8c574aeae13110c40362996ca15.png,,OK,accepted,
4b5df0a8b2783273da5dcb1ca920aa703e1ad9bbd2f3064c38c3b444aab59d0a,7509552992281,train,4e60d0705a03f6c0881fab7568011ed39284680d340a4ac4cdcf2b366044dd44,images/train/4b5df0a8b2783273da5dcb1ca920aa703e1ad9bbd2f3064c38c3b444aab59d0a.jpg,rgb,413,106,788,1094,375,988,314104,06bac9ad384d2a46bf0081d1445d3e7af6788e38faa6f3ed64639361a14a3848,cutouts/4b5df0a8b2783273da5dcb1ca920aa703e1ad9bbd2f3064c38c3b444aab59d0a.png,,OK,accepted,
4c3d15769e59446495639a96a943f7223ce18c92fea5d256bbc174c3df78261b,7702032117444,train,08585d73daa3b8cdd2093cda93f72c0a967b195134f3d2f04fd52a1bbbf6076c,images/train/4c3d15769e59446495639a96a943f7223ce18c92fea5d256bbc174c3df78261b.jpg,rgb,343,154,689,885,346,731,223825,74b296bda3af118391f413a2d6c40b57133c10ab0ce9519c2e2b84301a24a3d1,cutouts/4c3d15769e59446495639a96a943f7223ce18c92fea5d256bbc174c3df78261b.png,,OK,accepted,
4c4081523fb30c8f2233b4a410df4948ef7536e2b8f8649ac14bd7339ecb1d47,7771228000587,train,9d04bbacdebdc6dab9271e5b36b1b775e52302d5e9e56c43446923be96db6cd8,images/train/4c4081523fb30c8f2233b4a410df4948ef7536e2b8f8649ac14bd7339ecb1d47.jpg,rgb,526,238,677,954,151,716,90872,51c5f76216635c57dfdb3a956633e7d7a20ad1dc83ad8b82339babf2c4c3c656,cutouts/4c4081523fb30c8f2233b4a410df4948ef7536e2b8f8649ac14bd7339ecb1d47.png,,OK,accepted,
4cdfde08522c848d906705a3ea52085ab97c62544b3e3b421a71857fe918dfec,7899620665101,train,91a3d48971df1629053708001b526f46e4777508c56dc4d0e10bdd11a51e9136,images/train/4cdfde08522c848d906705a3ea52085ab97c62544b3e3b421a71857fe918dfec.jpg,rgb,168,84,1038,1056,870,972,519771,f6db0e9f763dd6d1b33ae062d99f629667481df4d1475e6b84b2a84624d845f9,cutouts/4cdfde08522c848d906705a3ea52085ab97c62544b3e3b421a71857fe918dfec.png,,FAILED,accepted,
4ce3a2dc9e4d4eeb75526660f70ba8f60b16fd84bad42d1c4cd9a9bd24aec2b1,7774904408820,train,37811d65d569e9bfc4bc19f33f05b0779d1c57764f2fd94aef1f94517791be16,images/train/4ce3a2dc9e4d4eeb75526660f70ba8f60b16fd84bad42d1c4cd9a9bd24aec2b1.jpg,rgb,376,150,800,1054,424,904,271007,1c8091d6570a98ca7902ae2d63c836456248dbd2f368dafed0677f80a650d3b9,cutouts/4ce3a2dc9e4d4eeb75526660f70ba8f60b16fd84bad42d1c4cd9a9bd24aec2b1.png,,OK,accepted,
4d41ec6e4af5c30764006f34bfd72aebe422a538e58baaf4d9718e850378cd9f,041554098228,train,c1288cfeba863f1007b39071def7d2cd27ac569d861700913b5179ce52b9e453,images/train/4d41ec6e4af5c30764006f34bfd72aebe422a538e58baaf4d9718e850378cd9f.jpg,rgb,528,152,673,1048,145,896,95513,7733abaeb4b50e7df63d51c65e98942a7086f685568f481faee61de313b31e97,cutouts/4d41ec6e4af5c30764006f34bfd72aebe422a538e58baaf4d9718e850378cd9f.png,,OK,accepted,
4dcf92b84e0d890509f58db22a3fc257728d58d8ebe4693fe66e232aa3396ee7,7896451912916,train,370cb58e47cee205ec05197e23abf06be093bef2b0fe5f784779b1b611d077c1,images/train/4dcf92b84e0d890509f58db22a3fc257728d58d8ebe4693fe66e232aa3396ee7.jpg,rgb,225,140,940,1058,715,918,585847,318fbdccc3e63f8fdacf102348d22307c65056570326b91b7d07345f63f01e5d,cutouts/4dcf92b84e0d890509f58db22a3fc257728d58d8ebe4693fe66e232aa3396ee7.png,,OK,accepted,
4f9cec603cc5bf3e34cbce3ad9e4aec660af192f8792a8ba4f81de3b70af5c4e,7774904407113,train,9f1062ea0574c17fa5f43294668fccc8d9932d78c6aa2a3eeef3fd5540840d66,images/train/4f9cec603cc5bf3e34cbce3ad9e4aec660af192f8792a8ba4f81de3b70af5c4e.jpg,rgb,491,101,700,1089,209,988,187156,8f7c8c970b03a47374075accdd1b67dff05154b59e3a504a48782cba0b8dd789,cutouts/4f9cec603cc5bf3e34cbce3ad9e4aec660af192f8792a8ba4f81de3b70af5c4e.png,,OK,accepted,
4fd9e0822fde2098b3861db41e0fa79c55526dfd280af52df179d4e570017ce0,7771259210276,train,868ac70621a7a61abc93cf036921710aaca106293806b31f6a6566edafe6a0d8,images/train/4fd9e0822fde2098b3861db41e0fa79c55526dfd280af52df179d4e570017ce0.jpg,rgb,330,186,872,1011,542,825,383219,a3148447d67f6d4a0338adafabd55e5a4b6b304f5f8d2da04aba409f4136b35d,cutouts/4fd9e0822fde2098b3861db41e0fa79c55526dfd280af52df179d4e570017ce0.png,,OK,accepted,
503426bb2f91a4049ad52fe35317f5b18550e83f1695ebd3ad1210bceb9e47b5,7899620679290,train,7507176bb9b8eaa8a61c1c6889ca83a6a1ae8b491331333fe44c413ecd0310ce,images/train/503426bb2f91a4049ad52fe35317f5b18550e83f1695ebd3ad1210bceb9e47b5.jpg,rgb,154,84,1044,1056,890,972,522283,646712abff106902791d112ae9bd1c0300df332591c80b6d80e5b80bd7d77a40,cutouts/503426bb2f91a4049ad52fe35317f5b18550e83f1695ebd3ad1210bceb9e47b5.png,,OK,accepted,
50a3dbe6af305783e1f37d3a427cb9aded7f37d06431199066a64b51fc5b1cb3,7896115700408,train,aa98502fc0308bfa1dd36ea84c11c781fba45d81b2f78251ba2d906418273e5a,images/train/50a3dbe6af305783e1f37d3a427cb9aded7f37d06431199066a64b51fc5b1cb3.jpg,rgb,427,162,761,1008,334,846,172813,d6ceb4ca1f450694ec4ec7c77b7c5beca9c87d236ae068a48a7fb28fff684744,cutouts/50a3dbe6af305783e1f37d3a427cb9aded7f37d06431199066a64b51fc5b1cb3.png,,OK,accepted,
5109c568073baaeb5ddf4807eb97208c1e3a6f7914cef725edf4b2317d1f363c,7509552961812,train,485162bc6ccd1028ad3d82c32b368de94a1b708227003d5f64b1e79f8d6f9aff,images/train/5109c568073baaeb5ddf4807eb97208c1e3a6f7914cef725edf4b2317d1f363c.jpg,rgb,418,204,781,1008,363,804,150741,c088932dca57a1a3bf27ad07fc1279ec8c60d6d77cfe561fcc1219e2f5303f47,cutouts/5109c568073baaeb5ddf4807eb97208c1e3a6f7914cef725edf4b2317d1f363c.png,,OK,accepted,
51357bf2143dd0a8f87f5b24cb737b5c1a20dc679b990291cb4308225f34c6f3,7891150099456,train,b2aca1464c7b32032dce655b97c14a92b3bfd50321b520c8163567bc226013ca,images/train/51357bf2143dd0a8f87f5b24cb737b5c1a20dc679b990291cb4308225f34c6f3.jpg,rgb,156,234,1040,968,884,734,608014,20fb6076362351f5232f4b7795f315879b47315f93dc0f9f5f305851ea436900,cutouts/51357bf2143dd0a8f87f5b24cb737b5c1a20dc679b990291cb4308225f34c6f3.png,,OK,accepted,
52141bbcc23ccbee0ccb03d109a0f04157af31f981264998debb4248dddad1ed,7898080664808,train,e98b075219db1697c579e9701cd0e5995a98994556430dd935e44d4cd733d654,images/train/52141bbcc23ccbee0ccb03d109a0f04157af31f981264998debb4248dddad1ed.jpg,rgb,396,119,767,1085,371,966,344875,42f7f6d534859d0a90f7e7237c71716efc20252c564ce18233a82f28b60b373f,cutouts/52141bbcc23ccbee0ccb03d109a0f04157af31f981264998debb4248dddad1ed.png,,OK,accepted,
5371abef52f3cb6e8828550e36cd94731eacf9aa3dd4c432fe7c24866c77ca66,041554096064,train,f028136c0bb4eb60fc2c68a488efe17134d2703a2ae522264536c64927dcf61c,images/train/5371abef52f3cb6e8828550e36cd94731eacf9aa3dd4c432fe7c24866c77ca66.jpg,rgb,519,79,680,1120,161,1041,162065,7116d050f8eaf5c64aca9b66dda61cbbb30dfe7d8cca672545fd3946ed39acea,cutouts/5371abef52f3cb6e8828550e36cd94731eacf9aa3dd4c432fe7c24866c77ca66.png,,OK,accepted,
545b00f9c7863d3683889ece5e117710bf7cad2a9b3992c74585e581e92eb5d3,7770109740161,train,5a3474eb3ad9587af861141ad8668de57716fd4fc638369c0d9e130a89b83f15,images/train/545b00f9c7863d3683889ece5e117710bf7cad2a9b3992c74585e581e92eb5d3.jpg,rgb,437,233,768,958,331,725,198971,f5498439688694143c791a99a762b838c33585a69f19003851406537d67c31d0,cutouts/545b00f9c7863d3683889ece5e117710bf7cad2a9b3992c74585e581e92eb5d3.png,,OK,accepted,
54989765530f4a10ffdb2965a79d750eeebf688fa87443feb35e1bf15ed4e20b,850071452006,train,65070099e03b34fbfc8ceb279eaa684e74af98dd8982500cdce44576693d1a7d,images/train/54989765530f4a10ffdb2965a79d750eeebf688fa87443feb35e1bf15ed4e20b.jpg,rgb,213,83,985,1118,772,1035,654422,d9cf125419753f3087a56e9eed3fe2378d4c25cf7843c7446ac03118cef5e9c4,cutouts/54989765530f4a10ffdb2965a79d750eeebf688fa87443feb35e1bf15ed4e20b.png,,OK,accepted,
54992e1217901c59b5a08a22b84d3b59fdcef2f6e5df659f6f8be5db9accb026,4059729522061,train,bb0ae0c614e33b326751f88e019063ab49f4829ee8dd7a1e9408e520a1677a72,images/train/54992e1217901c59b5a08a22b84d3b59fdcef2f6e5df659f6f8be5db9accb026.jpg,rgb,519,175,682,1025,163,850,91213,7aa437580b092cde119b34733de6547438c79c7d5f619166fe56aab4e78bc4c2,cutouts/54992e1217901c59b5a08a22b84d3b59fdcef2f6e5df659f6f8be5db9accb026.png,,OK,accepted,
54ef5b433d2c7659ee24af64ad69a57f5bad8560b5201820d9ce0223707b1fff,7509552982688,train,637cdf8c8001f1b2a6375c5e04984eaca7aa60e83e91747569548e7f75b78298,images/train/54ef5b433d2c7659ee24af64ad69a57f5bad8560b5201820d9ce0223707b1fff.jpg,rgb,452,107,717,1153,265,1046,258379,424428c3f392b9bba59da82612b3001f31e4b73ed1c8d6e1fdb4c8c2c76ebdac,cutouts/54ef5b433d2c7659ee24af64ad69a57f5bad8560b5201820d9ce0223707b1fff.png,,OK,accepted,
5676f851a1e7b3707d2b983351274d274f1c2a94f20d575fe21c7307c58243b3,041554098167,train,e0b688f1612e58dd68ba85b222bd3ccd62a75a1bea8ee5251fb77c09bd105ea8,images/train/5676f851a1e7b3707d2b983351274d274f1c2a94f20d575fe21c7307c58243b3.jpg,rgb,474,178,727,1022,253,844,203561,c77e26a0047b2e249db9d547c3f4d7cf04f6d3cbdf4ea9f98000dd75e4b1a956,cutouts/5676f851a1e7b3707d2b983351274d274f1c2a94f20d575fe21c7307c58243b3.png,,OK,accepted,
56b3dd6b75500d4f1cd40b85e3079b07715d81460e3aa1504c9e75aa3ea795a4,041554096231,train,b719fd050314680712dcfc37d1be65d9f00e7f676cd1240229f1ecc3c84bada0,images/train/56b3dd6b75500d4f1cd40b85e3079b07715d81460e3aa1504c9e75aa3ea795a4.jpg,rgb,521,92,678,1107,157,1015,152076,c6e45de326d6af8739f3595f68698b29b5a25cae65e8931541844b6e99d2c34c,cutouts/56b3dd6b75500d4f1cd40b85e3079b07715d81460e3aa1504c9e75aa3ea795a4.png,,OK,accepted,
57510a55fb31743bf3169f99f4d11a9a9b4c67451fb767b145bd4bd38199107e,7773435930411,train,3b14208453f936572beca501a193c07d56be96d0564f8af433e6238cdc32b293,images/train/57510a55fb31743bf3169f99f4d11a9a9b4c67451fb767b145bd4bd38199107e.jpg,rgb,343,53,863,1111,520,1058,454339,da262f4e30dbdb4f5b67c4432b415dd3106b699f7ee7295f571810c5889c37b3,cutouts/57510a55fb31743bf3169f99f4d11a9a9b4c67451fb767b145bd4bd38199107e.png,,OK,accepted,
596a9e6b411b740339fb03359a8e93c1ff7ba13258db2fcfd18efcd0fd6520fb,7509552992144,train,171f4552b6e25933b6bd4b1820e47049405abea474d1ad96e0aaccc6ed66fc92,images/train/596a9e6b411b740339fb03359a8e93c1ff7ba13258db2fcfd18efcd0fd6520fb.jpg,rgb,412,162,782,1035,370,873,254325,cb60d9bd5c56501bb532e3383cee7ebd5f11c6f4bd024d36418514d5fed630b2,cutouts/596a9e6b411b740339fb03359a8e93c1ff7ba13258db2fcfd18efcd0fd6520fb.png,,OK,accepted,
5b02045f9148070a154c933daef6f27b1b9ed9589b68e07c6ca590ad302591d6,7771259758051,train,1e3cbd27fdd047ab8de1eb1ec111dc23966e223f339d89fff8fea8442bcc81b8,images/train/5b02045f9148070a154c933daef6f27b1b9ed9589b68e07c6ca590ad302591d6.jpg,rgb,451,85,744,1113,293,1028,251159,df862f763a500610f8102ce319db3700cac80f5f0039e05e4ddc6ecd218e8557,cutouts/5b02045f9148070a154c933daef6f27b1b9ed9589b68e07c6ca590ad302591d6.png,,OK,accepted,
5b118b8dd36085a352ae7e8ca6a1676c42f4ce9cfa0ed41adc0cdbe6b1054fee,7509552961799,train,341a429942ed525c78ec335b4b28bffadb43dea59e7d4f1e79c750c72cd9b62c,images/train/5b118b8dd36085a352ae7e8ca6a1676c42f4ce9cfa0ed41adc0cdbe6b1054fee.jpg,rgb,547,216,655,1007,108,791,74128,912065b0f84fb9e67a64b7b60124777b2ec56d43572a79937191e2b6abd46395,cutouts/5b118b8dd36085a352ae7e8ca6a1676c42f4ce9cfa0ed41adc0cdbe6b1054fee.png,,OK,accepted,
5c495765e83ef15d228f67c18dcb72e28f21cbb0146a7980303720e8f492b066,7773400002617,train,3e8c4297830cf03d85a3cee1ddff66c27b2ca3f539435431e9c7abeb02200a25,images/train/5c495765e83ef15d228f67c18dcb72e28f21cbb0146a7980303720e8f492b066.jpg,rgb,243,134,955,1055,712,921,583797,0f1f6b877691b8106fe23273240b65b69b8f728c5b94639847c74b6d96567f88,cutouts/5c495765e83ef15d228f67c18dcb72e28f21cbb0146a7980303720e8f492b066.png,,OK,accepted,
5ce4f026ab749ef2486a76fc2736f5bdd237127fc2146923ee4451ce3ad3e3d2,7896902323486,train,212d31b5a47abf16548a1cf40c99dcb85a740f65a04da48cb7db23c166383c67,images/train/5ce4f026ab749ef2486a76fc2736f5bdd237127fc2146923ee4451ce3ad3e3d2.jpg,rgb,189,113,1021,1169,832,1056,807885,b8fddfcbe10d748ad288257832443df1c352e60090808c38b5529e981b32c8b0,cutouts/5ce4f026ab749ef2486a76fc2736f5bdd237127fc2146923ee4451ce3ad3e3d2.png,,OK,accepted,
5d51ab9ed8bb53d9c4a45d9d3f0c3585f1ebd2da6e040fd7d0f7525b9fb34f5e,7798178800715,train,f08bf0ff87c56a7e0ec5b67c0282f9f4d3f6e1e5c9d2b46f6a91200034705a67,images/train/5d51ab9ed8bb53d9c4a45d9d3f0c3585f1ebd2da6e040fd7d0f7525b9fb34f5e.jpg,rgb,293,168,889,1040,596,872,486214,8acb96fbfb007c537389d0692c6887da590e9ab375d027330bb9008a631ff100,cutouts/5d51ab9ed8bb53d9c4a45d9d3f0c3585f1ebd2da6e040fd7d0f7525b9fb34f5e.png,,OK,accepted,
5d5370335d2865c6408113ad97c6c9332fd2e2b38da21ccfe88a7d8c714df42f,9001063,train,c1699d7a42227fdc04b731c75ce2ff321a49733355c3b76a279af5b28ef40079,images/train/5d5370335d2865c6408113ad97c6c9332fd2e2b38da21ccfe88a7d8c714df42f.jpg,rgb,157,167,1024,1023,867,856,707863,427cf0cebdb9b2f35ae63ee7f345a88cd0a45c57c1dcffef4fda91de0cc83711,cutouts/5d5370335d2865c6408113ad97c6c9332fd2e2b38da21ccfe88a7d8c714df42f.png,,OK,accepted,
5d738119b25a6678fcb15b03c664f140e4c7e7088c65d6455a849359219e78fb,7774904460026,train,90619af4986cfc91e834dac13cd5c24557dfd11313cc9c7fcc4275ba82ff575f,images/train/5d738119b25a6678fcb15b03c664f140e4c7e7088c65d6455a849359219e78fb.jpg,rgb,512,72,726,1139,214,1067,211494,6c88a44eb946a5ec54cd3c19e5783b55e54c102770b1f82d1b5b24acfb9ec874,cutouts/5d738119b25a6678fcb15b03c664f140e4c7e7088c65d6455a849359219e78fb.png,,OK,accepted,
5e29cc1c1baf3839735c78bcceeb00dd458d449c9a9b8a04416e66ee9456383c,7896451912527,train,981182dceb93dc59a1a7642e9f2bd8f658328148db7f05b560f324a77236356a,images/train/5e29cc1c1baf3839735c78bcceeb00dd458d449c9a9b8a04416e66ee9456383c.jpg,rgb,466,169,730,1043,264,874,210574,cc9f97211daab0610f9fad73156a542e40ee9b81eba5cf5947e5091418e4aea1,cutouts/5e29cc1c1baf3839735c78bcceeb00dd458d449c9a9b8a04416e66ee9456383c.png,,OK,accepted,
5fc1b4145ddfda881fc190c3f89eea3a82307994425cda36e8b0d9a50f128499,6941696111387,train,498598b394c1eca900d034928c2d41215bea5d56121a6cfc0ff7deb4f28e1b3c,images/train/5fc1b4145ddfda881fc190c3f89eea3a82307994425cda36e8b0d9a50f128499.jpg,rgb,446,93,828,1147,382,1054,377632,b107f8f6b1ad53adc34eae6248877bade54779982e9f1646842b70ee294e0a42,cutouts/5fc1b4145ddfda881fc190c3f89eea3a82307994425cda36e8b0d9a50f128499.png,,OK,accepted,
606f645427234db0d28196cd3b6f0cb54cd1f15c6d6b52459e38bf4e49fbf3a8,7506306256934,train,0cd58b1988ede5413cdddf12d9f2930be279d3b962765ce90e480e056df83d8c,images/train/606f645427234db0d28196cd3b6f0cb54cd1f15c6d6b52459e38bf4e49fbf3a8.jpg,rgb,449,164,748,1037,299,873,252906,709a6cb48777244c1a16b89bb78995c5974fa3cfa89412e0acbb00fe0da1eb40,cutouts/606f645427234db0d28196cd3b6f0cb54cd1f15c6d6b52459e38bf4e49fbf3a8.png,,OK,accepted,
6097d02c8c9c7249e6a16d3655604290092e6306d5695596ea5df0c21e4ca857,7773435950143,train,388bd558ea069a8b518cc5ebab5f7157f2dc93f1b7e042c04f8c72e28c7d5f44,images/train/6097d02c8c9c7249e6a16d3655604290092e6306d5695596ea5df0c21e4ca857.jpg,rgb,301,159,897,1061,596,902,467437,3ec3e4117e6eca91315eb33d21947ee929364ccba9f5d8bbcb1175f864f3a3f6,cutouts/6097d02c8c9c7249e6a16d3655604290092e6306d5695596ea5df0c21e4ca857.png,,OK,accepted,
613a203c078113624b22f63f01a8d2cb1e03a80c45983ca5367e2514330d7a09,7899808802915,train,1f71a945f722133a0190c01e9598148c14231e75c1d21f8aa69df135952cc8e7,images/train/613a203c078113624b22f63f01a8d2cb1e03a80c45983ca5367e2514330d7a09.jpg,rgb,66,257,1134,942,1068,685,328884,9a6b50e4144f08de8b48b9db74c1f9923ee664cbb8f90df6e350fb7c1cfdfd3d,cutouts/613a203c078113624b22f63f01a8d2cb1e03a80c45983ca5367e2514330d7a09.png,,OK,accepted,
61c9b3931ded65794ca551d23ef53564594bc4fc0797af792f33596a2acaa880,8901030971877,train,d230602ad4aeb31d8ede3a4430313a4dffb776f040f95a03eb60491d8485a4d3,images/train/61c9b3931ded65794ca551d23ef53564594bc4fc0797af792f33596a2acaa880.jpg,rgb,440,148,760,1052,320,904,245176,1f2604273861dd0d57a0bdb17654d2b4f313d6c715ba703090e7e2344d29d763,cutouts/61c9b3931ded65794ca551d23ef53564594bc4fc0797af792f33596a2acaa880.png,,OK,accepted,
6201c540c7101ec0ab9bdc1eebfbe87e4016bf2927a3a18831416bec7b27721d,7503037746246,train,944b86bbe600e33029a7ea9398e5f62b889ff784cd7219bbffa2f82965fc53c6,images/train/6201c540c7101ec0ab9bdc1eebfbe87e4016bf2927a3a18831416bec7b27721d.jpg,rgb,227,105,961,1094,734,989,647053,837394ac3d77361f54897e5c6030e6a752c94aef4ff02a2c9246f17ff6a15f56,cutouts/6201c540c7101ec0ab9bdc1eebfbe87e4016bf2927a3a18831416bec7b27721d.png,,OK,accepted,
623c299a1f64765620d4bede878299dc0263836b0a4c1c62297ab801077c1d13,7509552957228,train,57678befae669d21519f35bcc73f8a952515f74bad381209cbb22a95a2c744f5,images/train/623c299a1f64765620d4bede878299dc0263836b0a4c1c62297ab801077c1d13.jpg,rgb,528,140,671,1062,143,922,117269,c3e3929392b58e186ecf64f0d98db9988da31e6084d5e54a213b69294ea71389,cutouts/623c299a1f64765620d4bede878299dc0263836b0a4c1c62297ab801077c1d13.png,,OK,accepted,
62407b27a23f5c58ca1dbe92bbf1cbac905898b464a5cc6146b433d46a134688,7798178800654,train,91379010765786a732754d6bdecf43dc8320be1c1663cac0c22deb6f0225cf71,images/train/62407b27a23f5c58ca1dbe92bbf1cbac905898b464a5cc6146b433d46a134688.jpg,rgb,285,156,897,1051,612,895,512742,42498cf151a0670d36dddfac0af1476dc8fb0e0bb3c24d34fc5629a69acfcf83,cutouts/62407b27a23f5c58ca1dbe92bbf1cbac905898b464a5cc6146b433d46a134688.png,,OK,accepted,
6241953cf2efbac13a9c85e2db49156d1cb8132a82a78baea4c2884749b7739c,7896058516302,train,ac83ef6e894011f30c06fe84acbc8b5a113b962f39223d76e1da992386be820d,images/train/6241953cf2efbac13a9c85e2db49156d1cb8132a82a78baea4c2884749b7739c.jpg,rgb,419,142,729,1042,310,900,259111,a5aefc43240a2ffad3af768dd3e8146a3a25c1e077cf960b8a6c52556f36fc02,cutouts/6241953cf2efbac13a9c85e2db49156d1cb8132a82a78baea4c2884749b7739c.png,,OK,accepted,
628f4adc3d1ca621584752f8eb59323a111800594551f4d234997981b44788ac,7896451906342,train,39917093a210dd64798a5ec2e59400cdd751ec1d77c2ede3755562579ab25c32,images/train/628f4adc3d1ca621584752f8eb59323a111800594551f4d234997981b44788ac.jpg,rgb,154,514,1057,678,903,164,140946,a4f662bf5a678a2b080a57cf5ada5993f22f773fea704b97f11b42d18932a168,cutouts/628f4adc3d1ca621584752f8eb59323a111800594551f4d234997981b44788ac.png,,OK,accepted,
62964bb8a83e0344cb4cb817a7f9779dda306694793d4d5f1f647deb7c84c2f1,7896451901385,train,50aebdff786d2226c2d70a24e0d2423b0c562222e710c77d3b41ef5030e9723f,images/train/62964bb8a83e0344cb4cb817a7f9779dda306694793d4d5f1f647deb7c84c2f1.jpg,rgb,275,487,933,713,658,226,111636,d37505782221a2675dd275e0270acec1a427152a05c0666ea9776832a4ebb4f0,cutouts/62964bb8a83e0344cb4cb817a7f9779dda306694793d4d5f1f647deb7c84c2f1.png,,OK,accepted,
62d218bb02dbd211be6f58c487eb887ce21550fcb57c2b1006b8dc3fe353ec62,7770109841363,train,af32881bc465b3e594cedadc1fe342db565c08e3d05b899f60de7889778cb663,images/train/62d218bb02dbd211be6f58c487eb887ce21550fcb57c2b1006b8dc3fe353ec62.jpg,rgb,135,283,1065,936,930,653,233956,787f689743a70048a723498b95ff24397e6bbbab124636e949f9128f386f7a49,cutouts/62d218bb02dbd211be6f58c487eb887ce21550fcb57c2b1006b8dc3fe353ec62.png,,OK,accepted,
632ed8af215bd6d2bca6160b8f4e6361769d4b0d43184e07a12b8dd38292721d,7770108600169,train,f7579242734a69f196307f931d9a5d141ea27f23055988e95feae54dd1929c81,images/train/632ed8af215bd6d2bca6160b8f4e6361769d4b0d43184e07a12b8dd38292721d.jpg,rgb,289,161,916,1051,627,890,422916,e38efa5390935c9360dc868716814fb5ed24753587f16b1691b81eb17468210d,cutouts/632ed8af215bd6d2bca6160b8f4e6361769d4b0d43184e07a12b8dd38292721d.png,,OK,accepted,
634f58efa6d72e3f1a4af78e28c3c026e248085b89b1c7dccb0db39384a83543,6942108482101,train,5bd7cbaacd7797e572cd912da989acc2266cf3da3d53572b7041a07c517f9351,images/train/634f58efa6d72e3f1a4af78e28c3c026e248085b89b1c7dccb0db39384a83543.jpg,rgb,173,161,1010,1038,837,877,517451,2addd81f0a7f011abb7187539c385a0190483ca7653d6330a4fe17f66dfd30b9,cutouts/634f58efa6d72e3f1a4af78e28c3c026e248085b89b1c7dccb0db39384a83543.png,,OK,accepted,
63b4c361f548e76a31170f30ec563365ecbaf4cdcfa5ef95d7003348c928f03b,7770000850020,train,08b2103af76824aa9de5bf97397574cf289ed647b9ce510787420e402f13e990,images/train/63b4c361f548e76a31170f30ec563365ecbaf4cdcfa5ef95d7003348c928f03b.jpg,rgb,211,226,1002,921,791,695,340056,0ece1f4b570d52f435bc3e2eb2224e0e95518c5da073e88178c067f00f55c9d4,cutouts/63b4c361f548e76a31170f30ec563365ecbaf4cdcfa5ef95d7003348c928f03b.png,,OK,accepted,
643791e88e16a7dd82c92ba8a2fffb7206e7a3b9eea209561bba3f69fa7cc9d7,7891150102972,train,9326326d831998234701f8808333f7a37ef3ad414b3e7bcac8dfb38978d29cbd,images/train/643791e88e16a7dd82c92ba8a2fffb7206e7a3b9eea209561bba3f69fa7cc9d7.jpg,rgb,434,64,766,1136,332,1072,44282,c3255e77113ead36237c26b4154d0283f2a0700716ed2375e632676d0b2db2d5,cutouts/643791e88e16a7dd82c92ba8a2fffb7206e7a3b9eea209561bba3f69fa7cc9d7.png,,OK,accepted,
64cd5d3f4bcf6b23f0d5a21c574e72bbd95d92754ff8cc5124238f415e083419,7772116160260,train,b10aa970e4d6e125fc8a7e34a44fba47b9d6ea1cd50ad0adccb9afb79866d6d1,images/train/64cd5d3f4bcf6b23f0d5a21c574e72bbd95d92754ff8cc5124238f415e083419.jpg,rgb,437,188,766,1014,329,826,262926,1008ec75feb866e32081ca18ca5089b6fa0689b2a5d18d7aea9d8fe3d36b0218,cutouts/64cd5d3f4bcf6b23f0d5a21c574e72bbd95d92754ff8cc5124238f415e083419.png,,OK,accepted,
64d81e6331ace05c5409607061a5633784b31eb86a923b52fa53cef3773bc905,7793147571283,train,1666b76b1915c9d299fdb2e77372cb52db418dcd62d1c28553932a8720c0ad24,images/train/64d81e6331ace05c5409607061a5633784b31eb86a923b52fa53cef3773bc905.jpg,rgb,415,125,779,1073,364,948,313691,354f131c59d988ba73caea5adeeaa423246113ef37864d0ec6a23da420067b14,cutouts/64d81e6331ace05c5409607061a5633784b31eb86a923b52fa53cef3773bc905.png,,OK,accepted,
64f1bdfa3c8a45bdb79b7fe92ebd5206559f53ea1d8c3e7672d7ced06e190fc4,7702032253869,train,4fe49f42ccb9e3725c8261f41de40ca8b7995dca970730d2b7c1dcd3c54f5e0d,images/train/64f1bdfa3c8a45bdb79b7fe92ebd5206559f53ea1d8c3e7672d7ced06e190fc4.jpg,rgb,287,202,914,1004,627,802,428039,b82441ba4cc4586e6c46aa70e1271e3a72dd4111b8181cae9752f6080340b32d,cutouts/64f1bdfa3c8a45bdb79b7fe92ebd5206559f53ea1d8c3e7672d7ced06e190fc4.png,,OK,accepted,
64fec55c3b6968d162eae04afe4f63cabd77b4fe5cd2600418741da47eb004b5,7896115700019,train,cbe31f1d2eaac554c3a538edf0e8d54c2611df6d354e36b66aa137b491731df5,images/train/64fec55c3b6968d162eae04afe4f63cabd77b4fe5cd2600418741da47eb004b5.jpg,rgb,450,178,774,1044,324,866,220843,f34259f593e1e481d81ed1f9a5bc6af6ed35dac628325df09f085afff3899fd3,cutouts/64fec55c3b6968d162eae04afe4f63cabd77b4fe5cd2600418741da47eb004b5.png,,OK,accepted,
653db12830898494863fd4887647547f61892c4c9b2bd9b4ab79476b311a74b3,7772314690033,train,8f1ed3576f2ee14964f5c2b04b30ff3aa9a94105daa89fecfbd3910fe2e2d864,images/train/653db12830898494863fd4887647547f61892c4c9b2bd9b4ab79476b311a74b3.jpg,rgb,211,175,1016,1062,805,887,604221,5229481035a3aacb261aad1368e9a684d2e59818b2e46f0de42453560c49d50b,cutouts/653db12830898494863fd4887647547f61892c4c9b2bd9b4ab79476b311a74b3.png,,OK,accepted,
6598fb8ad99c8e22209e51b900d2fc617974bf2da89afcb27bd7888250c4cf23,0658325435092,train,dae838c95a07831219e446442820125aeec61fa1dec7659e216975ca58bed7ef,images/train/6598fb8ad99c8e22209e51b900d2fc617974bf2da89afcb27bd7888250c4cf23.jpg,rgb,197,83,995,1116,798,1033,655168,16afc46803a0482d437dfd40b9ba46c4590ae965dfb32d9bef5c22373cc30b6a,cutouts/6598fb8ad99c8e22209e51b900d2fc617974bf2da89afcb27bd7888250c4cf23.png,,OK,accepted,
66d5d5084ad1ffa0f1456855dced545279b13a45e4ebca3b21fafaa2248a4745,4059729521866,train,c337c0dd23c4a8c4e346b7425e14c583f98382a6ca84df9c1d8ab457c80f2b42,images/train/66d5d5084ad1ffa0f1456855dced545279b13a45e4ebca3b21fafaa2248a4745.jpg,rgb,260,272,960,994,700,722,337435,4247649a35d4b287dbf347d953c0b9bf198f14ff4cf6369d13a2edc3ffe8ea3a,cutouts/66d5d5084ad1ffa0f1456855dced545279b13a45e4ebca3b21fafaa2248a4745.png,,OK,accepted,
675e2b80f9602912610d2e49726c81ec2c56e83af3e05c58e48fceb65fbc902c,7798178800838,train,c93d77dbfd8058ae86ff899cf86c8ad30e3b9b6d5f79b939cecbc8848329fc5e,images/train/675e2b80f9602912610d2e49726c81ec2c56e83af3e05c58e48fceb65fbc902c.jpg,rgb,284,156,891,1052,607,896,491822,5818ce81ebaba35d97c11e8165167a3070282909735efab2fa0e6b722a157729,cutouts/675e2b80f9602912610d2e49726c81ec2c56e83af3e05c58e48fceb65fbc902c.png,,OK,accepted,
68aa750b54752f9d2fca03402071872cf8a644c58d1f12b0fade9485b3571a92,7891150103115,train,47739f14dc8f4480515b32fb192dfce07f65a7e9c6b3f8229a171a336cd65008,images/train/68aa750b54752f9d2fca03402071872cf8a644c58d1f12b0fade9485b3571a92.jpg,rgb,460,149,740,1051,280,902,50268,f2e1477229898277bd7d52b5ceb1d541b23ba431d522053dd08a695ccbf0c5d8,cutouts/68aa750b54752f9d2fca03402071872cf8a644c58d1f12b0fade9485b3571a92.png,,OK,accepted,
68b8504bd27d5e9f23850106e8bb229ac0fcfe12c9ef8d9121eb89fb647ac858,7898142867666,train,43f3d41654876c8fa69455daaf45637bae99666bcf4f16df17682b323832db48,images/train/68b8504bd27d5e9f23850106e8bb229ac0fcfe12c9ef8d9121eb89fb647ac858.jpg,rgb,159,445,1058,757,899,312,256503,07a15bd1b9d3719b31f456a73ad606a4ac0370dce8e48b64bb497aa6c2377b08,cutouts/68b8504bd27d5e9f23850106e8bb229ac0fcfe12c9ef8d9121eb89fb647ac858.png,,OK,accepted,
6acfadea356e5d94d26290d7a5a9319e91f561bb839b42964a76a9cb9606e4fd,7798186033013,train,fdcd3d7f5daf708e94d1050bb3b5fde59bf288b6e9b40b5345bb539c35114afd,images/train/6acfadea356e5d94d26290d7a5a9319e91f561bb839b42964a76a9cb9606e4fd.jpg,rgb,266,144,935,1055,669,911,547502,e365e20c95d39c82e0b446725d31c6e1dfb0f8bac12ff12d33ebb28372e9428b,cutouts/6acfadea356e5d94d26290d7a5a9319e91f561bb839b42964a76a9cb9606e4fd.png,,OK,accepted,
6bdfcc36d1307736e4c623e0aff5087c257494212c8dba247fca76962cd717e0,7772314690095,train,98f1a09dc9d49c016b930935438b0c992783bb8dbe55c60d0cdd5c288a13e96d,images/train/6bdfcc36d1307736e4c623e0aff5087c257494212c8dba247fca76962cd717e0.jpg,rgb,250,156,932,1050,682,894,519258,003eeba54aa07fb3134f03b28537bb594f9d4478d67fcb8f23cfea03bd4fcea4,cutouts/6bdfcc36d1307736e4c623e0aff5087c257494212c8dba247fca76962cd717e0.png,,OK,accepted,
6be1011e719a480bbb23357f27729c61c9d1118b1fd78acaa41b28d9066d4e5c,1000000000555,train,75696df693cd4166f42bbb1c8ee9f2cc4a36a806f1bb06a99f2c0ae6cb9b7d46,images/train/6be1011e719a480bbb23357f27729c61c9d1118b1fd78acaa41b28d9066d4e5c.jpg,rgb,202,155,1015,1069,813,914,503903,e1780047245a930c088f2848e537fa000b9cdb1c33d47709ba2fa95280edbcaa,cutouts/6be1011e719a480bbb23357f27729c61c9d1118b1fd78acaa41b28d9066d4e5c.png,,OK,accepted,
6e06d706d8406cd82a8ab723e5eb7ac8e264ad9ad067341b70f79d9662bb9e16,7891150101777,train,a6e129392f05de0e80db32208a471a91f15bff32518d755f568635816e46e3aa,images/train/6e06d706d8406cd82a8ab723e5eb7ac8e264ad9ad067341b70f79d9662bb9e16.jpg,rgb,507,286,698,1038,191,752,109893,2b9682dcc47bf4e1bb287fed9b7528097dff3e742ef0408250fbd489c1bd2ad8,cutouts/6e06d706d8406cd82a8ab723e5eb7ac8e264ad9ad067341b70f79d9662bb9e16.png,,OK,accepted,
6f18f16ed85f3da6a4d30622f6a7cae12ac73a3a8592a9101754cf6a5ee01b94,7702025120192,train,aa0bfe28922dc37d2f28d4ffaf01cf62a8db90d7b9c9ec2f176f868b968439f2,images/train/6f18f16ed85f3da6a4d30622f6a7cae12ac73a3a8592a9101754cf6a5ee01b94.jpg,rgb,65,343,931,667,866,324,272314,b21975c19e28917c39f91deb215ac68396ce799e5c4d04a08d4f34ec3e1e7687,cutouts/6f18f16ed85f3da6a4d30622f6a7cae12ac73a3a8592a9101754cf6a5ee01b94.png,,OK,accepted,
700909cb3595084f472d3680dfd56c1cc5f3a741188d2b9778c8e566af309055,9001064,train,39612bb815ae98bf4fa986305d62d96ee9ebf6f4fadddb07a8e714a51dfca235,images/train/700909cb3595084f472d3680dfd56c1cc5f3a741188d2b9778c8e566af309055.jpg,rgb,226,174,996,1040,770,866,642212,57c2034e31b235cdcde038d2d0663b4ade78a53cfdb1f2058376bf85453fc09a,cutouts/700909cb3595084f472d3680dfd56c1cc5f3a741188d2b9778c8e566af309055.png,,OK,accepted,
7152352429e90c8362c992d1e2367ac774739d58150b82929b23d8de9e8b77c7,0658325435078,train,08548eea4c4accf201b928266a9f544cb5a7bded4095a5b3c8a30a564121e849,images/train/7152352429e90c8362c992d1e2367ac774739d58150b82929b23d8de9e8b77c7.jpg,rgb,234,146,969,1044,735,898,561733,5e56261d8ed73af8ca8510153c8795c0d87992078637faadf55d058ef2685347,cutouts/7152352429e90c8362c992d1e2367ac774739d58150b82929b23d8de9e8b77c7.png,,OK,accepted,
71d8a2aa0b321a235aaf2184b2dbfff597b91b3e43f8315903244e138b4b1306,7506306241176,train,1e41fe1b9c0b09a7eb0c5643b3ae0570c56ca9a6374f2eb27a31b950aee87bf5,images/train/71d8a2aa0b321a235aaf2184b2dbfff597b91b3e43f8315903244e138b4b1306.jpg,rgb,463,67,734,1133,271,1066,70625,3c5337b8b74bcfe420ef6813cde76b4762ae2f0bfd9cdff2cc0e63d56de99da4,cutouts/71d8a2aa0b321a235aaf2184b2dbfff597b91b3e43f8315903244e138b4b1306.png,,OK,accepted,
7316bba71b5b2f85b1af85e726f41dc674445305dfc2df064be59da775ad2516,6971549925601,train,f694ed5a22b0b201ecb598d8964451edfc88a7240ab5258d378976834a1e6653,images/train/7316bba71b5b2f85b1af85e726f41dc674445305dfc2df064be59da775ad2516.jpg,rgb,124,246,1080,946,956,700,604578,b955529e07f1c9044ae001e375b2686ac29fb96560dc92f98adbe558956dfd50,cutouts/7316bba71b5b2f85b1af85e726f41dc674445305dfc2df064be59da775ad2516.png,,OK,accepted,
737bf2d70e44d6dc9fed6ecf49beb0751faa985c000159a457e2edf3e4d8e855,7774904408097,train,09a8b0daf14805d725b1fa61c7d18c2c40dbfc0010b8a05aad79525c7fde350c,images/train/737bf2d70e44d6dc9fed6ecf49beb0751faa985c000159a457e2edf3e4d8e855.jpg,rgb,478,181,723,1020,245,839,174751,b19e0e6d4de942b8b3591e75bf79f25406b3fca7daa14d6db58a1678ade41f33,cutouts/737bf2d70e44d6dc9fed6ecf49beb0751faa985c000159a457e2edf3e4d8e855.png,,OK,accepted,
7406f9fc8286f1a202f6f27376c24b9106b23342ed377fdbd9ae0b85fba485e0,041554094145,train,f1dac89e09de22032aff11b46be99833f7a574b4d9957bea72dc500106e1ef00,images/train/7406f9fc8286f1a202f6f27376c24b9106b23342ed377fdbd9ae0b85fba485e0.jpg,rgb,497,95,701,1118,204,1023,179535,dc70de135c4e28c933ce9ccd1ec2c28a07acf9e3f91685ab2620e19c10fa91e3,cutouts/7406f9fc8286f1a202f6f27376c24b9106b23342ed377fdbd9ae0b85fba485e0.png,,OK,accepted,
74d60d0b393f08368dc9fcb7abd89cdaa62dd260c5bd8199d283c14b98c41b43,7896451909213,train,cbae8935e43fe817a28d75057769751112ffdadb1bee711857222a90cf5a8389,images/train/74d60d0b393f08368dc9fcb7abd89cdaa62dd260c5bd8199d283c14b98c41b43.jpg,rgb,267,204,964,998,697,794,469750,cbb7d58eb66f7132533042df1de5ee8bf17febf5e743fb4062d2c281f44b2d58,cutouts/74d60d0b393f08368dc9fcb7abd89cdaa62dd260c5bd8199d283c14b98c41b43.png,,OK,accepted,
75a2bca15e9afce4f7031a87a3ac8f09a3830507c70dceea4445349cfcd2d682,7771224000376,train,24ab848d2b9f380b0539e13b602fc839c6b4810fe50372d5c0066b2eeabb8736,images/train/75a2bca15e9afce4f7031a87a3ac8f09a3830507c70dceea4445349cfcd2d682.jpg,rgb,252,167,920,1039,668,872,418045,b4bced0f927280184b404fd720c1fc02d0e62d9080ab5b801bbfe2d6af3c02c3,cutouts/75a2bca15e9afce4f7031a87a3ac8f09a3830507c70dceea4445349cfcd2d682.png,,OK,accepted,
75ab3c860893751751508d56adcad4c88d50e82fedc1a12f035a21b78b7c5b4a,6971549925595,train,e74f97de21739b37e9d68db7a10692dadde47da1bee93a8e218efc942f661f45,images/train/75ab3c860893751751508d56adcad4c88d50e82fedc1a12f035a21b78b7c5b4a.jpg,rgb,130,239,1066,958,936,719,595891,92a43e9783f2fc07afbb322726623a7ab9961525c04aa6754044b69632a9833d,cutouts/75ab3c860893751751508d56adcad4c88d50e82fedc1a12f035a21b78b7c5b4a.png,,OK,accepted,
75e8a467b1f4385710325ce7fcd1e572446d7bdf0a87d324435c6f5d95767da3,7770109841301,train,543e34e6465182bae1e602d391b14cbbfdbe35ce67b58f0e4c8e70d13ab06f6d,images/train/75e8a467b1f4385710325ce7fcd1e572446d7bdf0a87d324435c6f5d95767da3.jpg,rgb,148,277,1051,916,903,639,235382,5b6c29df9862c7acafd643e427f367ddd2344928a0557ed9b9bee7b42702c3e4,cutouts/75e8a467b1f4385710325ce7fcd1e572446d7bdf0a87d324435c6f5d95767da3.png,,OK,accepted,
762c47af2de15ce6da8d681f0619bee4f9c62f05b994cce80893fc6a68cfde5d,7896183903534,train,c5b14d24ffaafd553005e023e24fcd3600eb7a6fc390a1c90fb70c43b3c1de64,images/train/762c47af2de15ce6da8d681f0619bee4f9c62f05b994cce80893fc6a68cfde5d.jpg,rgb,406,105,590,895,184,790,114754,b2cd990825838db5facc8ef0c411be94a14c8237341fcb9b21659961078d302a,cutouts/762c47af2de15ce6da8d681f0619bee4f9c62f05b994cce80893fc6a68cfde5d.png,,OK,accepted,
7670f5f3f50e6eeb1aa057bd8c5e9c590210052ee76476d7f183ffab299faab5,7798178800845,train,cb937d9b398270c62eb1efab820db545fbf1479ec82833228581a5b3a7b048f6,images/train/7670f5f3f50e6eeb1aa057bd8c5e9c590210052ee76476d7f183ffab299faab5.jpg,rgb,288,166,894,1062,606,896,489650,13c1735a18c3edd6c3df045ca4e8d36db10a742cd75dce63e2c97f2396eeec7e,cutouts/7670f5f3f50e6eeb1aa057bd8c5e9c590210052ee76476d7f183ffab299faab5.png,,OK,accepted,
7696fccefefd5151f8c7857d399c924f7ff6450c15fbcd37e76fa721628eb4fb,7793742007118,train,1fd85a5cc960e8213fb0befcd4f5db56614209ca48fc25381e16488b5bf56fdc,images/train/7696fccefefd5151f8c7857d399c924f7ff6450c15fbcd37e76fa721628eb4fb.jpg,rgb,233,149,988,1080,755,931,115272,c9d4f2eb753d0013e817d2508d88ff1be80a68bda7f453b386a9c9a21e996b8d,cutouts/7696fccefefd5151f8c7857d399c924f7ff6450c15fbcd37e76fa721628eb4fb.png,,OK,accepted,
7779387bccef6a9ccfdd6b0fc63721151aab2629797914e3b9099aaa2af94227,7898080664372,train,db94fb882916ea8218847e8bc0a0b0efc8248a91ede991bef7760f2dbe02caab,images/train/7779387bccef6a9ccfdd6b0fc63721151aab2629797914e3b9099aaa2af94227.jpg,rgb,413,118,788,1083,375,965,355481,6972fb67dca45dc2a6db1ea8c11f98d7229ee77f388b4f3714591d847acb0bb5,cutouts/7779387bccef6a9ccfdd6b0fc63721151aab2629797914e3b9099aaa2af94227.png,,OK,accepted,
7788700087124dae8f07f66bdf2a4b37c426015a10d90bbd61c87a441b914ca8,4891228530136,train,a17918017203dc0ad18755231b18d218ae99b2e0d0ca74330d3e284a87ca7b72,images/train/7788700087124dae8f07f66bdf2a4b37c426015a10d90bbd61c87a441b914ca8.jpg,rgb,441,158,747,1051,306,893,122609,89b8ac52a9cac1e18462ef81b0ba1d823c3025ea2b4a79ee42b6022b3cbe6afb,cutouts/7788700087124dae8f07f66bdf2a4b37c426015a10d90bbd61c87a441b914ca8.png,,OK,accepted,
77910990017afa6d57fae0b3cdfcac75ca688a4967825eb9de1f4108c61bd6c2,7771228000594,train,5bf07cbdafe1793d59835dafd75de220dcc06c4d4d80c71a1e24d0e4b0146de1,images/train/77910990017afa6d57fae0b3cdfcac75ca688a4967825eb9de1f4108c61bd6c2.jpg,rgb,358,176,827,1052,469,876,373464,e3bd3d1cc68c0954c2460130b7e1e12f0e194657ab847d92b4520006f5730d04,cutouts/77910990017afa6d57fae0b3cdfcac75ca688a4967825eb9de1f4108c61bd6c2.png,,OK,accepted,
78f80124aafeab72a51607e0739eebbcbc79048ec9a3ad6c94be39c4c5e57b92,7896115704475,train,abe909ba6432bd5e0befbd1ea0683b8b19c96a62646a25460cec7191090b6a1c,images/train/78f80124aafeab72a51607e0739eebbcbc79048ec9a3ad6c94be39c4c5e57b92.jpg,rgb,419,161,795,1057,376,896,244878,0e265c7fe33b968b38ec86d5ea4ec67b60332cf95b715cc40d4e5ddafc82e0cf,cutouts/78f80124aafeab72a51607e0739eebbcbc79048ec9a3ad6c94be39c4c5e57b92.png,,OK,accepted,
793dee725d51f3c4389e73d1a302c5d91ba78457c7b23ac3f01019b7dfb9f0ef,7509552972610,train,321f36d92f3040a800cc7a16b8a4416707f522bb044a0a35cc2917cfe588e327,images/train/793dee725d51f3c4389e73d1a302c5d91ba78457c7b23ac3f01019b7dfb9f0ef.jpg,rgb,532,138,677,1069,145,931,120325,901c09241f100067864b2ceab7ceb31387561bf4477867d84d69045a2a9f7175,cutouts/793dee725d51f3c4389e73d1a302c5d91ba78457c7b23ac3f01019b7dfb9f0ef.png,,OK,accepted,
7974550c485c0603858ed71d0871d2aa74c04e07f63d688d69bb738267592702,7773800002996,train,7b53bcbf32fe6706063451b37f0e9743cd59dcbeb1acaa31557252572de3e89b,images/train/7974550c485c0603858ed71d0871d2aa74c04e07f63d688d69bb738267592702.jpg,rgb,120,208,1080,992,960,784,566636,1970ede99bdc3a61386b421ec7a1ff6a1862cb031a4e1f1c40f6f35d1468ac22,cutouts/7974550c485c0603858ed71d0871d2aa74c04e07f63d688d69bb738267592702.png,,OK,accepted,
7989f1c77286a4236b2ebedf349252e7bf0318e4b6d18b397db80c9a7aa7db1b,9001112,train,d62fd916999b7fbce5d4cc7a0538c49a504e600be97d8387be45cc87a249c396,images/train/7989f1c77286a4236b2ebedf349252e7bf0318e4b6d18b397db80c9a7aa7db1b.jpg,rgb,104,254,1060,890,956,636,388947,68f2fcfb2565f364aa70d05d27354a7cb018673f24e1069926cff1fc1b3c5ffc,cutouts/7989f1c77286a4236b2ebedf349252e7bf0318e4b6d18b397db80c9a7aa7db1b.png,,OK,accepted,
799b882ead4a5a1e0c3712b878ee51b67b8275578b2259e6fbd6a28e302758a9,7771259690504,train,50ca85193130cc45dd7d87c9411d29eefeb6fc3a3fd823842a3bdac58c1261b2,images/train/799b882ead4a5a1e0c3712b878ee51b67b8275578b2259e6fbd6a28e302758a9.jpg,rgb,337,213,858,976,521,763,346987,b349b518cfa5ef775bfa2b620f6de5aa7c0e664f0d79ec3b109113afd6a2428a,cutouts/799b882ead4a5a1e0c3712b878ee51b67b8275578b2259e6fbd6a28e302758a9.png,,OK,accepted,
79f385fe7bf9bb2cb32e201b445af56e1c0635268c10607ba41ada6a1a035a9b,7899706197762,train,4338670ee0ecf14f485fda18746f21285afbfb181010c447085ebd48df8e7dd0,images/train/79f385fe7bf9bb2cb32e201b445af56e1c0635268c10607ba41ada6a1a035a9b.jpg,rgb,424,148,777,1056,353,908,63756,3cb2149be5692cddcfaf75d8baa331d8ef11cb7d8122aad099916d1337ea47c3,cutouts/79f385fe7bf9bb2cb32e201b445af56e1c0635268c10607ba41ada6a1a035a9b.png,,OK,accepted,
7a2db58a80dfe1d608f91d8314afbf68a54b6ece9f1359e4d0b1bcedd8f69e4e,7773800002811,train,e7b10f8549df9c5504821e0dc08533236f195f342147e1572720b4729363884c,images/train/7a2db58a80dfe1d608f91d8314afbf68a54b6ece9f1359e4d0b1bcedd8f69e4e.jpg,rgb,119,188,1081,1012,962,824,603601,0f6d8f60d0fea9edeacf5400dccf44ae935959c49ea5d84ddbbef2ac8345c949,cutouts/7a2db58a80dfe1d608f91d8314afbf68a54b6ece9f1359e4d0b1bcedd8f69e4e.png,,OK,accepted,
7a39a3e74c0831b03d90096cabfabd432664b37361c951d566a3bac51479e601,8410412608022,train,bb9613c2daa43233912694b37b18243cbf21039226af54b2db79005a76fa0c5d,images/train/7a39a3e74c0831b03d90096cabfabd432664b37361c951d566a3bac51479e601.jpg,rgb,200,356,959,842,759,486,308862,fbe7dfdd0ab74a9327b096c7063c6d67597324b65d3f7c295495f00a3f9d8fc9,cutouts/7a39a3e74c0831b03d90096cabfabd432664b37361c951d566a3bac51479e601.png,,OK,accepted,
7a57e443af74a43668f893542ab18f044f42e4e6dd2e1477dc436a3a3fcbf7ce,7896042041377,train,6e8a13682334d1411f03bc00e28faaf762b8e48ac35e4b6c315617824dceadd6,images/train/7a57e443af74a43668f893542ab18f044f42e4e6dd2e1477dc436a3a3fcbf7ce.jpg,rgb,256,306,945,894,689,588,272444,c57a69f305ce3165c1d811801c9eeca0497a5b1cd96b3c2ac7476ddc5a27a426,cutouts/7a57e443af74a43668f893542ab18f044f42e4e6dd2e1477dc436a3a3fcbf7ce.png,,OK,accepted,
7a65a9e41504d44397d2a616b8458896ddabd76fcd4e6d91632a0d3fdf267603,855958006693,train,a1dd1d0f37a7fdebef8934a5322485ec559d03bc8a26401e04f56912ec8d1b47,images/train/7a65a9e41504d44397d2a616b8458896ddabd76fcd4e6d91632a0d3fdf267603.jpg,rgb,322,69,878,1132,556,1063,493265,a85d8f66bb55cc988f88338b8f93e2261d72057c10fc29685c5cc8ee19a42903,cutouts/7a65a9e41504d44397d2a616b8458896ddabd76fcd4e6d91632a0d3fdf267603.png,,OK,accepted,
7b07b766d964281edc7f6a7ac30731fe32d591e3c7693710031c6be275f97c16,7896183900755,train,fcb0df9c90389bc9a9fbd6db1c5aa8b1a8a7733f6acbb98063e48ef5d3f16bc8,images/train/7b07b766d964281edc7f6a7ac30731fe32d591e3c7693710031c6be275f97c16.jpg,rgb,339,78,666,919,327,841,250855,4d1a8405a362653bda86b3f97ad52a0285724b908521d0530a64fc495d7c758a,cutouts/7b07b766d964281edc7f6a7ac30731fe32d591e3c7693710031c6be275f97c16.png,,OK,accepted,
7b3a7a69f3e805a6bc1501804d369f61fa977efd73e0e30c081695531a939fa7,7773510140476,train,46f4505d63857e584608af63af45397ba9952d8c183e0d5031a66000d37735de,images/train/7b3a7a69f3e805a6bc1501804d369f61fa977efd73e0e30c081695531a939fa7.jpg,rgb,264,154,958,1049,694,895,583723,0b4f423e0651a089828ef035be5a3a36592e2c53019b0c735b28d654bbcb5d24,cutouts/7b3a7a69f3e805a6bc1501804d369f61fa977efd73e0e30c081695531a939fa7.png,,OK,accepted,
7b61da93853dbdf993d5964cedf118a5105bb7a7086c5c12f46a455c0ee735c4,048107256302,train,c38b57d7e44e1f1dcd81fc9f06163e046985859c34f7f85151995077c5f4cc3d,images/train/7b61da93853dbdf993d5964cedf118a5105bb7a7086c5c12f46a455c0ee735c4.jpg,rgb,320,134,881,1069,561,935,445411,d1de32f8bdef3ba9787a1c5d4de9e4aad67138aab96facaf38a154173dd0acd3,cutouts/7b61da93853dbdf993d5964cedf118a5105bb7a7086c5c12f46a455c0ee735c4.png,,OK,accepted,
7b7c921cd48544d894294d425f8ec713f0adf6bea14fb193a787331ebdc3d2a3,7896183905729,train,f9095d7efa6855e267a6737815d03d58acfc51e42ea1ffcbfa2ca4e98cbcc7ec,images/train/7b7c921cd48544d894294d425f8ec713f0adf6bea14fb193a787331ebdc3d2a3.jpg,rgb,104,228,895,771,791,543,398254,699856a492ed74ec21606b9693200a5ad048d2d427c372c6e8b45de0eef05bf2,cutouts/7b7c921cd48544d894294d425f8ec713f0adf6bea14fb193a787331ebdc3d2a3.png,,OK,accepted,
7c840911d856d140bcd4cc69b260e2c66d188c28ac7e7ed3bd4c8d95de0b9f8f,7896451927903,train,bf47bfd8c53b572eb69b0aa5f161105dfe7465c12eb2c0e7d5dbbe064e9714dc,images/train/7c840911d856d140bcd4cc69b260e2c66d188c28ac7e7ed3bd4c8d95de0b9f8f.jpg,rgb,300,170,893,1043,593,873,471130,56d6d78ddae25c554f722a8e8373e08c0e3f9c74b185bb23eeec4248a0608f19,cutouts/7c840911d856d140bcd4cc69b260e2c66d188c28ac7e7ed3bd4c8d95de0b9f8f.png,,OK,accepted,
7c9d46b701642d10ed9051a8d2dbcdda38c30a1ed09e471641a5ee4f742fc6b1,309974700115,train,0f4664ea0bc70dcc9aa05859dbf6d6f930a2a3f6a5e51ca99e5d540c4705bb61,images/train/7c9d46b701642d10ed9051a8d2dbcdda38c30a1ed09e471641a5ee4f742fc6b1.jpg,rgb,473,177,731,1020,258,843,204982,f95c2a37cdc5e3158b8b6e64b0e672622cb74e6f72670e46f57d0cfcc55a8162,cutouts/7c9d46b701642d10ed9051a8d2dbcdda38c30a1ed09e471641a5ee4f742fc6b1.png,,OK,accepted,
7da1834d2db1a1b4798c83558e45b7ca8170a9d54e0ef4298ef19b6080b524a1,7503037746192,train,c4605faf1d5b772f8c55afc5bb1e09252e9cd53e73aab6d427e852d6a41cc4e0,images/train/7da1834d2db1a1b4798c83558e45b7ca8170a9d54e0ef4298ef19b6080b524a1.jpg,rgb,220,99,981,1102,761,1003,684524,aaf1483a3e66eeb99e5c0c08259bab45b7b5422eb84b8f0cd9dd4c442fb2d36f,cutouts/7da1834d2db1a1b4798c83558e45b7ca8170a9d54e0ef4298ef19b6080b524a1.png,,OK,accepted,
7db87da94915d5a4680abfc3ca3ee2f417210a757343ee0d3d952d1998e80097,7896451901361,train,3c076dce153dc1c9f7a4d9fcb44efd61a56f8edb40b3fecd839f807b0cddaa68,images/train/7db87da94915d5a4680abfc3ca3ee2f417210a757343ee0d3d952d1998e80097.jpg,rgb,255,497,945,719,690,222,148575,ef62aeee2f963eee47e678d9533eeb868c141818b6e5ffc06ed4fb476efa7179,cutouts/7db87da94915d5a4680abfc3ca3ee2f417210a757343ee0d3d952d1998e80097.png,,OK,accepted,
7e1f01b7f8ac53f92e539cf3d368f3a8b0da6d33043409e23803f3babf69ec8c,7702191523537,train,8e8a9394547ac01048e9d8aa73cda3da705f4d550ec6c1612dd1b642b5b47fb8,images/train/7e1f01b7f8ac53f92e539cf3d368f3a8b0da6d33043409e23803f3babf69ec8c.jpg,rgb,482,148,770,1052,288,904,247894,a987cf199f45dd3acbfe72680bf0bbc4eab894d514836edb6898970c5628150e,cutouts/7e1f01b7f8ac53f92e539cf3d368f3a8b0da6d33043409e23803f3babf69ec8c.png,,OK,accepted,
7e3e4ed889e15266f74c58b55b46053a7cb766aefa4c6733b53bf3ab2c592f56,1000000000500,train,8b411446d59af83496e184380a5ee282645f62c53dd2ba85cdc79cdfea8f8337,images/train/7e3e4ed889e15266f74c58b55b46053a7cb766aefa4c6733b53bf3ab2c592f56.jpg,rgb,308,99,892,1101,584,1002,581505,1ed308b60cf5c65ccf94349a1b4177738a478cc06fbe46e0f088ff9d3e92b930,cutouts/7e3e4ed889e15266f74c58b55b46053a7cb766aefa4c6733b53bf3ab2c592f56.png,,OK,accepted,
7e50b4005f04880a89f7f00603c93812f29e73264c2c75416cb4c7203b3ce81b,7771257081212,train,080fb63ddfc82fb43ca808ab9ea132412859fb231c705c4670eb9ef1882a0187,images/train/7e50b4005f04880a89f7f00603c93812f29e73264c2c75416cb4c7203b3ce81b.jpg,rgb,329,141,902,1052,573,911,459120,0e0bdd7e4f84026106f6958d48937c9b73dd7bef98716c481b656dfcadc1ed2d,cutouts/7e50b4005f04880a89f7f00603c93812f29e73264c2c75416cb4c7203b3ce81b.png,,OK,accepted,
7f3adba40273053d9ff44b06d5d6918770f1f1c266b7b7e105189b9c620b6291,8410412608015,train,27664bcfbedc37432b69940fd4c0791cbfcd3d92f4f42eaff815ffbe326cc3b9,images/train/7f3adba40273053d9ff44b06d5d6918770f1f1c266b7b7e105189b9c620b6291.jpg,rgb,246,352,954,808,708,456,265287,2e4e5a95921955579b776a6c960aa45a79c6d56901bf288a055d8cb89c489fcb,cutouts/7f3adba40273053d9ff44b06d5d6918770f1f1c266b7b7e105189b9c620b6291.png,,OK,accepted,
7f8555660704b2c8f2577cda950342af0ec6edf98d1685f5c61f1efbf8cf95c6,42277057,train,53da31a86345714221eec9aa23a11a2066d11d422ae4f5def3de223030b835c6,images/train/7f8555660704b2c8f2577cda950342af0ec6edf98d1685f5c61f1efbf8cf95c6.jpg,rgb,205,293,1003,928,798,635,293923,28fd4b0165a778146b642e88f8b52bc4cb034cca7988c5c178513f5609f56d51,cutouts/7f8555660704b2c8f2577cda950342af0ec6edf98d1685f5c61f1efbf8cf95c6.png,,OK,accepted,
7fff854bc3e06ce4533fed53d8019d26d67fda7a95d160a8de091a4ea9a9ac19,6942108418483,train,2438700a50974d55c2b5516b6bd82f8f6263c0cbaebeebbc33105f0fc73cdc45,images/train/7fff854bc3e06ce4533fed53d8019d26d67fda7a95d160a8de091a4ea9a9ac19.jpg,rgb,345,77,842,1154,497,1077,394419,8b76442807e13d6e2ede7add8e331e26f5e8579b6efdf967ae39c59db2918e9e,cutouts/7fff854bc3e06ce4533fed53d8019d26d67fda7a95d160a8de091a4ea9a9ac19.png,,OK,accepted,
8047378c76284368ec747493798eef3150249b8d1757956d91902ba1532db193,7702026158644,train,001274517d947f195a52f48505fb2743f525d4a25186d1aae91cbcc42bd705b2,images/train/8047378c76284368ec747493798eef3150249b8d1757956d91902ba1532db193.jpg,rgb,423,143,800,1138,377,995,253189,4723fcf45c9f948ab882fa78ba4d43e96bdd5835a349f04b90beb5295a29fccf,cutouts/8047378c76284368ec747493798eef3150249b8d1757956d91902ba1532db193.png,,OK,accepted,
80fc4bfb05ae710d0c02a0b2649ab31d9dcb0720e0364cbc849709d1014aa481,6941696108509,train,a87d131b1e65062f2f621f7fc6a7f64208f3404ffef9ba87a535b6c9663706ac,images/train/80fc4bfb05ae710d0c02a0b2649ab31d9dcb0720e0364cbc849709d1014aa481.jpg,rgb,447,122,732,1107,285,985,270289,e5abde2c8715612ac36ba2ef056930874949f2d680549d77de8dba19679d036f,cutouts/80fc4bfb05ae710d0c02a0b2649ab31d9dcb0720e0364cbc849709d1014aa481.png,,OK,accepted,
8102467892d12071bbb5c722fba2e13b80f8489b3ce2e4e5d4e4a93f77843692,7899620665125,train,feb4c90c1b4cdae097c930bbe8f3ae2366935530fc11cc437205d0e008b7ea8c,images/train/8102467892d12071bbb5c722fba2e13b80f8489b3ce2e4e5d4e4a93f77843692.jpg,rgb,154,84,1044,1056,890,972,497256,c637a6528801c2938052354db63840f85e751fa24f0c6a44d90288804ca3d522,cutouts/8102467892d12071bbb5c722fba2e13b80f8489b3ce2e4e5d4e4a93f77843692.png,,OK,accepted,
81d82b230e7217e194be24e35e39dbde50cdfcd1c29e47c1ae16ca35b51f8369,7509552992076,train,deb047ea391c1b503212b0b8d159ba7c24883f718cfa5499ef540d992f9ae975,images/train/81d82b230e7217e194be24e35e39dbde50cdfcd1c29e47c1ae16ca35b51f8369.jpg,rgb,434,93,767,1107,333,1014,250722,7d6c8b10a90fa285d31772d66a2bf9ada8cf78c901aa86d034714a9cb375c0ee,cutouts/81d82b230e7217e194be24e35e39dbde50cdfcd1c29e47c1ae16ca35b51f8369.png,,OK,accepted,
82100984ffd25661f40b79ac1d423643ecaafc68a82c39a2c8e5af78f81a7133,7770000420100,train,c5d438b1a7ff64d21067a888862c574da550d3f647cea61d2d7bb27aed5fd870,images/train/82100984ffd25661f40b79ac1d423643ecaafc68a82c39a2c8e5af78f81a7133.jpg,rgb,303,167,902,1039,599,872,476531,ec5d951b4a0f8d42593fcdf002a9860a1d4a121e67a3f5ca612dde0d75807cc0,cutouts/82100984ffd25661f40b79ac1d423643ecaafc68a82c39a2c8e5af78f81a7133.png,,OK,accepted,
82662b318a8b56f311bf68881e3ace5701dc678b23d9096b4aaf21eaa67db9c1,7771258730379,train,d597e6f214198f55ebe169b5e44e3e97db458721e1b0f0b4820282a2743b3666,images/train/82662b318a8b56f311bf68881e3ace5701dc678b23d9096b4aaf21eaa67db9c1.jpg,rgb,283,151,920,1056,637,905,468473,2fe71d14dc21a9b46edeaa3be9832f755ecf19331d05874f7a5fc1c16a492f38,cutouts/82662b318a8b56f311bf68881e3ace5701dc678b23d9096b4aaf21eaa67db9c1.png,,OK,accepted,
83f3afbb4094bae1b62675161beb5bb3adfa4a6207250c9ba18d894d7ac6a5b4,7509552957235,train,a0d47b29b004b7da521e642e587f0eb29290f15bce749b015d499afe427b84a6,images/train/83f3afbb4094bae1b62675161beb5bb3adfa4a6207250c9ba18d894d7ac6a5b4.jpg,rgb,529,143,672,1066,143,923,117857,16cc257714d3d2516f3d5424c85879249dc81e731c2917bce6c53b3b007d15a8,cutouts/83f3afbb4094bae1b62675161beb5bb3adfa4a6207250c9ba18d894d7ac6a5b4.png,,OK,accepted,
84e0aff316ce7a04d442dfb2ad0d1b8a20f664a3d1ca1cd29bc19fe7adcf356b,7790010003186,train,d37e3a0682ae017a531617fce86e2d5e66884225114b3c956b4db20887eeab41,images/train/84e0aff316ce7a04d442dfb2ad0d1b8a20f664a3d1ca1cd29bc19fe7adcf356b.jpg,rgb,378,114,822,1048,444,934,304249,8f43ddf7203097d9a79339dc8d612a7221cfdcf0c15b08b76607766c077db35b,cutouts/84e0aff316ce7a04d442dfb2ad0d1b8a20f664a3d1ca1cd29bc19fe7adcf356b.png,,OK,accepted,
8517ebcdfd2fb8e64724720010f570102f9b5676bbc6cec54a8755e65926f9ea,7509552982701,train,fcf6829cb25f7a5c5a5e25786b73b1f9e2fcf3b3a32858011acc7de9f296736e,images/train/8517ebcdfd2fb8e64724720010f570102f9b5676bbc6cec54a8755e65926f9ea.jpg,rgb,461,126,711,1113,250,987,230237,46419c245ac3653292370269d48af93da2f6c992329d710ed4fa9e5646f2252c,cutouts/8517ebcdfd2fb8e64724720010f570102f9b5676bbc6cec54a8755e65926f9ea.png,,OK,accepted,
8573cf6db827c992a0e834df30961edbfba90b759f2f8eec7d2722fdf35ca75c,6941696111424,train,e6056f495e8400faa956f22b539587149940b03e8dff14b032954c17af9b7645,images/train/8573cf6db827c992a0e834df30961edbfba90b759f2f8eec7d2722fdf35ca75c.jpg,rgb,446,93,828,1147,382,1054,382252,5f2c546ba7c4e23abf40ada130899756e7f885c86bd02dad3f3611bf78efdd16,cutouts/8573cf6db827c992a0e834df30961edbfba90b759f2f8eec7d2722fdf35ca75c.png,,OK,accepted,
85bb6682fbad27e20f42671a5e19320aea887ace535907149d70e372f9744191,7896115700392,train,26a43529f71717d88d7fa1edea9274e351bab29c05a52cc72fd509acfb68ad51,images/train/85bb6682fbad27e20f42671a5e19320aea887ace535907149d70e372f9744191.jpg,rgb,417,152,771,1051,354,899,193546,1eafcb532926502a8f7986b6f7cbe8d6ba5e2921357ef5172fbb091b21cf2896,cutouts/85bb6682fbad27e20f42671a5e19320aea887ace535907149d70e372f9744191.png,,OK,accepted,
8611f94d1355fd59e4ba15d1e61d7356c55c9a58321b2285652e0efdb300708b,7791293049960,train,a6c3d7e18321c5c8f1f5becee5fc3bbae7b4eac69176d8d5f49295d46f8d05bf,images/train/8611f94d1355fd59e4ba15d1e61d7356c55c9a58321b2285652e0efdb300708b.jpg,rgb,489,148,711,1052,222,904,164900,91fc8ae44e7c7fc324743c839b9baeedb520287648d457a4a1a04281e76409fb,cutouts/8611f94d1355fd59e4ba15d1e61d7356c55c9a58321b2285652e0efdb300708b.png,,OK,accepted,
87805002531c1f9084e7111fcd9af8e0f0ef035bf9f389392557e214d21534e3,7770017980062,train,9ccaa06c9c27fdcf5beb72d847de75bd49fb6df4ff2d7af7d0c2c12ddaaf677d,images/train/87805002531c1f9084e7111fcd9af8e0f0ef035bf9f389392557e214d21534e3.jpg,rgb,295,153,900,1032,605,879,451707,053e11d86d55d63a885b95981dce8b1378909336e6ac4a1933a14a862ac97b00,cutouts/87805002531c1f9084e7111fcd9af8e0f0ef035bf9f389392557e214d21534e3.png,,OK,accepted,
87c27c184b30a7f630d80a5c67f96b4eedcd78473df5909580d1a122915d76de,1200185060748,train,e2957ee1e4e7bbfc603d43c683165401dc4974ce5c6f43f2e1180242b4b45c0a,images/train/87c27c184b30a7f630d80a5c67f96b4eedcd78473df5909580d1a122915d76de.jpg,rgb,379,145,877,1070,498,925,298509,4dfbaa03e4240aa536f1d2df74c04de922e0ea00cd876d3af2f373d4db9076c7,cutouts/87c27c184b30a7f630d80a5c67f96b4eedcd78473df5909580d1a122915d76de.png,,OK,accepted,
88051e4df2cde6b7a0834a1668f013394115a24ff045996673da75aba0759ecd,041554098303,train,643a5ebad07053fde6cbed1b003904f8790baf028f851126f6946c59e7738da4,images/train/88051e4df2cde6b7a0834a1668f013394115a24ff045996673da75aba0759ecd.jpg,rgb,469,141,730,1061,261,920,187343,57407b5279a7d5013686d4dc5101cfb7802cc6901aeb4865e97a47f68decacca,cutouts/88051e4df2cde6b7a0834a1668f013394115a24ff045996673da75aba0759ecd.png,,OK,accepted,
882cef5dd5b26ece91e33cb445873abf222c5d338ec1a32aced559f4a1200007,7791293050119,train,8182f504dc185c935a63bce50375b2e292a2758305736438efd4863c6615e548,images/train/882cef5dd5b26ece91e33cb445873abf222c5d338ec1a32aced559f4a1200007.jpg,rgb,485,131,716,1070,231,939,184907,7cc58a9772960baf570056a4af4920787f08aae9026493925c555137eb4a6c7a,cutouts/882cef5dd5b26ece91e33cb445873abf222c5d338ec1a32aced559f4a1200007.png,,OK,accepted,
88d809ec864efeec1baea6001c225e1b04af21edee0a37a0e4f16cec88a38cea,3997800006202,train,04d06eea2be9ed7009fc899ab3ac0a6ca256aec48408a78c8b54991f51b7c13a,images/train/88d809ec864efeec1baea6001c225e1b04af21edee0a37a0e4f16cec88a38cea.jpg,rgb,269,220,955,1032,686,812,472603,4f3e560711df68443787e08babbbd2453fdb6bee88e416c8bae66eb85c64179b,cutouts/88d809ec864efeec1baea6001c225e1b04af21edee0a37a0e4f16cec88a38cea.png,,OK,accepted,
892aa941705083054b3c651d5d5dbdf978e85a31e2b1976604f27cd2db2883dc,7898080665805,train,0672df4cee9acd7716089afc6d3b299fca85ff5d4228fe52e6481074bfed4298,images/train/892aa941705083054b3c651d5d5dbdf978e85a31e2b1976604f27cd2db2883dc.jpg,rgb,425,126,798,1089,373,963,352616,12796de5db84c65ffda99746a4d9e5e194fb0e48bac6c69d9cb6a0fe0c062682,cutouts/892aa941705083054b3c651d5d5dbdf978e85a31e2b1976604f27cd2db2883dc.png,,OK,accepted,
894193fdb3a8954dad25257e9b2e79ec6300a7ec5af46e25d53121c9acafecbf,7702032253111,train,9a5e2636e0f9eac60f31e45faed926704499ac9786abe19822989fd4a584c6ad,images/train/894193fdb3a8954dad25257e9b2e79ec6300a7ec5af46e25d53121c9acafecbf.jpg,rgb,187,100,809,896,622,796,425151,c8fbf23936b98a6b2adee1c87aebe97b360c70aa1d1ee981ec68bf051b2905e0,cutouts/894193fdb3a8954dad25257e9b2e79ec6300a7ec5af46e25d53121c9acafecbf.png,,OK,accepted,
894af15f849e1ff2eac7956701220433e4d8e3e3f17543daa41fdef61e560d04,7891151042178,train,03100a6a233b714e003db3d7ec5dd4bc67b21e1dc600299a0c32fac2013c0334,images/train/894af15f849e1ff2eac7956701220433e4d8e3e3f17543daa41fdef61e560d04.jpg,rgb,323,138,896,1074,573,936,463064,5389a08bfa98b1e78e86e028a56abec68389a8a571d2166a2a5007f80fc7116b,cutouts/894af15f849e1ff2eac7956701220433e4d8e3e3f17543daa41fdef61e560d04.png,,OK,accepted,
8a0937b61df276d91dc029b451e04155bb3deb9410a5ca6aab4a611aeba402de,7774904460286,train,71e654c6daea19ca43ecae6fbc2afaa39b2136f60ac9f0a490a72ac27cc232fa,images/train/8a0937b61df276d91dc029b451e04155bb3deb9410a5ca6aab4a611aeba402de.jpg,rgb,471,167,729,1032,258,865,183060,5183ea71e2cad5b0da22a6f04372b312a11948ca5f980d674783a2ebf55aa24e,cutouts/8a0937b61df276d91dc029b451e04155bb3deb9410a5ca6aab4a611aeba402de.png,,OK,accepted,
8a59137009d655f802f42f9d52181ea2384cadb7a8d9b9a6a6804807341cd581,7773435930381,train,8b77dd89e651d8a1fd07566062391fed10dedd39a27e6d9edd73afa7fa97a607,images/train/8a59137009d655f802f42f9d52181ea2384cadb7a8d9b9a6a6804807341cd581.jpg,rgb,346,53,863,1110,517,1057,459039,545ecf53f9fbda0711f364094badb747b72454612264f1c629949ed8f8bad7e6,cutouts/8a59137009d655f802f42f9d52181ea2384cadb7a8d9b9a6a6804807341cd581.png,,OK,accepted,
8aa2fda96140c9aaa1b9b90e66b2429d6c51b23565a124da86d40ccbbb03b51a,650240073540,train,e4e62ac79fbfa03f623dbef47e1eefb54f0459e9f12ce77f9c1a388503588898,images/train/8aa2fda96140c9aaa1b9b90e66b2429d6c51b23565a124da86d40ccbbb03b51a.jpg,rgb,419,160,781,1053,362,893,254463,44969f9ebaefc7def78fd760f40a4ea8ae7ba801923b58d2afee6ffca50d6b60,cutouts/8aa2fda96140c9aaa1b9b90e66b2429d6c51b23565a124da86d40ccbbb03b51a.png,,OK,accepted,
8b2317f6b4ab762fabac86b980c5135815b047a39abcf3ed234f57f6e5bf02e5,7772314690019,train,c6170a547745e0478af5401316efb72bdb5ca5b8064b5dd911f9555d046da060,images/train/8b2317f6b4ab762fabac86b980c5135815b047a39abcf3ed234f57f6e5bf02e5.jpg,rgb,225,173,960,1030,735,857,530214,f598781e643b860c18669834519ff93ff75b0122478c3bca52014af3f781a762,cutouts/8b2317f6b4ab762fabac86b980c5135815b047a39abcf3ed234f57f6e5bf02e5.png,,OK,accepted,
8b63fe1025dddef0c566ad824beb7cf46e6626dd34a3c1f4a269e68d99c8af41,7896058503074,train,d3d317f6090a33394337e33377422d9430113b84cdccb08fbf546ffd8b3deb29,images/train/8b63fe1025dddef0c566ad824beb7cf46e6626dd34a3c1f4a269e68d99c8af41.jpg,rgb,192,90,1007,1110,815,1020,677296,5858bda83e0dad0f8d7931c87c49320cfb01286d5a29fd851c800bab172ed767,cutouts/8b63fe1025dddef0c566ad824beb7cf46e6626dd34a3c1f4a269e68d99c8af41.png,,OK,accepted,
8bb4418a0589604c659deea5a14a33d9352c5ed48172e663745f22e4fa07e23a,7770109740123,train,6efb7fd4b45dd30aa1aa97f2ea9f75be4dd365036bca5f9a998860d0866e8693,images/train/8bb4418a0589604c659deea5a14a33d9352c5ed48172e663745f22e4fa07e23a.jpg,rgb,246,146,974,1051,728,905,558469,9aa87c10728e690fd59ea76fc8879c5373e3af910222f65b5a63fc5ec2ca8137,cutouts/8bb4418a0589604c659deea5a14a33d9352c5ed48172e663745f22e4fa07e23a.png,,OK,accepted,
8bef77c327762a2cb844ac8f3471aa67b89efe2e8003390f679aa6bc23356993,0799192522864,train,502f4a1f5a0a15f9ec9e7f7d946702e03d3f969911e59468326c290c71876643,images/train/8bef77c327762a2cb844ac8f3471aa67b89efe2e8003390f679aa6bc23356993.jpg,rgb,266,146,1001,1045,735,899,543602,fd425b4b8d366c51a4d962a4f4e5001e73c6114c14a9042dfe247a5b17f91fce,cutouts/8bef77c327762a2cb844ac8f3471aa67b89efe2e8003390f679aa6bc23356993.png,,OK,accepted,
8c483fde31378ca43c563cfcbf51cde96b7f9046336bd06ae70a5db338198899,7770109740178,train,d3f90766d4fd6024e933c90aebaf12cea79bda9448d5a91b43cc483a477850f0,images/train/8c483fde31378ca43c563cfcbf51cde96b7f9046336bd06ae70a5db338198899.jpg,rgb,437,234,767,953,330,719,193641,1350719e69b7de8023d97083c25b6f18bbefcf4cc98ef762e48df3d43db1b27f,cutouts/8c483fde31378ca43c563cfcbf51cde96b7f9046336bd06ae70a5db338198899.png,,OK,accepted,
8d612083ad7321e9ca1a611dc81d6f1ef96d42e85571fd8ac48c4e679b681697,855958006686,train,c0e47ad265d6817e6dc1ad9ea3a873517654bd915989d9763b4dc9ba85ac0207,images/train/8d612083ad7321e9ca1a611dc81d6f1ef96d42e85571fd8ac48c4e679b681697.jpg,rgb,321,68,879,1134,558,1066,503647,02dac283d5e1cd19c1b1703fc0ff8b4438a7ac5024e373e43521286a26682bea,cutouts/8d612083ad7321e9ca1a611dc81d6f1ef96d42e85571fd8ac48c4e679b681697.png,,OK,accepted,
8d93a8b1c6a27f83945d340b47fe7f675944f4fb8c8f156a155d3841408a631e,7774440391617,train,4e795a3527ad6029ff00728704b9aa27ac2d7e9abe38ac5414ec7b6121d54c94,images/train/8d93a8b1c6a27f83945d340b47fe7f675944f4fb8c8f156a155d3841408a631e.jpg,rgb,266,176,911,1064,645,888,370367,cef00b618c6835547fd4cd34b76b431449dc4205ed9a08bce5e19370de20da37,cutouts/8d93a8b1c6a27f83945d340b47fe7f675944f4fb8c8f156a155d3841408a631e.png,,OK,accepted,
8dc925bff9da8cd687d5c3e39521534277b0899e448be5b30a0848dbe516cd9c,07896058500233,train,64f1c89b981ac23bbe642bd20c9aff660655a26d69703c6fea72627a43de4e0f,images/train/8dc925bff9da8cd687d5c3e39521534277b0899e448be5b30a0848dbe516cd9c.jpg,rgb,342,198,827,986,485,788,325256,c81c49f108079948e1f509c0251d876dbdd7009c5a23e5b7e9220f4e7c54aeb0,cutouts/8dc925bff9da8cd687d5c3e39521534277b0899e448be5b30a0848dbe516cd9c.png,,OK,accepted,
8eb5c7cca9061ea812b4e0001a111f1b56590ff2de10d15a27a0720f116e9dd0,3501119,train,63455251accaffa8b0e7f30044536a3afc42be450c8f1f923a48849bdb64ac81,images/train/8eb5c7cca9061ea812b4e0001a111f1b56590ff2de10d15a27a0720f116e9dd0.jpg,rgb,166,115,992,1076,826,961,224262,26191b77fe6b9843b4afbde7d43f2ebc7c97aebf48f631885299c96add8e393e,cutouts/8eb5c7cca9061ea812b4e0001a111f1b56590ff2de10d15a27a0720f116e9dd0.png,,OK,accepted,
8f36c5528904c860251d22e42fecafd21e5c62856c88e0ed2ed77facf9aecdcb,7896770982591,train,3625e5819aa52b846e8d82ea5161c8c90e743ef495502222c6952c680966dd32,images/train/8f36c5528904c860251d22e42fecafd21e5c62856c88e0ed2ed77facf9aecdcb.jpg,rgb,163,250,1037,946,874,696,546123,e75df05150a65e0b78a069200e38a8392f94190785b7f85afb3bc9faf40ff45b,cutouts/8f36c5528904c860251d22e42fecafd21e5c62856c88e0ed2ed77facf9aecdcb.png,,OK,accepted,
8f64eec95382817d08ffad10e0b0eb1be924c676341a8b4566ce675b887392af,7770109060061,train,8f75587a9de85fe63048eefcc06e9265e833622fff9dd3e83840f784ce4eb4ed,images/train/8f64eec95382817d08ffad10e0b0eb1be924c676341a8b4566ce675b887392af.jpg,rgb,146,256,1049,958,903,702,540657,431122c36010e3fa537242aece26f4668cf676b450938a3f43552591c04308ae,cutouts/8f64eec95382817d08ffad10e0b0eb1be924c676341a8b4566ce675b887392af.png,,OK,accepted,
8f8ad07c47f01d98de8111ce17386ac5b20f3f871f03dfca2196d5be1841877a,7896058593365,train,f89dc329a4f998624b6a3b3b6e72ab1352f07a4e5204779a4009ed4949e0c2ff,images/train/8f8ad07c47f01d98de8111ce17386ac5b20f3f871f03dfca2196d5be1841877a.jpg,rgb,154,452,1046,810,892,358,281759,e0943ea3b17560510805f012b3520454c21ff021d969aed8f94e3ddb4eeb92e7,cutouts/8f8ad07c47f01d98de8111ce17386ac5b20f3f871f03dfca2196d5be1841877a.png,,OK,accepted,
905d83651e7bd0e99e691fffcb583548c9baa4992d71356b6500799d93ad3070,7772115002752,train,40d82ca79543847346da5c2d5d0885fd2be38f938d32649a08d430bce1767a7c,images/train/905d83651e7bd0e99e691fffcb583548c9baa4992d71356b6500799d93ad3070.jpg,rgb,277,83,976,1147,699,1064,623243,cf0f8035a0df13621f1c1d9bf16a00e04d7216ebaaf93e05b25a3e21f1d60d5c,cutouts/905d83651e7bd0e99e691fffcb583548c9baa4992d71356b6500799d93ad3070.png,,OK,accepted,
9153f499a3b557a7df071b3d1a2a25187e27e5c568161d84fdfaddb9027186b5,7773435930282,train,d454cc506325cddd0ec37a604e6216c7694f61543749d25d85311283f1d0f4f4,images/train/9153f499a3b557a7df071b3d1a2a25187e27e5c568161d84fdfaddb9027186b5.jpg,rgb,454,102,738,1102,284,1000,242213,c53031225410ee76ff556590f78e83e1945ab538309c21705a9b28cd0510d8a4,cutouts/9153f499a3b557a7df071b3d1a2a25187e27e5c568161d84fdfaddb9027186b5.png,,OK,accepted,
91ab28643ce2584016a524330e33ecc7f8958372a37aaf2bc3e930730e88c368,7771260681645,train,8a70fd2cc5fa774c47a075d1e905b530b731d6c66f63ac4bfb0f9ae21cd2fed5,images/train/91ab28643ce2584016a524330e33ecc7f8958372a37aaf2bc3e930730e88c368.jpg,rgb,243,243,972,978,729,735,407950,94365bea4d0a102617ef710a3e4e9d635eedc45571135c0521224b8d3f409dc9,cutouts/91ab28643ce2584016a524330e33ecc7f8958372a37aaf2bc3e930730e88c368.png,,OK,accepted,
91d519fe9aab04a0595ba0df4c92172d9257b26c980c6899a0d780ffbd9156f9,7771260681638,train,f0687c4872c3d0a1e2db15ddc0fa4232a4d5c3ce401618e5372642a0995bbc72,images/train/91d519fe9aab04a0595ba0df4c92172d9257b26c980c6899a0d780ffbd9156f9.jpg,rgb,451,173,720,1032,269,859,159808,9c0d24204e36944c25906db87d3002b5bf12d29a7a24eaed525455c576ea5d8a,cutouts/91d519fe9aab04a0595ba0df4c92172d9257b26c980c6899a0d780ffbd9156f9.png,,OK,accepted,
921e74d3ab0d273edf8eeb4be90230661b30683b945f9600bbcfb3ed3caef0cb,7891150046481,train,65af2fac0144e6f75fa87706c45436ecee711ea591547b1c9a6a7142db8e642d,images/train/921e74d3ab0d273edf8eeb4be90230661b30683b945f9600bbcfb3ed3caef0cb.jpg,rgb,195,302,958,1188,763,886,268261,fc8495b1f0f0769350bb7e26821bf37a92a0f75327d470638fce718c0dbf349b,cutouts/921e74d3ab0d273edf8eeb4be90230661b30683b945f9600bbcfb3ed3caef0cb.png,,OK,accepted,
9251927bd8e137de2f7cbdbdbd0225084bf41b61900aba04a6034782708f043f,7908529700254,train,62df10ef3b599e467492bf8b9bc3d9a3f9dfa7a5c029ac0b4ca342d7835571a2,images/train/9251927bd8e137de2f7cbdbdbd0225084bf41b61900aba04a6034782708f043f.jpg,rgb,401,178,774,1038,373,860,276475,81b88910c34ed6bc27d5449454767e74eff07aef4a63c8926d59b9f988929be8,cutouts/9251927bd8e137de2f7cbdbdbd0225084bf41b61900aba04a6034782708f043f.png,,OK,accepted,
9260b7459c26db2b5c8d09ca6687d71c52ecfa5ac24aacd1e421e572a8cc5237,091000009032,train,a43ed535da5cfafd20aa301b31947346569a60b6538607b01ba678f43dfc456b,images/train/9260b7459c26db2b5c8d09ca6687d71c52ecfa5ac24aacd1e421e572a8cc5237.jpg,rgb,378,175,826,1021,448,846,198234,3339ea6ddcc47b47a030cb4ff63ed32d300226b212d8ce130791d24833a5adc0,cutouts/9260b7459c26db2b5c8d09ca6687d71c52ecfa5ac24aacd1e421e572a8cc5237.png,,OK,accepted,
92684eb01ccb78f6785c8b5a37f7593a25aaf2bdf9345d7b4f6fb4cc39ad501a,7792070001652,train,b9772d3c28958bcf77ad76f50bd0ef7b7946493fb79dfdc5d6359200ef8dd08d,images/train/92684eb01ccb78f6785c8b5a37f7593a25aaf2bdf9345d7b4f6fb4cc39ad501a.jpg,rgb,483,108,703,1123,220,1015,187769,fb1f0df1bd6197d46ea8ccc0193fac303ad1303b78b91e0524404d2adb2d3cc2,cutouts/92684eb01ccb78f6785c8b5a37f7593a25aaf2bdf9345d7b4f6fb4cc39ad501a.png,,OK,accepted,
92e6a9865152c391f1e548e35445e8b6a9e4192ab8caa2d9d9a7c678652a7757,7773400004178,train,6973f71bdcf648d877f3017b629ea91accfa5dad6c5879d8a69ab3fbc648197b,images/train/92e6a9865152c391f1e548e35445e8b6a9e4192ab8caa2d9d9a7c678652a7757.jpg,rgb,272,176,918,1050,646,874,483413,9f723e1f28e6cd774b2bb7f08350d00d2ef7de684a068cbba21d9d725141bd72,cutouts/92e6a9865152c391f1e548e35445e8b6a9e4192ab8caa2d9d9a7c678652a7757.png,,OK,accepted,
93c54cf33245e2a415b6fb724883b502a8e0a59a7bcb115e8b9df709ab768288,7896183901158,train,b611e9b52823607a4764606a07b217b34e3a58864c5c183d44b156441effb5e4,images/train/93c54cf33245e2a415b6fb724883b502a8e0a59a7bcb115e8b9df709ab768288.jpg,rgb,199,104,794,892,595,788,311737,ef074b147dee4276bdfa22a25d2d70fc525eb05b97b281bf1492f100e4a5db26,cutouts/93c54cf33245e2a415b6fb724883b502a8e0a59a7bcb115e8b9df709ab768288.png,,OK,accepted,
98443b409614cbe28ce240a5048fd3892708666e4fbd02f7e5a650a59b0d9783,7772919390444,train,7ef309e5ef017ae1e2318ea2a63700e01259a758a832b649643b8eca0d74320b,images/train/98443b409614cbe28ce240a5048fd3892708666e4fbd02f7e5a650a59b0d9783.jpg,rgb,187,259,1031,930,844,671,426674,7eb71221464c05dcffa3324f8c1b720c0de420531163dce2baebb88989d612ff,cutouts/98443b409614cbe28ce240a5048fd3892708666e4fbd02f7e5a650a59b0d9783.png,,OK,accepted,
98fb748dfd157851fb986724a41f9e666b2c0d19135823847dc561cce353c47e,3997800022899,train,20c63e1c158ab7454a76cd4e7c335bc2d9f9a065cd435091690d4977df63d921,images/train/98fb748dfd157851fb986724a41f9e666b2c0d19135823847dc561cce353c47e.jpg,rgb,409,138,793,1080,384,942,343885,b14d975404538ff3b77aa2e3b601d0aaa927d0b6916dfb6e362526d2d089c1bd,cutouts/98fb748dfd157851fb986724a41f9e666b2c0d19135823847dc561cce353c47e.png,,OK,accepted,
99990e91e48a98da1b144b7f4239554af4aa5615ae81bfc7529c29449e27a5ac,7771260681904,train,9de8f6b8d8998da773ecd0a519ff414a82ef74ce3d8ff17762f35fcc4f08fb45,images/train/99990e91e48a98da1b144b7f4239554af4aa5615ae81bfc7529c29449e27a5ac.jpg,rgb,280,123,918,1066,638,943,458624,3e04e1e175f18299fe1a0ddb53b1a0af695320c588ec6f89608253e1b2ada43b,cutouts/99990e91e48a98da1b144b7f4239554af4aa5615ae81bfc7529c29449e27a5ac.png,,OK,accepted,
9a7876e480a3f6ae987bd10ebbe23fcd9ddc21603ee160e36762a3a266d3b5b6,7770000850013,train,7a5d93fa312815e05eb27a1f370aad63e7b69c7356bb8a46c8236827b4d7936b,images/train/9a7876e480a3f6ae987bd10ebbe23fcd9ddc21603ee160e36762a3a266d3b5b6.jpg,rgb,227,227,984,893,757,666,304659,2259a894ecfc5a5f08eea702c014bebde8ffefca0a4c404716c19c554764620b,cutouts/9a7876e480a3f6ae987bd10ebbe23fcd9ddc21603ee160e36762a3a266d3b5b6.png,,OK,accepted,
9b328566594495dab7645b31d7e5e9ddca16f1fccdf50844b070e72667de0ee6,309973174757,train,4865257b38bd2e62707d0027ed61b6db3f46312f66c318bcb9d45ffe50934942,images/train/9b328566594495dab7645b31d7e5e9ddca16f1fccdf50844b070e72667de0ee6.jpg,rgb,535,144,665,1050,130,906,110773,0973daa23b8c450ef6ff78018e2d9f66af96bad491eabd54873a83fa1b69ed49,cutouts/9b328566594495dab7645b31d7e5e9ddca16f1fccdf50844b070e72667de0ee6.png,,OK,accepted,
9c5c2fe781bcab57f8274a12d1db415c8c4dbae121f38029833528febd8cd1aa,7772115002882,train,d2f7e85d28f720777a25ee0ee3c5ed81f470c8093639fe7be3770df6dc6392fc,images/train/9c5c2fe781bcab57f8274a12d1db415c8c4dbae121f38029833528febd8cd1aa.jpg,rgb,399,144,797,1062,398,918,344488,2c3feb0a941067160ff80eaf5b094a4740657297a4e3cb55fbd9c0f8deb9a977,cutouts/9c5c2fe781bcab57f8274a12d1db415c8c4dbae121f38029833528febd8cd1aa.png,,OK,accepted,
9c9eba97c235bc384ff51fd520ff31d3f18a16065814ccb6e378707209b1020d,080100004412,train,e9ca534e3d866d62d94930d11c5314a609cdb6de3861184d252430976a138dd9,images/train/9c9eba97c235bc384ff51fd520ff31d3f18a16065814ccb6e378707209b1020d.jpg,rgb,378,175,826,1021,448,846,198198,39b5d633c523c74d5136624b89450d35fe27976f19638ce9b9b4a2ece92c41bf,cutouts/9c9eba97c235bc384ff51fd520ff31d3f18a16065814ccb6e378707209b1020d.png,,OK,accepted,
9ce5fe98b0a1866d35763cd8a9b5bb0867ba823bcecd2d3dab4be2a0857ad515,7779604240015,train,41ccaedda627a3d2c03570efe951c92eb342be758f9553d58284cc1f0a67a039,images/train/9ce5fe98b0a1866d35763cd8a9b5bb0867ba823bcecd2d3dab4be2a0857ad515.jpg,rgb,360,152,842,1065,482,913,369120,fe7379a7af5f614c61bc9591643e3c3a8f246660f2325dbde1955aafcc73bde9,cutouts/9ce5fe98b0a1866d35763cd8a9b5bb0867ba823bcecd2d3dab4be2a0857ad515.png,,OK,accepted,
9e1ecaf74d10001170cad425bdd116b2380794de55663c6e1a7d29e2bcad37c5,7509552962598,train,9186b64019c776234963010abfb647dc03b9d54f1758818c69e8da260ee7ff98,images/train/9e1ecaf74d10001170cad425bdd116b2380794de55663c6e1a7d29e2bcad37c5.jpg,rgb,428,146,780,1054,352,908,201905,1d3aee37c4335a3fb828185f7e8d6ade425576142d9536bac59076303afe7ca6,cutouts/9e1ecaf74d10001170cad425bdd116b2380794de55663c6e1a7d29e2bcad37c5.png,,OK,accepted,
9e2520c053b1834273f6e5c378518df1c3ee23c1224bfcf4131e0b3743601115,6942108467894,train,994f7e5939d373e8aa49d4b1fc55245f62ff7aa399f7a3513beea71747ed9f44,images/train/9e2520c053b1834273f6e5c378518df1c3ee23c1224bfcf4131e0b3743601115.jpg,rgb,220,113,973,1062,753,949,444385,62b1f816d836bf87f9f992d09e680b441b2c676dbf775a84204e6adf4fe25f9f,cutouts/9e2520c053b1834273f6e5c378518df1c3ee23c1224bfcf4131e0b3743601115.png,,OK,accepted,
9e84bb17cfb5064430e0052eb7cab98218cd63e0594bcb08d6bba68db36a2ab2,7773510140100,train,4a48de97e8e5d819ab3edf8104917c3926e6c3db2ffdb9921c184e707c30b393,images/train/9e84bb17cfb5064430e0052eb7cab98218cd63e0594bcb08d6bba68db36a2ab2.jpg,rgb,318,159,853,1039,535,880,401325,06ca53c8482dc0d8bc1fe21b6e06b5b7521b9f735b06b3e54d1b0b156f3d62a9,cutouts/9e84bb17cfb5064430e0052eb7cab98218cd63e0594bcb08d6bba68db36a2ab2.png,,OK,accepted,
9f4d93197c0ef3299b38994aca7cfe19cc46eaf3d0c51d138ddd612e284c9cbb,7801235002417,train,d8f4ad94a8242423823042e76fc269b5731beafe25f2c10f294f9e3dcca66055,images/train/9f4d93197c0ef3299b38994aca7cfe19cc46eaf3d0c51d138ddd612e284c9cbb.jpg,rgb,103,282,891,709,788,427,303637,7ef06841fee443774cd1f919c3b81ae28260a886f3eb56b328ce77e37821ec10,cutouts/9f4d93197c0ef3299b38994aca7cfe19cc46eaf3d0c51d138ddd612e284c9cbb.png,,OK,accepted,
a06834a61aa7162402dce67ba8896d3f6199364190b2f429f8d8e8938ecfda9b,6930862781561,train,7e7de41dba737b3d33f301dd49076afda0b10436027e6a9d343a100db74d0b93,images/train/a06834a61aa7162402dce67ba8896d3f6199364190b2f429f8d8e8938ecfda9b.jpg,rgb,231,134,970,1065,739,931,459689,027f32ca8621b016b5d466f383ece8da2704f0b5f432aacad572676bacc36266,cutouts/a06834a61aa7162402dce67ba8896d3f6199364190b2f429f8d8e8938ecfda9b.png,,OK,accepted,
a073719f656ddd78461c225a458a73de13948ae1c8f38c914914149cc86951c1,7771214005459,train,46dcadf3e3a95c8ba79e393343f1eb640405c24f41324f145d95532bb60e8f04,images/train/a073719f656ddd78461c225a458a73de13948ae1c8f38c914914149cc86951c1.jpg,rgb,466,121,740,1067,274,946,212392,8f6cbcd84a30db38adc51766d71e9f79bf07260edcdfc4de71cb7143bb250483,cutouts/a073719f656ddd78461c225a458a73de13948ae1c8f38c914914149cc86951c1.png,,OK,accepted,
a1269b50cf6d3f09bcd0ace73eb7a1c1bc0a6cccf1e1a4d4f43e68584cfa22d7,7896183902124,train,6f1433c6cca33e3e598bbeb49d13f626d3631249a0533d3032a7788b1e04ef8f,images/train/a1269b50cf6d3f09bcd0ace73eb7a1c1bc0a6cccf1e1a4d4f43e68584cfa22d7.jpg,rgb,334,74,662,924,328,850,250041,f226d646c4dac4a5bad0a6b8bc693a60d0b52a7c104c331107fbe838e17cf738,cutouts/a1269b50cf6d3f09bcd0ace73eb7a1c1bc0a6cccf1e1a4d4f43e68584cfa22d7.png,,OK,accepted,
a25a7079659c1d67fa2f12a10a59cf7708b2d6564a81e2aef66870df81301e76,7509552982695,train,a0538f2bbfc7e3ac4c6a24c335ef8b7d4d7739f70bee436c86043d400cf25ec5,images/train/a25a7079659c1d67fa2f12a10a59cf7708b2d6564a81e2aef66870df81301e76.jpg,rgb,458,107,712,1114,254,1007,238324,e8ac5a07ccfd837d360fe78ff90617b64c192dc15b421efd91d44d3ff4cf91d5,cutouts/a25a7079659c1d67fa2f12a10a59cf7708b2d6564a81e2aef66870df81301e76.png,,OK,accepted,
a27fe00ca31384a167b9975cbf3a4c6be77e135e0f67fe2f00cbe66c8f6def89,7891116169568,train,fdd69b2ebc08a57567c849a5792d2abc99da094aa6385f16805912f59a19107f,images/train/a27fe00ca31384a167b9975cbf3a4c6be77e135e0f67fe2f00cbe66c8f6def89.jpg,rgb,405,164,804,1094,399,930,303036,29e90d37a71208d4ffd66370822c77714b7e496ef86d81b5aa65c3af95d7bec5,cutouts/a27fe00ca31384a167b9975cbf3a4c6be77e135e0f67fe2f00cbe66c8f6def89.png,,OK,accepted,
a29f2423967fb93cee1107a9408e5188f196dd5277408325f2b4a2d0409caa14,8002297010580,train,3481a2412beef0274d76d17eb40c12ce95687a565721dfdbb5107e43a483074f,images/train/a29f2423967fb93cee1107a9408e5188f196dd5277408325f2b4a2d0409caa14.jpg,rgb,190,236,1008,971,818,735,595365,aa80724a8db6dae1eb4338c88bbd3bc95c1768f95afaecc18821d590b1c34c37,cutouts/a29f2423967fb93cee1107a9408e5188f196dd5277408325f2b4a2d0409caa14.png,,OK,accepted,
a2ba38e7cb0261ed2cfd6545aced2de2e0050de93326bba8bb8706fae1501a09,7773435280332,train,7b39cbc1457bbca92750ca4ca34b89fa5bf2aed5aa5469d16fd21922a398b594,images/train/a2ba38e7cb0261ed2cfd6545aced2de2e0050de93326bba8bb8706fae1501a09.jpg,rgb,345,148,870,1043,525,895,365475,57d20df3671bf3a38109704f25c58cbaacd0c8be42fa1adfbe3585644fe4f1c8,cutouts/a2ba38e7cb0261ed2cfd6545aced2de2e0050de93326bba8bb8706fae1501a09.png,,OK,accepted,
a33410c8d23ad83ef8cd22e80e17be1806994a96488e4ddc3be89d845de818f6,7702025142446,train,0a6a05c6d6bc8e27defad093fa0635435a8fb80f58d9c78611615afc14436f44,images/train/a33410c8d23ad83ef8cd22e80e17be1806994a96488e4ddc3be89d845de818f6.jpg,rgb,102,330,892,668,790,338,212718,bdf2792057a625609eafd3d59cf02fcaa13c6959331a0b217f8c731150281b6d,cutouts/a33410c8d23ad83ef8cd22e80e17be1806994a96488e4ddc3be89d845de818f6.png,,OK,accepted,
a4fae84763eb2be635b3d7bab535c1787dfa8a62df83b31388551fafec736f47,7896451912459,train,ad752cfb79e191f8cc427ece7fa8340833715010e3521fa0379e39ead76c9a9f,images/train/a4fae84763eb2be635b3d7bab535c1787dfa8a62df83b31388551fafec736f47.jpg,rgb,353,162,820,1041,467,879,379998,3cb0bd59e040279f63a5d3cbd37ef0ad7deb2232ab15112c8b779f8b5c04b89c,cutouts/a4fae84763eb2be635b3d7bab535c1787dfa8a62df83b31388551fafec736f47.png,,OK,accepted,
a51d425d42ea40d83b0326a0dfc53dae2288392a740ae78e55ec3fe8c4f8f83d,7771260681218,train,ef00f5707f78aeaccff0b699a0baafa24f93aafb221ad89d173738784c6d42dc,images/train/a51d425d42ea40d83b0326a0dfc53dae2288392a740ae78e55ec3fe8c4f8f83d.jpg,rgb,186,108,1014,1089,828,981,579759,464f476b0f3c7993b0a6aae8bbc80f50d0d09bca481a924b799461fc7e62ee6c,cutouts/a51d425d42ea40d83b0326a0dfc53dae2288392a740ae78e55ec3fe8c4f8f83d.png,,OK,accepted,
a545dc5785d9874566615d24a056c1cf59d580c7fc917a8ac034fb80caaf7ace,7770017980048,train,82242574f90df36c049722c0d0dd0f16f5c22f7310d4d1fd3f66a1a4c3abdb01,images/train/a545dc5785d9874566615d24a056c1cf59d580c7fc917a8ac034fb80caaf7ace.jpg,rgb,126,133,1071,1062,945,929,668498,6879b560f4e6da7380d3467d8b75c4c29db7dcdcc21fcbc85cb30e6b3028a34e,cutouts/a545dc5785d9874566615d24a056c1cf59d580c7fc917a8ac034fb80caaf7ace.png,,OK,accepted,
a58ea1313b43710c85b00f48945def3452e1f9a80247c5d5b3b2fc66adab3903,7896451912893,train,cde3af0bb343c65ff39baa7c924511d6cbf79fb3aa5b4723cf41a1a3e448809b,images/train/a58ea1313b43710c85b00f48945def3452e1f9a80247c5d5b3b2fc66adab3903.jpg,rgb,296,207,893,993,597,786,398864,efb1ec714e9a56d5e646a53125f26ae4df172b427e0cdd93e8822df7db43f04e,cutouts/a58ea1313b43710c85b00f48945def3452e1f9a80247c5d5b3b2fc66adab3903.png,,OK,accepted,
a63bae14863f3ebe053e2f3b44d77d114db3b949f7c31dee2e45ee84ba88ccf4,077948496,train,9e3391ce6330aa534c6e793b38065c123bfec2c7609ed532fbaa094bee93a3b6,images/train/a63bae14863f3ebe053e2f3b44d77d114db3b949f7c31dee2e45ee84ba88ccf4.jpg,rgb,131,437,1070,761,939,324,265724,82810eb290c8d76f52eabc517eea55adf62d6796e61996fdb4849bd2f3198cf5,cutouts/a63bae14863f3ebe053e2f3b44d77d114db3b949f7c31dee2e45ee84ba88ccf4.png,,OK,accepted,
a7a4e916743b5b8dbc4edc9f2db0305c0f9e1e767e57d2dadf216e02f47eee02,7801235002400,train,7b269d14f2a53cf9180f5f38f0e56fd9d2d4c52301b4b844ebf210ae30e2122b,images/train/a7a4e916743b5b8dbc4edc9f2db0305c0f9e1e767e57d2dadf216e02f47eee02.jpg,rgb,101,288,883,709,782,421,279918,4d83bf846469eedf4152e88105f2dd42bcf638182ee6491903254e6009287eaf,cutouts/a7a4e916743b5b8dbc4edc9f2db0305c0f9e1e767e57d2dadf216e02f47eee02.png,,OK,accepted,
a7ba900ed4a339451f50d0ad26dcea95f5a3446fb94fe973ff065c66c96a4b9b,7896115700026,train,c3ea766010f8817829e4ba60863341a8e349783da13489d1db4fa49910c370bc,images/train/a7ba900ed4a339451f50d0ad26dcea95f5a3446fb94fe973ff065c66c96a4b9b.jpg,rgb,447,170,777,1053,330,883,243536,04a76b113ff0f0f4623879d0b781b01c26bc08fb8336ce351376b446c97b0251,cutouts/a7ba900ed4a339451f50d0ad26dcea95f5a3446fb94fe973ff065c66c96a4b9b.png,,OK,accepted,
a9151f98516c0d57aaf8c80de5a45d66bfaa34f26a4557562968c324ab1b3f7a,7896451913586,train,4cbf137017c5bc24cda3ee753cf867929f610a1b6705407b9be957c963320e9b,images/train/a9151f98516c0d57aaf8c80de5a45d66bfaa34f26a4557562968c324ab1b3f7a.jpg,rgb,457,172,729,1027,272,855,211856,e893f46381b3f1f71834c6398204e24332d5d5bee6c973b449a18451fd94bc54,cutouts/a9151f98516c0d57aaf8c80de5a45d66bfaa34f26a4557562968c324ab1b3f7a.png,,OK,accepted,
aa7fc1a6a080e4b920fa85d5bb4836524ac4796fede7e2cd08904a299dff5841,7896451908810,train,f92140b3bbfb1744348a7c3526bfb8413977a9152dbec9958dc42dc07c5d8a97,images/train/aa7fc1a6a080e4b920fa85d5bb4836524ac4796fede7e2cd08904a299dff5841.jpg,rgb,284,146,914,1049,630,903,510715,cd3bfae59e5a353e3beef89eb50cb75fe4e7bf92cb8f392c6221233a3b802da5,cutouts/aa7fc1a6a080e4b920fa85d5bb4836524ac4796fede7e2cd08904a299dff5841.png,,OK,accepted,
aa96ed4065c80ed5ed0ac88bee00042662595456849c3467b950b8d5389bd42c,7840185788552,train,57a23cf46768ff2a2f836764d991059e9be64f6d20c9d24e68d839e9f64d037f,images/train/aa96ed4065c80ed5ed0ac88bee00042662595456849c3467b950b8d5389bd42c.jpg,rgb,273,148,938,1051,665,903,465762,0c8234255a536f3301e63a0497a5abc472720d44f35f0c5ecf61630e80271518,cutouts/aa96ed4065c80ed5ed0ac88bee00042662595456849c3467b950b8d5389bd42c.png,,OK,accepted,
ab0d0f77c2a469faf07708e01de50a2bd27d58448c770fc71c3d0528fa044fad,8683655870291,train,53bd82e60c6833e01b5c1d86650fa3314188c5cadf4f544f6664deaaff66e886,images/train/ab0d0f77c2a469faf07708e01de50a2bd27d58448c770fc71c3d0528fa044fad.jpg,rgb,152,400,1038,808,886,408,180480,52e5557a5ceb8158f7ed6b84d1377b5f9ad507c7845b6e1baf45bd28c354cb6e,cutouts/ab0d0f77c2a469faf07708e01de50a2bd27d58448c770fc71c3d0528fa044fad.png,,OK,accepted,
aba1375287823a6ab2eb5752ae1820634fb5e60e0a8878873b3d81c3f8ec4e80,0659525117740,train,abb60e017f82710803979e69ece51ad4702607693371e923b79d1cde62333d95,images/train/aba1375287823a6ab2eb5752ae1820634fb5e60e0a8878873b3d81c3f8ec4e80.jpg,rgb,405,128,755,1042,350,914,241799,551accdfbb10205a85c5a33ea2d7e47b2b81d5e310bc6029eedb7f83b8075058,cutouts/aba1375287823a6ab2eb5752ae1820634fb5e60e0a8878873b3d81c3f8ec4e80.png,,OK,accepted,
ac01a57906e70cf612e2edd787cac5ec8a9022bd2c93624f8b598b77f322f5dd,7891150103146,train,e2466604784a1d85b359b3b414b8665fc0afe0e7f907d43ea7dc95f15ad5b7b8,images/train/ac01a57906e70cf612e2edd787cac5ec8a9022bd2c93624f8b598b77f322f5dd.jpg,rgb,460,149,740,1051,280,902,36484,b93f952f6f4929516209bd5d50fa2f4fe139177fc36d1dcbdde6bec558f4bb45,cutouts/ac01a57906e70cf612e2edd787cac5ec8a9022bd2c93624f8b598b77f322f5dd.png,,OK,accepted,
ac1f283f6206d584e2d0a90c80b6f639e6d9fe24c085125dd9ea64fb1c21c86a,7896150020233,train,8a495888f5b55b47bc85b2b246c60bf34c24ecc0d02cd5cbb63b0edd2ead1284,images/train/ac1f283f6206d584e2d0a90c80b6f639e6d9fe24c085125dd9ea64fb1c21c86a.jpg,rgb,165,254,1026,960,861,706,584184,499447a1ae1ff78c6dfbf9590cb6dfd1d02f0230cd1cd53ace50334a066fcaed,cutouts/ac1f283f6206d584e2d0a90c80b6f639e6d9fe24c085125dd9ea64fb1c21c86a.png,,OK,accepted,
ac34a4b0b8fce79d2e3348a1581b8b953230deb6ad6b04f59d1d9f2abc37a67f,7791293049571,train,cd084aff3818915c1332a771d4cc0c26bc79bfa958af33990a503e9710d3baff,images/train/ac34a4b0b8fce79d2e3348a1581b8b953230deb6ad6b04f59d1d9f2abc37a67f.jpg,rgb,472,120,728,1078,256,958,195876,18d0ed8993a45d403fcb7402ffe2c882f8518bf1a33cff72736fb3f5c323cd0e,cutouts/ac34a4b0b8fce79d2e3348a1581b8b953230deb6ad6b04f59d1d9f2abc37a67f.png,,OK,accepted,
ac36e952091dc6eb4514c8a8b09ab3d62defc3cbc009da88d5593e9702bb44fe,7770108960140,train,547ad0e6c6f52e545ff91492da40f49e2e14395a052707c8dd2b11f06c5d01e1,images/train/ac36e952091dc6eb4514c8a8b09ab3d62defc3cbc009da88d5593e9702bb44fe.jpg,rgb,374,158,785,1068,411,910,334815,05c4bb5163d35ef6a9bbd170bb01fa6cd55f5fb65bb47e13c7691f51991de02a,cutouts/ac36e952091dc6eb4514c8a8b09ab3d62defc3cbc009da88d5593e9702bb44fe.png,,OK,accepted,
ad9dff34a6e1fe0a49dc0447a277e5ef7be141cfd505f42a85ecc96a0b34095b,77961815,train,b2b861aca1c5fc88dd457cb018bec526c4dff83002203f71560671ee4e77605b,images/train/ad9dff34a6e1fe0a49dc0447a277e5ef7be141cfd505f42a85ecc96a0b34095b.jpg,rgb,46,433,1083,802,1037,369,250758,22035c184a324efeef96950ccb8609730635d966ba93b3631cb688dedc2bf572,cutouts/ad9dff34a6e1fe0a49dc0447a277e5ef7be141cfd505f42a85ecc96a0b34095b.png,,OK,accepted,
adc54e3144b84402a7ed15c60b88dd93b8283fc8afa92442d8d3dd2decfa03af,041554098136,train,cfd4349e505e6fa5f107ae37daa73e868b1d8728ade19bbf368b3c3916e3cad3,images/train/adc54e3144b84402a7ed15c60b88dd93b8283fc8afa92442d8d3dd2decfa03af.jpg,rgb,474,178,728,1023,254,845,204019,893e63b03281a4f68eb152a8491d44fbcc74083d504bdf24f27f3c553c0029af,cutouts/adc54e3144b84402a7ed15c60b88dd93b8283fc8afa92442d8d3dd2decfa03af.png,,OK,accepted,
aee7ba3bcd90dade45bef6e2d80470923d41f4d88150b4f05a4d4a8e61a21f86,7773510140124,train,030f89ff2c3b915866049936174c414b61c95a555487e77195492c52dbf96482,images/train/aee7ba3bcd90dade45bef6e2d80470923d41f4d88150b4f05a4d4a8e61a21f86.jpg,rgb,499,138,702,1066,203,928,166971,51527ec26b710d6c0d17d024aa57e66d7e604cc76f51b3baef04ffbe56b60200,cutouts/aee7ba3bcd90dade45bef6e2d80470923d41f4d88150b4f05a4d4a8e61a21f86.png,,OK,accepted,
af4ccfbf9339a2cc44215c5cc28e38077f0b82475dd8e5987e6d5767da9e3e54,7891010882983,train,13d03bd1ec9f2194178ee14ae56d0f61eb0d8c61859e377337cf5f907568ade7,images/train/af4ccfbf9339a2cc44215c5cc28e38077f0b82475dd8e5987e6d5767da9e3e54.jpg,rgb,128,174,1068,1032,940,858,730692,c45fe6f9da9e738a5d377de757f6c21cee99f22977d58bd007bb8e890e69310c,cutouts/af4ccfbf9339a2cc44215c5cc28e38077f0b82475dd8e5987e6d5767da9e3e54.png,,OK,accepted,
afc9f8a32decf30be37b2ad8a4b987f4b4f2ac248ba12f62e980909bb5d559a5,7503037746109,train,c59393373eab3890e169ed621bbd9a796f9758300fdf19c0d1182cd905abbc73,images/train/afc9f8a32decf30be37b2ad8a4b987f4b4f2ac248ba12f62e980909bb5d559a5.jpg,rgb,221,100,978,1109,757,1009,671557,dc98e8a0b3da74c40d4972c12b34d8c85b31075c17e18f24f28f0d82afb8d766,cutouts/afc9f8a32decf30be37b2ad8a4b987f4b4f2ac248ba12f62e980909bb5d559a5.png,,OK,accepted,
b0378535cd64c3966907d5f5b561e35396390f7b39bbf264d0ca4f5215c52db4,8809686120215,train,e481723000795d98f221ed5f613ea171f6437de855341be63997b91ab6201fec,images/train/b0378535cd64c3966907d5f5b561e35396390f7b39bbf264d0ca4f5215c52db4.jpg,rgb,465,166,708,1046,243,880,77029,ee8e1200c63a24d6cbdd6939a62a6623b68e7198961dd29aa7de6a7008f7328b,cutouts/b0378535cd64c3966907d5f5b561e35396390f7b39bbf264d0ca4f5215c52db4.png,,OK,accepted,
b03d50dd07ca34d71bc54c0540a049793e1175ab44eef640a4b2add7e14e7b79,1000000000566,train,bf86ef8126b464837024d7b7e4ba842e300e1883066154c4ac8605cd53ab510f,images/train/b03d50dd07ca34d71bc54c0540a049793e1175ab44eef640a4b2add7e14e7b79.jpg,rgb,203,157,1027,1042,824,885,519498,9daa0445df7d693b305d35d146c6a5b51c7549006891341c2daa570f6aba6845,cutouts/b03d50dd07ca34d71bc54c0540a049793e1175ab44eef640a4b2add7e14e7b79.png,,OK,accepted,
b098230a5a199dcfb944c5bf036de3cf7ee8f83781a4d6605d3edcdebfb551e4,7899620679306,train,fb9fe92d3425d95fcb97b09c77a7b1bc684b36815b2e0a4ef03fce081569a3ea,images/train/b098230a5a199dcfb944c5bf036de3cf7ee8f83781a4d6605d3edcdebfb551e4.jpg,rgb,168,84,1038,1056,870,972,523093,d51917e3650d0b374d5243a231be69b373bef4c1d94779317a290447f6d47683,cutouts/b098230a5a199dcfb944c5bf036de3cf7ee8f83781a4d6605d3edcdebfb551e4.png,,OK,accepted,
b0fe956962cd55173191c63be2a90bd3417c2e52b41c43bd906fdbfd5c89c040,7791293049953,train,7ad948c9632f0e6be05c28a074f7188077068985978d0e41e9ed6b5f45a4af92,images/train/b0fe956962cd55173191c63be2a90bd3417c2e52b41c43bd906fdbfd5c89c040.jpg,rgb,489,149,710,1051,221,902,169296,630561f359ddf2bc43c7bcf570cdda6287e683def4ca0467e7cdc47a28076b1f,cutouts/b0fe956962cd55173191c63be2a90bd3417c2e52b41c43bd906fdbfd5c89c040.png,,OK,accepted,
b11409edd55e49e2d70f744c3686e8a71470d61d355e495e2f92d26c1165a0c2,7896183903503,train,ba23fa8c2e42ed22ba4b19eaf7845460665144a8572b8b0a551800fbd98ef480,images/train/b11409edd55e49e2d70f744c3686e8a71470d61d355e495e2f92d26c1165a0c2.jpg,rgb,404,45,601,959,197,914,142315,472624fc5ea9643761d5b04b49b0680827ed759bf7265aac2029dd9152daf4bc,cutouts/b11409edd55e49e2d70f744c3686e8a71470d61d355e495e2f92d26c1165a0c2.png,,OK,accepted,
b3a78aa56f31f170d8bf79daa6973947e473eab926aaf1ed4e659355ba76b868,7773510140155,train,d62c3dcaf05a36109f80b2d31746ed0e370a9793a7fa2e89b6381fade3cdc9ee,images/train/b3a78aa56f31f170d8bf79daa6973947e473eab926aaf1ed4e659355ba76b868.jpg,rgb,329,198,841,1013,512,815,359791,f27d294deddcc77265e9961eaec90cab82400a5d7e9a65504ffbbf2ba2cd5c76,cutouts/b3a78aa56f31f170d8bf79daa6973947e473eab926aaf1ed4e659355ba76b868.png,,OK,accepted,
b4280c7fb6d2d41ac9386b55c2d74ad059dbf8d5faf86fd3a621ff5d2eb4fdee,7891962060361,train,ee8b5a8c18313eedbeb6807d3ef2e3a64396154d2ca6c6f91ca789226d8118b4,images/train/b4280c7fb6d2d41ac9386b55c2d74ad059dbf8d5faf86fd3a621ff5d2eb4fdee.jpg,rgb,362,180,851,1021,489,841,340219,889a0d40915a29a0d71f606094598cc2b5adca4289ccf45e630bcbf4bd0a143f,cutouts/b4280c7fb6d2d41ac9386b55c2d74ad059dbf8d5faf86fd3a621ff5d2eb4fdee.png,,OK,accepted,
b4508f4ab1f87b01bb51d2dd39d7cde9e5b431c2f63e4886455be52246d48f15,7773435280325,train,561cfc6ec65f54b0cecd3f2ebc224fb5414bfb286c68ec079945d72227dee093,images/train/b4508f4ab1f87b01bb51d2dd39d7cde9e5b431c2f63e4886455be52246d48f15.jpg,rgb,333,146,880,1063,547,917,386856,9ec2aa435811665869797f91de228f6501d20a115c7769f3c608a3f98b2806f9,cutouts/b4508f4ab1f87b01bb51d2dd39d7cde9e5b431c2f63e4886455be52246d48f15.png,,OK,accepted,
b4c1c7fe7bde7191571b2f2baffd65f9d2701ee3be4db25f5496fe3a73534f0d,7908320401893,train,128819914122952359849a0e04ca4510f7302cbea77ff5b98745cf62a699c613,images/train/b4c1c7fe7bde7191571b2f2baffd65f9d2701ee3be4db25f5496fe3a73534f0d.jpg,rgb,303,135,893,1066,590,931,536579,e3197b548cf145adf3523b746346857f66a0f862ee37f0c14e3958a46bf06e22,cutouts/b4c1c7fe7bde7191571b2f2baffd65f9d2701ee3be4db25f5496fe3a73534f0d.png,,OK,accepted,
b4e3d0390803645442fcd660817fffd27d6aa667ddf6269785de73fc62570273,7773431000057,train,32677f0231086730934147c46e81902db7e92511ca8fa5eb9cafd9981d0480f6,images/train/b4e3d0390803645442fcd660817fffd27d6aa667ddf6269785de73fc62570273.jpg,rgb,254,124,953,1058,699,934,578351,e78e8f7c33ebf4d3c93dacf3836fb6834026c4ee31a1a0e0db30569a6147caa9,cutouts/b4e3d0390803645442fcd660817fffd27d6aa667ddf6269785de73fc62570273.png,,OK,accepted,
b4f41caaf9e4ee9f7fd3586d3144fa69f96bc0f858f7c84c6acf951fffd699fe,074108456427,train,a8b0d77fa85039752455cb8d1e21b60992e3e597cf4338f865b6f54183059802,images/train/b4f41caaf9e4ee9f7fd3586d3144fa69f96bc0f858f7c84c6acf951fffd699fe.jpg,rgb,334,135,884,1080,550,945,98351,82d5a664daa5181a33cded56b3e494548b4630f621f6d22b52b8593142d0290b,cutouts/b4f41caaf9e4ee9f7fd3586d3144fa69f96bc0f858f7c84c6acf951fffd699fe.png,,OK,accepted,
b51000a6ac6662cf7d5c13b7ba80cdc113f4644c106e0884cb1f43c3ed0682d9,7770109740024,train,83e69ebc834b4ff217f4ffd4dd60bb9b213b7204903bd25d4aea0dc2b9bfa5d8,images/train/b51000a6ac6662cf7d5c13b7ba80cdc113f4644c106e0884cb1f43c3ed0682d9.jpg,rgb,431,232,775,960,344,728,182034,87c88ef0fb865ea7814cb7cd36a211d879431a2e81a484b2d15f876d66206934,cutouts/b51000a6ac6662cf7d5c13b7ba80cdc113f4644c106e0884cb1f43c3ed0682d9.png,,OK,accepted,
b590c3881d14f48afe54e464af949896c25ec3f597be2ed64844c7dbbca39e7d,7509552961881,train,4b09dddeda5fdc730eec0dc549a9d723da54bf72e9be00f43ce4e7674a536ac6,images/train/b590c3881d14f48afe54e464af949896c25ec3f597be2ed64844c7dbbca39e7d.jpg,rgb,416,174,800,1022,384,848,163371,b8af2b16b9ea8e0f6c6b05c414d066086d06d3dd7844bdbad68853f3bc73a2ba,cutouts/b590c3881d14f48afe54e464af949896c25ec3f597be2ed64844c7dbbca39e7d.png,,OK,accepted,
b8163c8145ea302027fc8e5cb13d56ae6711f7817cbfbc4a79ce0f848cf78f21,309979632329,train,e9ca534e3d866d62d94930d11c5314a609cdb6de3861184d252430976a138dd9,images/train/b8163c8145ea302027fc8e5cb13d56ae6711f7817cbfbc4a79ce0f848cf78f21.jpg,rgb,378,175,826,1021,448,846,198198,39b5d633c523c74d5136624b89450d35fe27976f19638ce9b9b4a2ece92c41bf,cutouts/b8163c8145ea302027fc8e5cb13d56ae6711f7817cbfbc4a79ce0f848cf78f21.png,,OK,accepted,
b83e13098567154b312cbde303d65631c17a5c65584275f1e168defc84fe2f30,7770017980017,train,7c46fe8ee48bbf5573fba9dc428e421b59e64e45e796a81a1a63f98683736ec7,images/train/b83e13098567154b312cbde303d65631c17a5c65584275f1e168defc84fe2f30.jpg,rgb,251,120,949,1080,698,960,667804,eaaf4baf9eb60565bc454ea8f49ae77b69a8d4ef51653599efbb33d93dc281a9,cutouts/b83e13098567154b312cbde303d65631c17a5c65584275f1e168defc84fe2f30.png,,OK,accepted,
b940782852c511ac3c8a086e0dddcc7ca9c27c693fbca48cdd5f928f3990f142,9001061,train,e20250e0637bde81a786daa0a924281b9948df66d8faf474fb5570f7518a498a,images/train/b940782852c511ac3c8a086e0dddcc7ca9c27c693fbca48cdd5f928f3990f142.jpg,rgb,159,203,1030,1024,871,821,680383,97ff1d7ce4870777e993cd235ce602c53a03d14f5c492a204a20433e7cd3369a,cutouts/b940782852c511ac3c8a086e0dddcc7ca9c27c693fbca48cdd5f928f3990f142.png,,OK,accepted,
ba039dc68b8051eace0ed5164da399620f56c8a07c691aa503ac624115e1364f,1200185065958,train,3cb96d0cf497f330b0de0ca343a9ca5efb893a4dd3f9023d82e09bf8105613d7,images/train/ba039dc68b8051eace0ed5164da399620f56c8a07c691aa503ac624115e1364f.jpg,rgb,465,140,735,1060,270,920,242752,91f11467204e0119fc23542d932d5497f7b45fefa60d2a94f04e90429ea2ac5e,cutouts/ba039dc68b8051eace0ed5164da399620f56c8a07c691aa503ac624115e1364f.png,,OK,accepted,
bc01a93db5fedba3df2d89881655b04998370b115fc0d2cf93ce1761da1b6e1d,7898080665782,train,3f429cdbf66fc5c24653ce62742f960743e4bad4d26d51d0b6868fc6bf7b51f6,images/train/bc01a93db5fedba3df2d89881655b04998370b115fc0d2cf93ce1761da1b6e1d.jpg,rgb,412,120,787,1085,375,965,355383,990a89626409293a30e2a5f87497ea0a453b05f0c38a0c7e9810025b420b949a,cutouts/bc01a93db5fedba3df2d89881655b04998370b115fc0d2cf93ce1761da1b6e1d.png,,OK,accepted,
bc536cff54531a22693def9fc4b2d5275cfcf35f4594d21bee2d955698597c04,7750243086417,train,cf540f0aeddb679850b7a7764100fbdb8836b48a302a966e551593148541253a,images/train/bc536cff54531a22693def9fc4b2d5275cfcf35f4594d21bee2d955698597c04.jpg,rgb,380,205,831,977,451,772,302032,991e6f26ad3a9ef763830fda83d1e4430afc782d8b893469581100010cfa05c8,cutouts/bc536cff54531a22693def9fc4b2d5275cfcf35f4594d21bee2d955698597c04.png,,OK,accepted,
bc94d598b87fc5dc81e26dd6ec0358d5f55db5252879733625b4b5feb59351e6,7773980250033,train,66d683b8d7939df846c371a424d78e7232bfc9733b477905139700615355de5f,images/train/bc94d598b87fc5dc81e26dd6ec0358d5f55db5252879733625b4b5feb59351e6.jpg,rgb,211,126,990,1068,779,942,640064,b21d0cc6796476e50735b63bcf12ce8779e8ff46c59937fd1228ee545cee6255,cutouts/bc94d598b87fc5dc81e26dd6ec0358d5f55db5252879733625b4b5feb59351e6.png,,OK,accepted,
bd28984ee3a3d7227681b591af4ef043b6fb92e9698b13672b8d707c8f1020dc,7899808896082,train,faf57fc5c02c28a0e3695e424f63b38eb51edbf6ec68a6270cadc10e6cf01897,images/train/bd28984ee3a3d7227681b591af4ef043b6fb92e9698b13672b8d707c8f1020dc.jpg,rgb,281,214,919,986,638,772,274675,359e3ae4ac9a8b0b127f52f9f7ba235378e8e65e346f983b601bc7836ac955a6,cutouts/bd28984ee3a3d7227681b591af4ef043b6fb92e9698b13672b8d707c8f1020dc.png,,OK,accepted,
bdcbc42b2e15d14698d0a6bd181758a5dbd9e8aac7c6b1c4ae3646e8cef6936a,048107252793,train,839f8845f4173ee13080c83788b8d0ac9b0bd1c184af375a3100f6d22e7765ad,images/train/bdcbc42b2e15d14698d0a6bd181758a5dbd9e8aac7c6b1c4ae3646e8cef6936a.jpg,rgb,318,152,884,1057,566,905,417375,4f4b54aee97f9430f3f54a4bf6a15c2dac78e102124f1c7d1cbd24394b556750,cutouts/bdcbc42b2e15d14698d0a6bd181758a5dbd9e8aac7c6b1c4ae3646e8cef6936a.png,,OK,accepted,
be2197047c9a7ac33b242059cfc070f3ae3462794fdabe3ef5fefcef81d9e524,7896902286788,train,56e843877ab2564ecd20a4eadad245a71b26207f3844903c645b36d2026ed86f,images/train/be2197047c9a7ac33b242059cfc070f3ae3462794fdabe3ef5fefcef81d9e524.jpg,rgb,440,205,755,1023,315,818,213609,16ccfeada779a3a00b119b10668236284466591a54e9d26b29733fdb213f2c56,cutouts/be2197047c9a7ac33b242059cfc070f3ae3462794fdabe3ef5fefcef81d9e524.png,,OK,accepted,
bed8e3c848d77f5bdceb912da68fea6dcc837ec3948fc3b1b2bab75e242a494f,7896037918615,train,bca699d225ec06182dcc6b5cc53dcc167c4554a7570ca4aede4bd6c77a471f90,images/train/bed8e3c848d77f5bdceb912da68fea6dcc837ec3948fc3b1b2bab75e242a494f.jpg,rgb,463,76,739,1118,276,1042,184342,ebad5e9ba32e37f50ac9b6ffd85b6a3d82dcd4af2530b2285fd69bb0583bc641,cutouts/bed8e3c848d77f5bdceb912da68fea6dcc837ec3948fc3b1b2bab75e242a494f.png,,OK,accepted,
bf4e76a094f4c91f9ffed7bc35b7c36d75f5b12b58d40dd0de287a0db59274e7,7771260760074,train,d3d9c42107d25ebdcde96b36f966a075b5d12ba6eba914eba2f3688debb4d56a,images/train/bf4e76a094f4c91f9ffed7bc35b7c36d75f5b12b58d40dd0de287a0db59274e7.jpg,rgb,460,136,743,1070,283,934,218524,4af0f6afd67cd9c6e6299d2e98bd5d6a7215d17a3fb9fd0a1a58c472ee0be952,cutouts/bf4e76a094f4c91f9ffed7bc35b7c36d75f5b12b58d40dd0de287a0db59274e7.png,,OK,accepted,
bffef57c27b47b12f28d9133977662a4148e6dc887941bd7a6db79ba3d0ba822,074108479341,train,271a61abce00ddf7715d7ef286c94c6f8994cf419f5ad30fa0b36a03abca7ff5,images/train/bffef57c27b47b12f28d9133977662a4148e6dc887941bd7a6db79ba3d0ba822.jpg,rgb,93,420,1111,779,1018,359,145540,da8d39bfe685f5b3f2dbfea4e51afbd755a1d04fbea25cc8ed467a105f071a6a,cutouts/bffef57c27b47b12f28d9133977662a4148e6dc887941bd7a6db79ba3d0ba822.png,,OK,accepted,
c0314ea2b5d94a76dd47b9b1b1ba9b0c95b52783f7bafe5f92780235b7fc3774,3501117,train,06b9e9678c13fff72ac7e6f6ecaaf4ffa28f5d451bd3b4391fced7884409a1ef,images/train/c0314ea2b5d94a76dd47b9b1b1ba9b0c95b52783f7bafe5f92780235b7fc3774.jpg,rgb,166,115,992,1076,826,961,219687,9190ae700ce717eeb8d90cc3cc64616b4772a680db5749489058449d751ed8ab,cutouts/c0314ea2b5d94a76dd47b9b1b1ba9b0c95b52783f7bafe5f92780235b7fc3774.png,,OK,accepted,
c098594f9c9652b63cd638371f4188b336ec0e4cf0df3eadaeaf05079b060517,7896451908803,train,d99da36e048de124c2fb6bf9f5b5cd0ba136875e7f29d82769013180563514d6,images/train/c098594f9c9652b63cd638371f4188b336ec0e4cf0df3eadaeaf05079b060517.jpg,rgb,303,185,892,1023,589,838,444563,7c837e39c3223bb8156065db8db404124377035536f941ce74cefcc8eb0d2e9d,cutouts/c098594f9c9652b63cd638371f4188b336ec0e4cf0df3eadaeaf05079b060517.png,,OK,accepted,
c0ef217e159ae0d8592ab42984211c730336beabe1525ef843ee6c6aceac2058,7773400003836,train,7a28321e2279976d2dd72ef6e05a577e6490994871707a7b8be4982e5324c1cf,images/train/c0ef217e159ae0d8592ab42984211c730336beabe1525ef843ee6c6aceac2058.jpg,rgb,258,101,937,1067,679,966,564725,451d90b89c7b3adfbaf76fe4546682932c88c8cc5185468b9600c8d04986b093,cutouts/c0ef217e159ae0d8592ab42984211c730336beabe1525ef843ee6c6aceac2058.png,,OK,accepted,
c0fa28678bcbecb6881762f1f4c1d4b202febfe76f8dfca18f80363e890332a2,7792070053927,train,6fb9e668323c079ae31d63ae692af60175ebaedf7984f832d22e0557c23f897f,images/train/c0fa28678bcbecb6881762f1f4c1d4b202febfe76f8dfca18f80363e890332a2.jpg,rgb,430,164,763,1023,333,859,255386,dda439afbb47ca223e94c052fde5fed74818452c092fbaa6b41e245e06702760,cutouts/c0fa28678bcbecb6881762f1f4c1d4b202febfe76f8dfca18f80363e890332a2.png,,OK,accepted,
c1a9a1774a65fd916cb86bf2da2bcb60840a361af1c64542a0c4ecfcf30fd92e,7773401007833,train,44ba76b5fc0f0ce84e455cf3ade38669d1649ce5c72bfd967c670d698ba5fe7b,images/train/c1a9a1774a65fd916cb86bf2da2bcb60840a361af1c64542a0c4ecfcf30fd92e.jpg,rgb,209,120,991,1080,782,960,558729,0241b08030cde7b18c5a0ba91fdc4295496cd7bc68a19ecb22ac2f0e0db3c2f5,cutouts/c1a9a1774a65fd916cb86bf2da2bcb60840a361af1c64542a0c4ecfcf30fd92e.png,,OK,accepted,
c1b640dbd781c5901c385ab0f18e26deccff4ac2cef70b5313ca985aad797549,7791293049472,train,692a033309bed45d38389f067cd93d3d09237691718dc7cd2e534cb32d8f1827,images/train/c1b640dbd781c5901c385ab0f18e26deccff4ac2cef70b5313ca985aad797549.jpg,rgb,493,190,709,1009,216,819,154976,864f284efc79a48e9829d6b95e2751dae7077b09f69b6c5eba54961031a458e3,cutouts/c1b640dbd781c5901c385ab0f18e26deccff4ac2cef70b5313ca985aad797549.png,,OK,accepted,
c2a1398f8316a6f5692da8e4c70c5ecaf53e085b0869c3d5b88b30654c9af464,7899808802830,train,973dff7611e88ef4113f902bf42b25ddd03a3db51db4f6dcc3b4d759161aa5f9,images/train/c2a1398f8316a6f5692da8e4c70c5ecaf53e085b0869c3d5b88b30654c9af464.jpg,rgb,123,294,1077,906,954,612,265900,5e6eed32de4195d05e300b72064c6afeb9b7335dee915a44084682efb92ba982,cutouts/c2a1398f8316a6f5692da8e4c70c5ecaf53e085b0869c3d5b88b30654c9af464.png,,OK,accepted,
c2af62e0d482490f6449d0b0d484839c9cbc8e52e66ad96033606e31f08592ed,7500435213882,train,2ab10db4904dd1c7d6644bed042eb8435f68cb1f30a6677fa88821d90db77f3f,images/train/c2af62e0d482490f6449d0b0d484839c9cbc8e52e66ad96033606e31f08592ed.jpg,rgb,362,149,828,1058,466,909,384879,a57ae78558a7e5784e2ad67319f00ecf3b1a796e21725c7cac2f9b8fc1d50540,cutouts/c2af62e0d482490f6449d0b0d484839c9cbc8e52e66ad96033606e31f08592ed.png,,OK,accepted,
c3b4a2a8e0c91b3043efd14048ef929203578e3c58ef2dbbc65077cf5c430c2a,7770109740154,train,60826d7eb3cace2214965ae99b36ad202bae3ffc1fdd84c37361827c3b739e68,images/train/c3b4a2a8e0c91b3043efd14048ef929203578e3c58ef2dbbc65077cf5c430c2a.jpg,rgb,437,234,767,956,330,722,190128,30914f20c0fa3d1927db541cf3e3ea6a6b8f6079e3a2ac8cbfabd884219df375,cutouts/c3b4a2a8e0c91b3043efd14048ef929203578e3c58ef2dbbc65077cf5c430c2a.png,,OK,accepted,
c4434a64da1d093d29af351da7e13cb1b239b804caf325c87dc4fac38dee04dd,7779604240039,train,91c8c457f7d5d9f4cc63aba76e4d69a31f19016a9b0c787ce92fca55da540dd3,images/train/c4434a64da1d093d29af351da7e13cb1b239b804caf325c87dc4fac38dee04dd.jpg,rgb,354,161,859,1047,505,886,367892,b0a43c8d668715e1f15ca73fbd40761a12ab8ec559fc946ae09fe3a8760a46ce,cutouts/c4434a64da1d093d29af351da7e13cb1b239b804caf325c87dc4fac38dee04dd.png,,OK,accepted,
c67e5a43f2f4515b74772fb2ae0baa8f76257e560bdffd80e640abb66be8bfd4,7898142866928,train,8c5c3a50fa97be8c1e42b0dc8cf87c1bb6e65a9e358aac01869416231e4e73fe,images/train/c67e5a43f2f4515b74772fb2ae0baa8f76257e560bdffd80e640abb66be8bfd4.jpg,rgb,75,482,1127,719,1052,237,202419,2d70da707a338d98bfbd058cdd4b7c223e1c9c7ffe9a08573d2ddd7b648c5e1e,cutouts/c67e5a43f2f4515b74772fb2ae0baa8f76257e560bdffd80e640abb66be8bfd4.png,,OK,accepted,
c71fd7f278c15ab0e80c502c7b8b649bf8857d0da11d98a5b85d2e9018788a91,7773431000064,train,59e3b23bff8f95fc00698608fc41fbec2f3883a9f313a47d3558b65be78e2d68,images/train/c71fd7f278c15ab0e80c502c7b8b649bf8857d0da11d98a5b85d2e9018788a91.jpg,rgb,268,254,941,968,673,714,400691,b26159ad254615da805b53564a918932902066afb052923a7bf7bb27a7ccc72c,cutouts/c71fd7f278c15ab0e80c502c7b8b649bf8857d0da11d98a5b85d2e9018788a91.png,,OK,accepted,
c769eb146f986763e46eba885a441ebc6e96f1c328f3ad346f7aad263fbc53c2,309971879357,train,4948a70c3514e92970049b3623af1b647833867263850fec99e1f01ca2aceed5,images/train/c769eb146f986763e46eba885a441ebc6e96f1c328f3ad346f7aad263fbc53c2.jpg,rgb,496,72,704,1131,208,1059,200176,3936093a9722d531f3d8a7e3202b8806fe521b7a1476a5a2ada61d2e24db7c9d,cutouts/c769eb146f986763e46eba885a441ebc6e96f1c328f3ad346f7aad263fbc53c2.png,,OK,accepted,
c804d2f02fd50c76e308e3eb3b9b8c65b004c50eaf442367b6e16d6bc0acec63,7506306255449,train,ed5546fb512c9ed578a30ff0c74462f8e4617882bd8e95aa37628182eb77420f,images/train/c804d2f02fd50c76e308e3eb3b9b8c65b004c50eaf442367b6e16d6bc0acec63.jpg,rgb,462,76,731,1138,269,1062,118204,91c559480bc74023f8239ad023b0641f5a063872a09ac5f68ac6b5b889530e80,cutouts/c804d2f02fd50c76e308e3eb3b9b8c65b004c50eaf442367b6e16d6bc0acec63.png,,OK,accepted,
c8f6dd43e1030b2956f6303462a4b2bf9d60260423250f7224ac3a95e687b064,8901030515545,train,5e7ab941805654cea072fc8d625da06a120b78a8925406eae7563c3463fc705b,images/train/c8f6dd43e1030b2956f6303462a4b2bf9d60260423250f7224ac3a95e687b064.jpg,rgb,436,149,765,1052,329,903,251471,21b57e4d4342bc2630e116f24133d68b9dcc8ee4c98d6c7396e337cbc2c0dfbf,cutouts/c8f6dd43e1030b2956f6303462a4b2bf9d60260423250f7224ac3a95e687b064.png,,OK,accepted,
caf15558704afa8ddc212eb8a503738287ba739ea7d327dd4e82430028456b88,7770109841295,train,25da20d296ca71c91f14bab88bb7878a0a1b84112fea551f66530d3f8266c88b,images/train/caf15558704afa8ddc212eb8a503738287ba739ea7d327dd4e82430028456b88.jpg,rgb,143,301,1055,916,912,615,215371,3795753d746b95b5ee29ca08545e2df9d32d5cdd71dc72c717df15ad5b6a239e,cutouts/caf15558704afa8ddc212eb8a503738287ba739ea7d327dd4e82430028456b88.png,,OK,accepted,
ccdbfa7f269d982afccd171a66bca1ed0b7e122891dad247490834847aef1167,7770109740062,train,d75dc8efd2b9f1eb1c37fcf17699eb891e8b6946666ab8829f30e47c6da03cc8,images/train/ccdbfa7f269d982afccd171a66bca1ed0b7e122891dad247490834847aef1167.jpg,rgb,351,207,850,997,499,790,269122,57af97c6723fb399bcd3462695debedbdb65df760d34c5376f88f2171e8c8956,cutouts/ccdbfa7f269d982afccd171a66bca1ed0b7e122891dad247490834847aef1167.png,,OK,accepted,
cd08c42c103623b4cf19c489dae8ea87a19fdea3935db7145c3c7bedb85dc20f,07790010003179,train,56449646d94cb2ebf99298d70b3b7ea7a4aeff916445fc64ced0cdd3896654f5,images/train/cd08c42c103623b4cf19c489dae8ea87a19fdea3935db7145c3c7bedb85dc20f.jpg,rgb,367,122,875,1051,508,929,359952,2f452ce0ae9ae2c9f376a024993444596e2ecb0a55a30034fe4fe26931e6911c,cutouts/cd08c42c103623b4cf19c489dae8ea87a19fdea3935db7145c3c7bedb85dc20f.png,,OK,accepted,
cd0b5aab0ce5ec1d45ad9af5e8ae76cc8eecb96506b47b7c42f8e8098a35f541,7702026162313,train,2a51ba91d54b745b9525b3239e0ee0308f3432cf19139d632d922af92e9f582d,images/train/cd0b5aab0ce5ec1d45ad9af5e8ae76cc8eecb96506b47b7c42f8e8098a35f541.jpg,rgb,108,440,1094,763,986,323,301701,782b6f28fadf5dab49c0b72c3d30811b08d5231cb4a10905ab99767f79073047,cutouts/cd0b5aab0ce5ec1d45ad9af5e8ae76cc8eecb96506b47b7c42f8e8098a35f541.png,,OK,accepted,
cdd74b38645132cdd4de06f8e414ffec9898e206037f24ffcfc1cb48cd159842,7792070002185,train,e163c69730d86fd7574be67c37307260c88a589f806fde595f29b77fbf2669f9,images/train/cdd74b38645132cdd4de06f8e414ffec9898e206037f24ffcfc1cb48cd159842.jpg,rgb,508,106,728,1129,220,1023,184656,6ad04723b202e6f604817e4676061b515202a54d532846735c338d2c9e793ed0,cutouts/cdd74b38645132cdd4de06f8e414ffec9898e206037f24ffcfc1cb48cd159842.png,,OK,accepted,
ceaa02bae9cc3e02bbd8f975a58b4846ff5dbff850f1bca68fbf1b0417af16e9,7509552961782,train,c30dd0d5c8a5345991d2818951d350a9d1e336b03216d6b7fe4e290c61cd4fd8,images/train/ceaa02bae9cc3e02bbd8f975a58b4846ff5dbff850f1bca68fbf1b0417af16e9.jpg,rgb,548,209,650,1001,102,792,77381,ed045abd00c87694790d43fb85cedcb3aa612f2b8b5dab8a863b83f9cff54d88,cutouts/ceaa02bae9cc3e02bbd8f975a58b4846ff5dbff850f1bca68fbf1b0417af16e9.png,,OK,accepted,
ceab46fdda7612cd02c10e9f39e8202afa99f6d5b79677590394fb733f94c2b1,7896115702679,train,918c1c729e51c90a8867252de3ea1eabe949769a5995308460fc119c23cb39f3,images/train/ceab46fdda7612cd02c10e9f39e8202afa99f6d5b79677590394fb733f94c2b1.jpg,rgb,453,175,771,1028,318,853,230852,c57bb385009c1ad69eb3748813b7012418796461af5f78bce3c6d588ef5f5c8e,cutouts/ceab46fdda7612cd02c10e9f39e8202afa99f6d5b79677590394fb733f94c2b1.png,,OK,accepted,
cfbff57ee4cb33f5bf7c1daef4c1ee82fb6a67dddcc6808ddb73ae48137a0b0d,7772314690088,train,d5e15ceace1f8da6ec5d4d290d1ff94539a19b35f86f3fd1a277ab889a20dd1c,images/train/cfbff57ee4cb33f5bf7c1daef4c1ee82fb6a67dddcc6808ddb73ae48137a0b0d.jpg,rgb,251,175,962,1035,711,860,552652,ae0983763fef4a79d85f68484f5228ff2df1d7c2e0e1e1c0a7ccea5d2d5b4619,cutouts/cfbff57ee4cb33f5bf7c1daef4c1ee82fb6a67dddcc6808ddb73ae48137a0b0d.png,,OK,accepted,
cfd278cf9b827c216bcf4f8ca0bb22f3a597dc1c927759774ddc5b7843ad7f3c,7774110000016,train,e3aeefa7e6e0e204a7ef8a74353e91e624ffb2ae5b7d94978e7436879eb32f4a,images/train/cfd278cf9b827c216bcf4f8ca0bb22f3a597dc1c927759774ddc5b7843ad7f3c.jpg,rgb,168,351,1057,868,889,517,398358,77280b7e2745d46698fe99b32b88fbe32f5ce94f09a262f525336ff22d395ba9,cutouts/cfd278cf9b827c216bcf4f8ca0bb22f3a597dc1c927759774ddc5b7843ad7f3c.png,,OK,accepted,
d09e5abcbd662646b2b2441f05b4fe10adf8171b9e0f9ebf25ee2218c431e189,8901023025181,train,56e22312aeb97be0dec40b2494a4159948c73b163d4310d87d9f4abbe3d86d15,images/train/d09e5abcbd662646b2b2441f05b4fe10adf8171b9e0f9ebf25ee2218c431e189.jpg,rgb,256,184,945,1016,689,832,527835,5eb168a04dcb0611d8f4b6d173393132aed00aac7077fb5b12d938f4bb58e000,cutouts/d09e5abcbd662646b2b2441f05b4fe10adf8171b9e0f9ebf25ee2218c431e189.png,,OK,accepted,
d123c7abd098e304201475cc1b2b76024f7f8a2ce16439891243da8f1fb24691,7774904408103,train,bed15027561ae49a4b2f4af56d309aaf560b7236563600d5ce13b2dea6908b2a,images/train/d123c7abd098e304201475cc1b2b76024f7f8a2ce16439891243da8f1fb24691.jpg,rgb,477,181,725,1020,248,839,177368,e01912f896b39ceaae9f46f28060d83699dbe54dc56ea7e930498570689b564a,cutouts/d123c7abd098e304201475cc1b2b76024f7f8a2ce16439891243da8f1fb24691.png,,OK,accepted,
d16f286746a7e5853f414ed6c9455fae9b9ac891a6f8670484a4a2f5e3987f08,309974700139,train,3b85dc5a17975205bc153be5ec2711c25e497e197ed94f41d86518995adc3d35,images/train/d16f286746a7e5853f414ed6c9455fae9b9ac891a6f8670484a4a2f5e3987f08.jpg,rgb,455,124,746,1074,291,950,261576,f3fe6467a9b03221bef918db3d1e119c6fa56be0e81af606676f01acaed4f5d7,cutouts/d16f286746a7e5853f414ed6c9455fae9b9ac891a6f8670484a4a2f5e3987f08.png,,FAILED,accepted,
d193050c25037b33c1ba362f2c93c9ad51be0f056f9d1f84ef7acfcd02fe0192,8032841101563,train,f7122c76deb1eb03805da943190328852a62f468909ac666e28690a99445413b,images/train/d193050c25037b33c1ba362f2c93c9ad51be0f056f9d1f84ef7acfcd02fe0192.jpg,rgb,473,166,726,1037,253,871,208584,c39e5ee3b698175d75cfaedc9582390db2c0a4854f1a3f0339a813de2b153ab1,cutouts/d193050c25037b33c1ba362f2c93c9ad51be0f056f9d1f84ef7acfcd02fe0192.png,,OK,accepted,
d29640f7ec799c456bfd2725bcda8d8705668cbbe743620f845d8b34f43e5341,7774904460262,train,239e774c2c32cb279e23c7b9d6d4e0fc0de41da340ff4c508fd829bd35c22d1f,images/train/d29640f7ec799c456bfd2725bcda8d8705668cbbe743620f845d8b34f43e5341.jpg,rgb,480,157,746,1054,266,897,196939,0c3ca9c775ec504e85387f8942877af263ddc4f09b782a88a502909f899c6d70,cutouts/d29640f7ec799c456bfd2725bcda8d8705668cbbe743620f845d8b34f43e5341.png,,OK,accepted,
d2b712d950025442476ada71024322396ba9b14841da13579091430376143328,7771257081229,train,a1b994fe41d7b8110b5ffb90bb54b5056f0098d4958e53650cff668a318b56a0,images/train/d2b712d950025442476ada71024322396ba9b14841da13579091430376143328.jpg,rgb,307,133,891,1075,584,942,503557,70307e4686ecf38fdfef7293e22ac82a98d57d3ab2e5593affd02f8050257c1b,cutouts/d2b712d950025442476ada71024322396ba9b14841da13579091430376143328.png,,OK,accepted,
d3217ccfb6d956f09c9a439dca9161f601d8265163dc1ab899132a2770105abe,8002297092609,train,7681f548f2be3a5e4ab1a682aab00e5d8b02d38cae862f94061a8e6691f014d5,images/train/d3217ccfb6d956f09c9a439dca9161f601d8265163dc1ab899132a2770105abe.jpg,rgb,474,77,726,1125,252,1048,229798,8d90ba55eb86ea63a06a838a3c9df689684d1cb80392e9e48e386c697ae37190,cutouts/d3217ccfb6d956f09c9a439dca9161f601d8265163dc1ab899132a2770105abe.png,,OK,accepted,
d325aca0bb9d7a2693aca97dec5187d84728415730e064d59e30153e1977e583,080100005662,train,6a744515fdec97b6ec9b0bd2d6500dfb9d074450b39cf78f74f8fb6f09110452,images/train/d325aca0bb9d7a2693aca97dec5187d84728415730e064d59e30153e1977e583.jpg,rgb,384,129,816,1013,432,884,210541,653d10c877dd4f9f02e21105cd6b49a6adb9e776a5c184a9ddae6ffbe3c6c4cc,cutouts/d325aca0bb9d7a2693aca97dec5187d84728415730e064d59e30153e1977e583.png,,OK,accepted,
d385e17450f98f4244c0de7562889b3c6363e0413ec9e2c756d802654d322667,7773403000856,train,79bb1dbe9a97f58ea3db1c50cc9f901a39178dd926a935a9e12ca88a9780d2a7,images/train/d385e17450f98f4244c0de7562889b3c6363e0413ec9e2c756d802654d322667.jpg,rgb,386,41,786,1135,400,1094,340825,3aabed309820228f3276dfe3af12044f9a1dd002a84f2aa6d6450601524342fd,cutouts/d385e17450f98f4244c0de7562889b3c6363e0413ec9e2c756d802654d322667.png,,OK,accepted,
d46f0b6af26fa488d190a868d52b5fe0645a70855e57eaf4cdaf5c71cf988c33,7771901001030,train,84ec2dc124942c97e15ad56e192a7f55c07cc3df261cb6187f19f90a556c1e98,images/train/d46f0b6af26fa488d190a868d52b5fe0645a70855e57eaf4cdaf5c71cf988c33.jpg,rgb,269,159,950,1044,681,885,487314,1d73a9ca88839bfe0907499bbf17da08b852651fa97e3ebcc02c614897df33fa,cutouts/d46f0b6af26fa488d190a868d52b5fe0645a70855e57eaf4cdaf5c71cf988c33.png,,OK,accepted,
d5b207d41bb478f09951eb81ae726b3876d45241a22bc8fef292c7c33d3b5814,4059729522108,train,615375895314ca8b21007f733888d4c4aaaa1e172405de754dbbfd55eaf1bf66,images/train/d5b207d41bb478f09951eb81ae726b3876d45241a22bc8fef292c7c33d3b5814.jpg,rgb,538,133,667,1069,129,936,115977,56200d920c8d28908809308b49fdcdeacf79754b4c4665ab2495c2d5ea2ac510,cutouts/d5b207d41bb478f09951eb81ae726b3876d45241a22bc8fef292c7c33d3b5814.png,,OK,accepted,
d7cd1b862e41deb8585aa088547a65ff01cc5b4e4580319318b70f51ab45e035,7891150044616,train,35d14ffbdc130f11e4a2de3220ff69851be9676c27296bccc3508f125d9a6552,images/train/d7cd1b862e41deb8585aa088547a65ff01cc5b4e4580319318b70f51ab45e035.jpg,rgb,153,393,1040,807,887,414,193750,593b586d151fbe9cde48f201399cca3fe47ea6392bae38efd7281b4a4daaaff4,cutouts/d7cd1b862e41deb8585aa088547a65ff01cc5b4e4580319318b70f51ab45e035.png,,OK,accepted,
d9df1d4114217e1df8c218da2c17f87f33f2ed7fbd7ee8fe247e35343f080826,07896058595338,train,378ca112a7e0fb719799e1efb46374bc5234b370cf13e792aff15fe2b9525ba6,images/train/d9df1d4114217e1df8c218da2c17f87f33f2ed7fbd7ee8fe247e35343f080826.jpg,rgb,353,84,847,1115,494,1031,449155,dec04a867c2335bc0f1f6702dfe745dedc9ef3e99dd1b02dff5b950191e9c897,cutouts/d9df1d4114217e1df8c218da2c17f87f33f2ed7fbd7ee8fe247e35343f080826.png,,OK,accepted,
db8c299fdfa344f53f857738d5a941e0ff7e88446a8d3032ce5df5a1413bde6a,7891150101654,train,a4b7b8bdf175e4018cf66e76679197e006f51c945222196129e27460b23602ce,images/train/db8c299fdfa344f53f857738d5a941e0ff7e88446a8d3032ce5df5a1413bde6a.jpg,rgb,446,178,752,1015,306,837,195249,c4f4afb32bbde1c6f90b3b69df94804d227682bcdc5fd83794b988ed4cacffdb,cutouts/db8c299fdfa344f53f857738d5a941e0ff7e88446a8d3032ce5df5a1413bde6a.png,,OK,accepted,
db9ddc56348603a251025cf11baa8d3febe4d2c6f81f96d8d2330722004abc6c,074108498953,train,0a49bc6a86d13d00633c20968bfbbe55c9a444100891dce68c7979bf678ab2e3,images/train/db9ddc56348603a251025cf11baa8d3febe4d2c6f81f96d8d2330722004abc6c.jpg,rgb,168,158,934,1095,766,937,175649,c58fb1af0e14e8e54d49bd7d5312de63b0e1eb9c27679e304b98ef00792bda3b,cutouts/db9ddc56348603a251025cf11baa8d3febe4d2c6f81f96d8d2330722004abc6c.png,,OK,accepted,
dc0dc2a1d9af8c2302cc9cfc036f2cae0233164596c3b13899919952ba23bb83,7773401007673,train,48c7a8b3c4108e4dd14f0edfb3c542959b6e59da782798336bb7253816de3124,images/train/dc0dc2a1d9af8c2302cc9cfc036f2cae0233164596c3b13899919952ba23bb83.jpg,rgb,120,284,1080,916,960,632,531888,5bff1fc6eb64e7575e5fe98983b3d096bf6198cac3f5346703076344801461f3,cutouts/dc0dc2a1d9af8c2302cc9cfc036f2cae0233164596c3b13899919952ba23bb83.png,,OK,accepted,
dc7c240bb578a19fa5800d520446d82bf384d75bcf1497f4c334fb14e145d1cf,7702032104369,train,71b69b84335166686fcb541e00ca21497386cf352e654ea4379a19bd874123a1,images/train/dc7c240bb578a19fa5800d520446d82bf384d75bcf1497f4c334fb14e145d1cf.jpg,rgb,330,283,662,920,332,637,189200,7707b40bbc18105e89457998331bc9e1712513d2469a17c0fa0739327baba00f,cutouts/dc7c240bb578a19fa5800d520446d82bf384d75bcf1497f4c334fb14e145d1cf.png,,OK,accepted,
dcef6e0efc6423d5f600e544f7e3886bbc999888b0417a4beaf5bce762d97353,7771612001343,train,8210a4d892223f4928b535e00624962e36f030cae933419467568daaa4520aee,images/train/dcef6e0efc6423d5f600e544f7e3886bbc999888b0417a4beaf5bce762d97353.jpg,rgb,346,163,766,998,420,835,323573,3f5f2eda1495573e3ac14654119155bb19bbc69df280e679a314c7dc3c1ac9e9,cutouts/dcef6e0efc6423d5f600e544f7e3886bbc999888b0417a4beaf5bce762d97353.png,,OK,accepted,
ddbbfd744f9b77599737dcadfcbb97fffb191a72b81d1c44eaf0004e6f37a8bd,7898930142647,train,93e7784c3a0a03e89f7b74f10c9b85f27a033080446ba8cd8716f221e480400c,images/train/ddbbfd744f9b77599737dcadfcbb97fffb191a72b81d1c44eaf0004e6f37a8bd.jpg,rgb,298,144,903,1056,605,912,500330,cd7046a326ecac5931f5b91df0ad82db581fdcbc2dd88530d7a9fd2271da2e52,cutouts/ddbbfd744f9b77599737dcadfcbb97fffb191a72b81d1c44eaf0004e6f37a8bd.png,,OK,accepted,
dec86721406d161b6bff21459a8b7f4ba9e3d07a1155818a1b13d3227322be07,041554098143,train,5c8a21042cd9444c33bd05e5999e9524b205baf147d2c20e4989e872db679de0,images/train/dec86721406d161b6bff21459a8b7f4ba9e3d07a1155818a1b13d3227322be07.jpg,rgb,474,178,728,1023,254,845,204389,2b51eec032e60ab829d52e77d6c82cd0ea1b0456fcbbf9afc8f50e12745d722d,cutouts/dec86721406d161b6bff21459a8b7f4ba9e3d07a1155818a1b13d3227322be07.png,,OK,accepted,
df1f930731cae1332365b204db6d71fc09a1e25f62424c8b5cf61a1735b61305,7896183905712,train,8505ef762765b933a59e466d9622ffd97ce52d7e9de49ce1e6c368c8844e028c,images/train/df1f930731cae1332365b204db6d71fc09a1e25f62424c8b5cf61a1735b61305.jpg,rgb,107,232,892,770,785,538,394155,17e0553aaaa5afc909da8974d53911e9df809fb7fbd69f2c9a4407e917e103d0,cutouts/df1f930731cae1332365b204db6d71fc09a1e25f62424c8b5cf61a1735b61305.png,,OK,accepted,
df36c515be7eefed5e33394976106bd1c6bf180d58696126bce8e054944087ff,7774904408523,train,a51fd7ba4fc68b7a0e545082f6c6d4d507156dc72eda1b19f124c167db073dd2,images/train/df36c515be7eefed5e33394976106bd1c6bf180d58696126bce8e054944087ff.jpg,rgb,389,150,816,1056,427,906,280524,ca0a3bb2eb9d2651a9ee2ddb7caab17bd3cf93aa787988eda30bfc4502aae7dc,cutouts/df36c515be7eefed5e33394976106bd1c6bf180d58696126bce8e054944087ff.png,,OK,accepted,
df411f0a156af7bf91b3cb3775fb05fef20996a3e87325b99fe038dd151419de,7702006653510,train,feb9e40d305513f87a9ea9b46c33c77adcf0e603368a3fe6647f4f12bfa43ee4,images/train/df411f0a156af7bf91b3cb3775fb05fef20996a3e87325b99fe038dd151419de.jpg,rgb,446,106,754,1093,308,987,63400,0a6c52ba3d35c7f56b11b766478c07add2d61acf33dd1ce2ad7d55178732a802,cutouts/df411f0a156af7bf91b3cb3775fb05fef20996a3e87325b99fe038dd151419de.png,,OK,accepted,
dfb0c852e5256372d94014473eb6994ccf93b4182882a80b578b19f0a2a9f2dd,7509552982718,train,5d167693dcc1bf76d4c5fe0e2cf7641880bc68f386504a01a8bac78218dc9dc0,images/train/dfb0c852e5256372d94014473eb6994ccf93b4182882a80b578b19f0a2a9f2dd.jpg,rgb,459,111,714,1119,255,1008,239076,fd5d50c2fe1c1fd2b4e8cdf7e9cae0309c7db3f02f3954cb5c7d734c24a86247,cutouts/dfb0c852e5256372d94014473eb6994ccf93b4182882a80b578b19f0a2a9f2dd.png,,OK,accepted,
e0975e126dce28f7d0bceddf6d98aa386946f4807debb4be7a424be7de8e935c,7896058503142,train,f9b6337b1f75274b15126cf4f16cb04f9556d4382a22c3dcda58d5dd68b67ebf,images/train/e0975e126dce28f7d0bceddf6d98aa386946f4807debb4be7a424be7de8e935c.jpg,rgb,177,71,1023,1130,846,1059,804985,31a11d6b0eeb1b926b2cfb236e57e4f1660c02dd1a60c16ab8e064b474c9f079,cutouts/e0975e126dce28f7d0bceddf6d98aa386946f4807debb4be7a424be7de8e935c.png,,OK,accepted,
e219b20f843ff622bb85ee362f4dad267d40ac9c090ce655614fabac1c579c49,7899808893067,train,77939ff04a75431bbb97e0526e7ee7bdd7283a5cbb6d9a43656257f75e10fa46,images/train/e219b20f843ff622bb85ee362f4dad267d40ac9c090ce655614fabac1c579c49.jpg,rgb,323,194,877,1007,554,813,286463,4d8097b6afa3969dbf441c6f76c373da0cfbf4bda114c042f8b807cba3ea28a7,cutouts/e219b20f843ff622bb85ee362f4dad267d40ac9c090ce655614fabac1c579c49.png,,OK,accepted,
e2e4e9e5629db2c0ad6ed670e75e31334c1f88b86823a1b4389b26ccb4f4ec59,7773435930374,train,1e9c9571b561e4713c749be12543aa498b791e6b4879c92863765b51a19435b7,images/train/e2e4e9e5629db2c0ad6ed670e75e31334c1f88b86823a1b4389b26ccb4f4ec59.jpg,rgb,339,52,884,1141,545,1089,472787,9a763a1e2bd730c1c91b2454d910aaca23cab48559ee90abd21ac3f622761cd5,cutouts/e2e4e9e5629db2c0ad6ed670e75e31334c1f88b86823a1b4389b26ccb4f4ec59.png,,OK,accepted,
e2f195448e7cc34436377d5b7b3fbd967d7968ad4184d357761fb09707125a7f,0799192522901,train,84e75b2f2c8c9761faaeccf28fc20d2e61f21446b5d8e8642e62aaa8c1aeb9f3,images/train/e2f195448e7cc34436377d5b7b3fbd967d7968ad4184d357761fb09707125a7f.jpg,rgb,215,124,1006,1091,791,967,649123,9377026ed6c17e62a98be141c172f208c15ed595662270454997dbd8ae14736c,cutouts/e2f195448e7cc34436377d5b7b3fbd967d7968ad4184d357761fb09707125a7f.png,,OK,accepted,
e3c96a0fc8399d91fe70e147e6c317af90582934ec3a7fa3e3b55e6f94677cfb,7898080665911,train,810a73358d3950f49d36047ded26f5159850cad9a4a561baec7306e3497c0544,images/train/e3c96a0fc8399d91fe70e147e6c317af90582934ec3a7fa3e3b55e6f94677cfb.jpg,rgb,413,116,788,1085,375,969,356773,791fafdf63e19ce49d498d647a391b12a4c7ea6c74a30ffd7ec062aae82cd502,cutouts/e3c96a0fc8399d91fe70e147e6c317af90582934ec3a7fa3e3b55e6f94677cfb.png,,OK,accepted,
e40d6e516254aa7f9991663d9a55606c39b207e7736fa84eb19e0649af4f9b3e,7790580131548,train,eb0e3618480d50268a7018e76587812dd726210d4c84b7055b35938c559e9b55,images/train/e40d6e516254aa7f9991663d9a55606c39b207e7736fa84eb19e0649af4f9b3e.jpg,rgb,137,460,1053,749,916,289,207507,67a39b2ae7f2d0761894d73f5d5e4e45e227a76e4632e4dbe7d07c71ebd5bf9c,cutouts/e40d6e516254aa7f9991663d9a55606c39b207e7736fa84eb19e0649af4f9b3e.png,,OK,accepted,
e50fe6c6b3fd926d11cad72249b2e990c65b0c311347163c7536aebd3fa1b7c1,309971879104,train,2d195ff84a4d6b9404a136c8286f8fe83ad00c6d932165133c965d61649a0541,images/train/e50fe6c6b3fd926d11cad72249b2e990c65b0c311347163c7536aebd3fa1b7c1.jpg,rgb,496,72,704,1131,208,1059,194999,58e7b84b30d9c0497cfc284920c076b414e9315ee774ba618cd5d80c805b741d,cutouts/e50fe6c6b3fd926d11cad72249b2e990c65b0c311347163c7536aebd3fa1b7c1.png,,OK,accepted,
e5e49b00ddcc04507df90b797e6cba9cefc50bc8d5a22fccee9bdb83ff9b06eb,7770109740116,train,4fa105f64d14a0545fc37a99bdcf82cfe53c19ce644d6792a7b8892f05c2c5ab,images/train/e5e49b00ddcc04507df90b797e6cba9cefc50bc8d5a22fccee9bdb83ff9b06eb.jpg,rgb,248,149,958,1056,710,907,564601,af5adfb34ca9266254b2120c0fc2dbde4102f152a5bd2c75d48342ac4b31a392,cutouts/e5e49b00ddcc04507df90b797e6cba9cefc50bc8d5a22fccee9bdb83ff9b06eb.png,,OK,accepted,
e614368a852790ba78f1b37ea36a6cf8307284a230fd296d5a785a0e1a0302c0,7896115704444,train,4810c8c33e25c638df53faa24e1c021cb26e5cf4311913bda6f132d1f8e20ce8,images/train/e614368a852790ba78f1b37ea36a6cf8307284a230fd296d5a785a0e1a0302c0.jpg,rgb,415,182,781,1054,366,872,235282,28a5ca67ff62781e12b947f183fcc9898b580ad9d0c06fa157846c11fce072bf,cutouts/e614368a852790ba78f1b37ea36a6cf8307284a230fd296d5a785a0e1a0302c0.png,,OK,accepted,
e62267d911e61323dad99edb863032d5acc106ab3a8fa5788d7396af221c7b0d,7896115703119,train,2507075197f732867c7a9b61130e88e383260d65528d9da6a3d5bf43ccaf01ff,images/train/e62267d911e61323dad99edb863032d5acc106ab3a8fa5788d7396af221c7b0d.jpg,rgb,405,144,787,1067,382,923,206638,aaddd912f28c59ac3551ec516ea11d27566197c6501fec7661a1d2cf0cdd065d,cutouts/e62267d911e61323dad99edb863032d5acc106ab3a8fa5788d7396af221c7b0d.png,,OK,accepted,
e63b5a1664e32636a3ddae69e0013d5991f9bcee2123192fa23ebd9e35fdd66f,7772116050158,train,666d81f6c37efe8886a2c01f829b2d8f9c2b61119d27af0dc7e58cf2cf833cc3,images/train/e63b5a1664e32636a3ddae69e0013d5991f9bcee2123192fa23ebd9e35fdd66f.jpg,rgb,398,137,785,1060,387,923,319807,e7834fe73f72f094311110cd4853ecd0c68773b1017345735942a70e194ebffa,cutouts/e63b5a1664e32636a3ddae69e0013d5991f9bcee2123192fa23ebd9e35fdd66f.png,,OK,accepted,
e6c43ff073e30d0f1b0cc60a8aa817a388142db05d5f51164f1ca3e8456a1e1c,7896902289680,train,fc4b2d07883e9bafc1e567030c548460b660169135d6310f5ad8bc5a6db7c667,images/train/e6c43ff073e30d0f1b0cc60a8aa817a388142db05d5f51164f1ca3e8456a1e1c.jpg,rgb,465,121,734,1050,269,929,177961,1013ace09a5f59eb0d8b3b1cda1b881067a406e4f12f76e0fcde3aa7c20b9d0e,cutouts/e6c43ff073e30d0f1b0cc60a8aa817a388142db05d5f51164f1ca3e8456a1e1c.png,,OK,accepted,
e7842bb07bc9c9e74a04a5a408cc9ad55ae578901d138bb3df210e379aebb63e,7770000850037,train,c8022fd464ad559a5e82900c6935fd0ac599419a1dd185e1e269baab13066f27,images/train/e7842bb07bc9c9e74a04a5a408cc9ad55ae578901d138bb3df210e379aebb63e.jpg,rgb,212,212,988,939,776,727,406470,9b7017af3307ebd640806b7ba455820f23217542ebbcde09da6f5a4c9b18fd23,cutouts/e7842bb07bc9c9e74a04a5a408cc9ad55ae578901d138bb3df210e379aebb63e.png,,OK,accepted,
e78ad43437d838647dc8c62803c9fc306ee75f3e3f8422ab98971416b6c13aba,7771259757061,train,65a2b42217402e68edf44cd4306f83c873dfe24d70f072949758c1737326944c,images/train/e78ad43437d838647dc8c62803c9fc306ee75f3e3f8422ab98971416b6c13aba.jpg,rgb,335,53,854,1150,519,1097,506754,fdcb6c57cf5d3b05aef8105a78656754930dd112b1b4be906d805e2a9e392b61,cutouts/e78ad43437d838647dc8c62803c9fc306ee75f3e3f8422ab98971416b6c13aba.png,,OK,accepted,
e81180778bbcc882f0bd0523bd4399a08b0641d70038f62783f6589b7260ae70,7772115100601,train,7c27470afea21502d32c1fce3ce4a44fdc7269476440c650f311074dc86dfbaa,images/train/e81180778bbcc882f0bd0523bd4399a08b0641d70038f62783f6589b7260ae70.jpg,rgb,154,119,1050,1147,896,1028,892858,58ec7468cfa36ad9cf4a3e82888180e73f592e66afe1b856b927fd00e3b45578,cutouts/e81180778bbcc882f0bd0523bd4399a08b0641d70038f62783f6589b7260ae70.png,,OK,accepted,
e82eaadcffa7b8d8a6d8c8cfe7f500466cc003ff48c3af8e8a4dba68a67a0405,7896023085840,train,00d4139b859a58edfbe95b64f356516a4b808463a08eaf4c0adc03406989bca1,images/train/e82eaadcffa7b8d8a6d8c8cfe7f500466cc003ff48c3af8e8a4dba68a67a0405.jpg,rgb,436,30,817,1175,381,1145,345436,0cfd11e3eacba14a6c299e2b0ab52c43fa3ac6161402bfc7eecab9cbb2dd0c36,cutouts/e82eaadcffa7b8d8a6d8c8cfe7f500466cc003ff48c3af8e8a4dba68a67a0405.png,,OK,accepted,
e890cb82e71472f2bf07d9d081c61afb161c51582b7298e474aed8f69f611386,7770017980079,train,837cf9a9523ea880ad5cf3982a15ea03b3261e45225545df8f30a97d30796ec6,images/train/e890cb82e71472f2bf07d9d081c61afb161c51582b7298e474aed8f69f611386.jpg,rgb,239,120,962,1080,723,960,690372,beed0a7d1b0f16e2aee646e92ea4e4a98af7fc8ca69a12ad9398dfa6413f043b,cutouts/e890cb82e71472f2bf07d9d081c61afb161c51582b7298e474aed8f69f611386.png,,OK,accepted,
e8a0a2da9b15594c9bca0224528f46a189fc5ab46098787adfd56f4346a5a864,7908529700155,train,ba9c192402522611bcbfef85ce5c9b3922487ecb701bd7fea8edaaab6315c763,images/train/e8a0a2da9b15594c9bca0224528f46a189fc5ab46098787adfd56f4346a5a864.jpg,rgb,394,150,790,1059,396,909,311242,14f4bf38c5ef7c3f21a0313b5e4568e6b268ae8d51f1509f4326ab0e637536c5,cutouts/e8a0a2da9b15594c9bca0224528f46a189fc5ab46098787adfd56f4346a5a864.png,,OK,accepted,
ea05cd96b0d40f7ac1dd777f0ed7ee45139e74aae36831c6bfeb3a2dae8161eb,75083113,train,51eb556ac45ce85de097babffa7d29bf07d1b72cc9fdd2c8b0788d7a20d68ea0,images/train/ea05cd96b0d40f7ac1dd777f0ed7ee45139e74aae36831c6bfeb3a2dae8161eb.jpg,rgb,411,198,789,1002,378,804,129583,b9fd236af80d0ad69bf328adc08f1a5b658b0bfe8d86042ed9cfe57550cfeb87,cutouts/ea05cd96b0d40f7ac1dd777f0ed7ee45139e74aae36831c6bfeb3a2dae8161eb.png,,OK,accepted,
ea5685acc323a57080b5ab18627648aa3056b94b10b5547a4ca436eac4593f56,7773401007932,train,33395deeef3a49c4c78342ccff63d909f4600424d48eb700429b649a0646b895,images/train/ea5685acc323a57080b5ab18627648aa3056b94b10b5547a4ca436eac4593f56.jpg,rgb,120,402,1080,798,960,396,252012,5131b7b0a97de54e72dc3a779b11f6918a4cb8806786cf291aec97d6e3762628,cutouts/ea5685acc323a57080b5ab18627648aa3056b94b10b5547a4ca436eac4593f56.png,,OK,accepted,
eb8f13e648d80b7735dc3d649196c9c06ee4ddc3ba75cdff07c98dba9c983351,77770950,train,0e11a35e7a03e0f81c175a3b41bf4de3a408c1f398a0f20ddefd1207f1b43d10,images/train/eb8f13e648d80b7735dc3d649196c9c06ee4ddc3ba75cdff07c98dba9c983351.jpg,rgb,369,242,831,957,462,715,320546,728c3256d616618e6e1df870f334f00b3b439d9cb17e4d67f030acb641d23649,cutouts/eb8f13e648d80b7735dc3d649196c9c06ee4ddc3ba75cdff07c98dba9c983351.png,,OK,accepted,
ebf78022b3c15d72e65d9af66578bc0cecaefd139f3faec3cc75293d50f660f7,7772905005369,train,4f9bbc0dee10c212fe4cd09b1f4b3ed96f623549e9983b859abf380923f38262,images/train/ebf78022b3c15d72e65d9af66578bc0cecaefd139f3faec3cc75293d50f660f7.jpg,rgb,409,153,786,1050,377,897,304802,d84a19e350f7be9fe7298a253189e7c330cc42593604f150ece0e47576a5d9cd,cutouts/ebf78022b3c15d72e65d9af66578bc0cecaefd139f3faec3cc75293d50f660f7.png,,OK,accepted,
ec5da473cc3cd165228790eb333cb3a6e23e42895a6b21fec5b555660132d197,309974677028,train,9f3cf5ecaccaf9ef7df162f8420de91f1b414610c7f4d2a782536b5b8b45e701,images/train/ec5da473cc3cd165228790eb333cb3a6e23e42895a6b21fec5b555660132d197.jpg,rgb,474,191,726,1017,252,826,197723,78e3a2047a1d7319827d7f8580aba9efba52a4e8de745bc17b5acc361ef18a1a,cutouts/ec5da473cc3cd165228790eb333cb3a6e23e42895a6b21fec5b555660132d197.png,,OK,accepted,
ec5ef358d8f699ca8b50cb09b62828c7636b58120aa64c58127f50d84186bc86,7899069400059,train,d0004b44d5bbdda5c539f7fd06b9f451eb3e26920fbe438aa6202274366df26a,images/train/ec5ef358d8f699ca8b50cb09b62828c7636b58120aa64c58127f50d84186bc86.jpg,rgb,144,203,1053,1002,909,799,372905,92ee50e06baf560d35e5fece91252e7e5a58f06a72a42a4ab2c36c64a32aef05,cutouts/ec5ef358d8f699ca8b50cb09b62828c7636b58120aa64c58127f50d84186bc86.png,,OK,accepted,
ecacc49fbfd5d92afb811c48156d294916afedc292b14e2c7e0e979d676f9dc1,309971879203,train,337bbfcf8de5e78802474119f616afa46a4ec83e3a41489972b6d75d90085baa,images/train/ecacc49fbfd5d92afb811c48156d294916afedc292b14e2c7e0e979d676f9dc1.jpg,rgb,477,112,662,1051,185,939,156058,05c6a0da07735f8d66c07db65cf4398dffa5565814df37757a4e83f37182b5a5,cutouts/ecacc49fbfd5d92afb811c48156d294916afedc292b14e2c7e0e979d676f9dc1.png,,FAILED,accepted,
ecb31098949923a702fae6db4e31187918b44a1cd4a03280e1f286304beba453,7891150103085,train,f24957c980a20ff7e8b8e3886caae5ca4e13e41ba47425e354b1f079dad67a14,images/train/ecb31098949923a702fae6db4e31187918b44a1cd4a03280e1f286304beba453.jpg,rgb,460,149,740,1051,280,902,225669,1f63a0ba29c406525e1ed05915f60b47da1072a16d93ce86a62cfdbda7afd50e,cutouts/ecb31098949923a702fae6db4e31187918b44a1cd4a03280e1f286304beba453.png,,OK,accepted,
ed7b3be71488a79fe8e2e8432b284d00deaf3e0441f200d2e9ddd40d95462df5,7891150103139,train,55f5f5d6c7e7a9581eabb3cd2be000102bcb4a4dc6471a8e1f5a2e29a7957c7a,images/train/ed7b3be71488a79fe8e2e8432b284d00deaf3e0441f200d2e9ddd40d95462df5.jpg,rgb,464,150,735,1050,271,900,27683,fa0f47b645d22e5a4ed7c470eb59f180b13ce8bd42aeccf1641f9efe290fcd9f,cutouts/ed7b3be71488a79fe8e2e8432b284d00deaf3e0441f200d2e9ddd40d95462df5.png,,OK,accepted,
ef00a75f2fbb08e3f7d2ea7ef88c5908a70ed00c07867ceece75a3e7b80e9a9b,7506306252820,train,d49d7ab6a1b3e9cccd3c37c34d5f6535a25beb4743b5095da09e3fe2e0d89c6e,images/train/ef00a75f2fbb08e3f7d2ea7ef88c5908a70ed00c07867ceece75a3e7b80e9a9b.jpg,rgb,421,51,777,1148,356,1097,170691,0787b51eaba08b79a6044c32ac6960fa41ac2b49c90850bdbbc460d40e214333,cutouts/ef00a75f2fbb08e3f7d2ea7ef88c5908a70ed00c07867ceece75a3e7b80e9a9b.png,,OK,accepted,
ef6d2accae4abf5bda3f93521be0290532eea6671cbf2d54a827597ba819ce2a,3501115,train,63455251accaffa8b0e7f30044536a3afc42be450c8f1f923a48849bdb64ac81,images/train/ef6d2accae4abf5bda3f93521be0290532eea6671cbf2d54a827597ba819ce2a.jpg,rgb,166,115,992,1076,826,961,224262,26191b77fe6b9843b4afbde7d43f2ebc7c97aebf48f631885299c96add8e393e,cutouts/ef6d2accae4abf5bda3f93521be0290532eea6671cbf2d54a827597ba819ce2a.png,,OK,accepted,
ef8dc28a05b8c7aca94acd6135bdcdab2c09f34cae4b3725ce190ec3ee5bc1d6,7770017260348,train,de926333762189fd0c77a8ef067baacd892d4a77a3e4d70a56c77c2f04fd6e77,images/train/ef8dc28a05b8c7aca94acd6135bdcdab2c09f34cae4b3725ce190ec3ee5bc1d6.jpg,rgb,379,156,823,1044,444,888,363016,61c2289d9840d8e2b2c3435dece19be936750a448d1b2f1d0449eaab9abeb18f,cutouts/ef8dc28a05b8c7aca94acd6135bdcdab2c09f34cae4b3725ce190ec3ee5bc1d6.png,,OK,accepted,
eff06308b4dcbbe3cf11a085614424575fe67f8834fbe4d331efad924267d791,7773431000286,train,90111bd503957db7b3e8e28738341de7b3513040a8916b972e311d1c0e9414d0,images/train/eff06308b4dcbbe3cf11a085614424575fe67f8834fbe4d331efad924267d791.jpg,rgb,347,64,845,1134,498,1070,373473,5e16652002913de49a9ca7d089127290ef9a444c8a406d910bcc8144f6f68f61,cutouts/eff06308b4dcbbe3cf11a085614424575fe67f8834fbe4d331efad924267d791.png,,OK,accepted,
f00ae78b290434b9d88335b921cd70c0f6b44ce16bbcebe95c67b50b65e7b697,309970211738,train,ec2f68d0ea6f930125b3a2521191536aa443920c4e0ccbacfb06637f354c1f31,images/train/f00ae78b290434b9d88335b921cd70c0f6b44ce16bbcebe95c67b50b65e7b697.jpg,rgb,536,119,667,1072,131,953,115731,e26c2e94dfce536a9272bacd5aca9574991f1997fb904564026350ac58fc0b2b,cutouts/f00ae78b290434b9d88335b921cd70c0f6b44ce16bbcebe95c67b50b65e7b697.png,,OK,accepted,
f0101ded5167fb0369ecd6d7ecda4ebeb4e5cec434121c88592c3ac0b3ed09a6,7506306256927,train,593f94d05c8b47fd0b0af9355b070e1a5c580268acc0caa2f1fe3c63a10ed23a,images/train/f0101ded5167fb0369ecd6d7ecda4ebeb4e5cec434121c88592c3ac0b3ed09a6.jpg,rgb,444,149,753,1052,309,903,269328,b551382537d46bfdc0492daaea6057035436912beb3a665525ed59fed61637dd,cutouts/f0101ded5167fb0369ecd6d7ecda4ebeb4e5cec434121c88592c3ac0b3ed09a6.png,,OK,accepted,
f02ad30f3573e6d734e4b9af49df5e8eb8cbda9ef0dcaba83247d2c173e9c8c6,0799192522888,train,e5abfed95e7b54844b1651817cfa3803af755372a19d39ed23ff670c6bf6c59e,images/train/f02ad30f3573e6d734e4b9af49df5e8eb8cbda9ef0dcaba83247d2c173e9c8c6.jpg,rgb,349,146,916,1045,567,899,433919,ee18dbe36eaa21409c5333908d54288f37bea90d59c44563135a334296cb1002,cutouts/f02ad30f3573e6d734e4b9af49df5e8eb8cbda9ef0dcaba83247d2c173e9c8c6.png,,OK,accepted,
f031131dd738ea1bf7ac38c729aacdcba323778bfcf81374fc8a9b345bb4bfb6,7898930142678,train,71a532a6e6464b21aef7fa8c9a4caa4b4282de6a2b85a43504474b703232de8e,images/train/f031131dd738ea1bf7ac38c729aacdcba323778bfcf81374fc8a9b345bb4bfb6.jpg,rgb,297,144,903,1055,606,911,500384,09becd5da288d4f10341fe5f0dbd89ff2884984bb2f55f772fbcec172e4019f1,cutouts/f031131dd738ea1bf7ac38c729aacdcba323778bfcf81374fc8a9b345bb4bfb6.png,,OK,accepted,
f313682457de711615ead4bb76f8c94da3481addf2bde0d41c1efa2410d72a16,7770109740031,train,0a802fe785f5948a1af6cae335f4ba9b5d8370fc06e7bd5e747b9373fdd603a3,images/train/f313682457de711615ead4bb76f8c94da3481addf2bde0d41c1efa2410d72a16.jpg,rgb,439,231,765,957,326,726,190959,ffabcef123d5bf14c0cbdd1b9324093d8ada93facb4a144c4f435470d235b9fa,cutouts/f313682457de711615ead4bb76f8c94da3481addf2bde0d41c1efa2410d72a16.png,,OK,accepted,
f3c6244d4e8cb42b0e61b92407af0bfeaf7aa885230c39a4ed23ce33fe0268da,7790580151713,train,a2bf2f8144470799548c7299b2d354232a86426a74495ad0708f4a7ec12db068,images/train/f3c6244d4e8cb42b0e61b92407af0bfeaf7aa885230c39a4ed23ce33fe0268da.jpg,rgb,206,141,996,1063,790,922,629759,4b562fcd460951cc5109a55454c2557969a644f4d65192f9c0b33f24e243b131,cutouts/f3c6244d4e8cb42b0e61b92407af0bfeaf7aa885230c39a4ed23ce33fe0268da.png,,OK,accepted,
f46e8a2ad48361adb9bf45018c8979eb3a94733ae11e0bcfdd5887dd5ba4eb52,7891150101784,train,18e0880cf1c487525e8ffdd03477d9ddd3baf8f6225b4434cf6df8912a08772e,images/train/f46e8a2ad48361adb9bf45018c8979eb3a94733ae11e0bcfdd5887dd5ba4eb52.jpg,rgb,472,201,728,1031,256,830,158922,429e3a6328c7135f9447ca95a12529cc506b1a522008f78c27616d542dee99ed,cutouts/f46e8a2ad48361adb9bf45018c8979eb3a94733ae11e0bcfdd5887dd5ba4eb52.png,,OK,accepted,
f489e052684c87f9ab49c4d0d18cfcc8cbb701088b78d7455aff42ca813fa3bd,7899808802823,train,d033ed944853e3c7f5c886b15ba75afbc1d59109661bc178b8e4a8c857f49203,images/train/f489e052684c87f9ab49c4d0d18cfcc8cbb701088b78d7455aff42ca813fa3bd.jpg,rgb,212,364,1020,874,808,510,192515,38573cb2de0257b0822e84a7374a5ff05cff0a02b26e89150a2ac782f09869ba,cutouts/f489e052684c87f9ab49c4d0d18cfcc8cbb701088b78d7455aff42ca813fa3bd.png,,OK,accepted,
f555e8ead755b4601c3318eba2bd54c9e7cd5ea4a5f37c7fd83f5a7145d372d2,7774904408448,train,4a22a5f77854c95e0c39539caba1d328054ecdfd8235ad9050b5f45a9098f08a,images/train/f555e8ead755b4601c3318eba2bd54c9e7cd5ea4a5f37c7fd83f5a7145d372d2.jpg,rgb,378,141,821,1076,443,935,300519,0ba1f9b0b1d63a0e8885d84c716cc9f3c54d7c365f78dafefdc6b0151d1c220c,cutouts/f555e8ead755b4601c3318eba2bd54c9e7cd5ea4a5f37c7fd83f5a7145d372d2.png,,OK,accepted,
f581bc157413756542f383dbfa62cd0dbd5ef122382cbf16deb5c4ddd5c22d25,7773400003997,train,9470eac02d5aa2b04a510526c16f54d219f43a9af20be1a0f466ab5a36e81f96,images/train/f581bc157413756542f383dbfa62cd0dbd5ef122382cbf16deb5c4ddd5c22d25.jpg,rgb,141,205,1053,1009,912,804,633255,a12cdeefd19251c8cabb07698d0ee8d5cd81fcb3871885e7ff6984c1d6150b8b,cutouts/f581bc157413756542f383dbfa62cd0dbd5ef122382cbf16deb5c4ddd5c22d25.png,,OK,accepted,
f5d2ce3fbca1a634ca171777c657f23b96af20cac506da49b4f60438cbb8312b,7798178800746,train,92eeef202d44e742a35a882f13ec37c62f92f52fc400fb44f4e15fcf52797f81,images/train/f5d2ce3fbca1a634ca171777c657f23b96af20cac506da49b4f60438cbb8312b.jpg,rgb,238,145,944,1046,706,901,586812,cdaa4f3c652f392b96d2245f3a4f12af707c751c81ad92c28ebf202a0a59ef46,cutouts/f5d2ce3fbca1a634ca171777c657f23b96af20cac506da49b4f60438cbb8312b.png,,OK,accepted,
f9f7f0e4aeb6ac8f99483b0b940177a5bc159bc405a03fc3b3eb7d5c9259292b,7896023017919,train,3609683d7dd1d5158ecbd9112e078cdc9f57358161952fb64dbf43510c4dd82b,images/train/f9f7f0e4aeb6ac8f99483b0b940177a5bc159bc405a03fc3b3eb7d5c9259292b.jpg,rgb,467,172,735,1135,268,963,153327,97ff29bbd6ede0135825d0d9706e924cbb937aec7dddc786dedd028721f47c72,cutouts/f9f7f0e4aeb6ac8f99483b0b940177a5bc159bc405a03fc3b3eb7d5c9259292b.png,,OK,accepted,
fa5c5c8157c537056b5edb654d4a804a62080e6dba80fea876364f8c796cad2a,9000968,train,a607d2d0d5320742f2daaad0aa6182b6bf649b4edc9d6329b0fea80bf586e995,images/train/fa5c5c8157c537056b5edb654d4a804a62080e6dba80fea876364f8c796cad2a.jpg,rgb,510,135,688,1033,178,898,113980,f0ac8b4f5170b375d57cd54e40284ae32be467987293fd3a7a2596a0d885366a,cutouts/fa5c5c8157c537056b5edb654d4a804a62080e6dba80fea876364f8c796cad2a.png,,OK,accepted,
fbd58193a292f761c1733adba3323b619fcc62e01b4d916caa932edcd261ab2d,650240077531,train,ffa55f1830a9b3fd2696a993c6463921c5214cc152cf183b4c82a059ae108816,images/train/fbd58193a292f761c1733adba3323b619fcc62e01b4d916caa932edcd261ab2d.jpg,rgb,205,205,965,1038,760,833,527214,95d3ae9b8a5dcec437764de2c6c9e153f55f01a7c1a3bf79414db59c7d0b7581,cutouts/fbd58193a292f761c1733adba3323b619fcc62e01b4d916caa932edcd261ab2d.png,,OK,accepted,
fc81f54da31a0949e04c38d530aa1c493453baf783f042e1dff58918ade4a406,887961274394,train,a825a314637c53b20b6aeb8f3334ce2f200d6dbcf7949f2c4daa9fb1e703f91b,images/train/fc81f54da31a0949e04c38d530aa1c493453baf783f042e1dff58918ade4a406.jpg,rgb,174,168,1048,1038,874,870,627740,a5ef586540c63c2c625c2d3e657bfd1e0296cfea57ffa53d9d8090ae7fba8e63,cutouts/fc81f54da31a0949e04c38d530aa1c493453baf783f042e1dff58918ade4a406.png,,OK,accepted,
fce0b01c1ab565b51de1beb26b7b610cd47e56b898173de136cd912630696e32,7771228000570,train,05d291e54cd2dfa71751fde5a9c6f704bff96b7b6ef66e300c36974c3de215bf,images/train/fce0b01c1ab565b51de1beb26b7b610cd47e56b898173de136cd912630696e32.jpg,rgb,509,144,695,1029,186,885,138029,be653449a71fbf8d4b6013bcd50e2dad2fcc53c4842f289f951ecce644158c07,cutouts/fce0b01c1ab565b51de1beb26b7b610cd47e56b898173de136cd912630696e32.png,,OK,accepted,
fd03c5ab37e364761516bf7034a2b51f412404f6fd0a428dd6094ad0b38bca01,309975424034,train,6d57c60acbf7d5aafa5d14ef0db319650e85b13577022873f322df08dd84716f,images/train/fd03c5ab37e364761516bf7034a2b51f412404f6fd0a428dd6094ad0b38bca01.jpg,rgb,153,151,1054,1052,901,901,638004,f92cb0243f77c9b7cd51585fc35d0893dd6b6487cde184d5d3e40eb2af36635e,cutouts/fd03c5ab37e364761516bf7034a2b51f412404f6fd0a428dd6094ad0b38bca01.png,,OK,accepted,
fde4cb7ee103a9b1ac33c175ef30b2bc137b21b61187acbca77fbd26bba12db2,7840185788477,train,2cc3ce02587bd9b2468092cf538b222283110df69aa441688c97c63be9cec847,images/train/fde4cb7ee103a9b1ac33c175ef30b2bc137b21b61187acbca77fbd26bba12db2.jpg,rgb,342,137,858,1062,516,925,421807,130249fbcae3908d0e76f8124738dbe34c1940b113efed3855e0fbfbdcfb65f3,cutouts/fde4cb7ee103a9b1ac33c175ef30b2bc137b21b61187acbca77fbd26bba12db2.png,,OK,accepted,
fdec5346596b86df750cd1bc7c5492398d4b95c843230524d1f362d964cfa1eb,7779970831343,train,824ad1a0a87701f09a47de555a2aa2e3611f9ea826dbbe56b0a49c729f63f177,images/train/fdec5346596b86df750cd1bc7c5492398d4b95c843230524d1f362d964cfa1eb.jpg,rgb,456,154,744,1046,288,892,246381,5a5b8aabc2e2c39944ee623998a67ff44a1df5666d494798c6cd8cf9d69498f2,cutouts/fdec5346596b86df750cd1bc7c5492398d4b95c843230524d1f362d964cfa1eb.png,,OK,accepted,
ff5430ba5bbf7503bcda7ef7f3e5c57f6202b70e28365636092d8380eb4bf598,7770109060023,train,0ddb3ad0bb5f345b276965015c71d9d36363b1f9cc1bf625799ff2c0d556b861,images/train/ff5430ba5bbf7503bcda7ef7f3e5c57f6202b70e28365636092d8380eb4bf598.jpg,rgb,275,206,925,1064,650,858,458433,f29ba3e9fbe039bf028a74bf2d935a57e1020be3c208224a08921686519b3c8d,cutouts/ff5430ba5bbf7503bcda7ef7f3e5c57f6202b70e28365636092d8380eb4bf598.png,,OK,accepted,
ff93c1f8b6ab8b01dba26379b902e889e907b4e864268869bbeb5761f256e110,7771228000648,train,740d3890f46a2e8881cd2ea47d5162596b715953eda6842f464f77bee7bea52c,images/train/ff93c1f8b6ab8b01dba26379b902e889e907b4e864268869bbeb5761f256e110.jpg,rgb,374,166,844,1048,470,882,376786,8f9b09754bc9f564fa229c303ad954195b3ae75403ad1dd2b664bfe17d9afe6b,cutouts/ff93c1f8b6ab8b01dba26379b902e889e907b4e864268869bbeb5761f256e110.png,,OK,accepted,
