source_asset_id,sku_id,product_name,description,source_name,product_page_url,image_url,retrieved_at,retrieval_run_id,http_status,content_type,scraper_version,sha256,duplicate_group_id,width_px,height_px,image_mode,background_mode,rights_status,acceptance_status,rejection_reason,local_path
0007ba67a0d3dbe70c9ee0dcc110b178b5b5f10b9cfa1408283cb2fcb3d94a9f,7773401007956,Pack Mundial Mabel X 6 Wafer+Vaso De Colección,Descripción:El Pack Mundial Mabel x 6 Wafer + Vaso de Colección es una edición especial que combina una selección de deliciosas galletas wafer con un exclusivo vaso coleccionable. Incluye seis paquetes de wafers de 100 gramos en distintos sabores ideales para disfrutar en cualquier momento y compartir en familia. Una o,AMARKET,https://amarket.com.bo/collections/lo-nuevo/products/7773401007956,https://amarket.com.bo/cdn/shop/files/7773401007956_1200x1200.jpg?v=1787205164,2026-08-21T02:04:01.516510+00:00,59f35c31-a86c-44d9-adbe-e27e1d03b535,200,image/jpeg,1.0.0,07ab51fe60aaa5d907987ea2c3a2ec5a954f88c67cde42e81152067c34add6bc,07ab51fe60aaa5d907987ea2c3a2ec5a954f88c67cde42e81152067c34add6bc,1200,1200,RGB,UNIFORM_RGB,REDISTRIBUTION_PROHIBITED,ACCEPTED,,data\raw\amarket_full\7773401007956_07ab51fe60aa.jpg
001d3573fef14278e77229280a2b0d000da130fad3ac091f35a7848e2139c9b4,7798186034119,Gomitas Ositos Yummy Ácidos X 30G,Gomitas Ositos Yummy Ácidos X 30G,AMARKET,https://amarket.com.bo/collections/lo-nuevo/products/7798186034119,https://amarket.com.bo/cdn/shop/files/7798186034119_1200x1200.jpg?v=1787205164,2026-08-21T02:10:41.143778+00:00,59f35c31-a86c-44d9-adbe-e27e1d03b535,200,image/jpeg,1.0.0,4346deb3019749aef88f8c191655d4890cae1b0294a2c1cad7a51f7d65037503,4346deb3019749aef88f8c191655d4890cae1b0294a2c1cad7a51f7d65037503,1200,1200,RGB,UNIFORM_RGB,REDISTRIBUTION_PROHIBITED,ACCEPTED,,data\raw\amarket_full\7798186034119_4346deb30197.jpg
003caf024e3c18688c4615e0b72e64b8380f0e6df8e445042617929072e227b8,7896902289727,Jabón Líquido Farmax Hidraderm Ciruela X 150Ml,DescripciónJabón Exfoliante Hidraderm Ciruela Farmax formulado para brindar una limpieza profunda mientras elimina células muertas y ayuda a destapar los poros. Sus microesferas exfoliantes dejan la piel suave renovada y con un agradable aroma a ciruela.Beneficios: Limpieza profunda y exfoliación suave. Ayuda a elimina,AMARKET,https://amarket.com.bo/collections/lo-nuevo/products/7896902289727,https://amarket.com.bo/cdn/shop/files/7896902289727_1200x1200.jpg?v=1787204993,2026-08-21T02:18:40.265844+00:00,59f35c31-a86c-44d9-adbe-e27e1d03b535,200,image/jpeg,1.0.0,4004d0475d7ee08ccffb6d75f33f0c258fbff828ffffd43e12fb8098b29b15aa,4004d0475d7ee08ccffb6d75f33f0c258fbff828ffffd43e12fb8098b29b15aa,1200,1200,RGB,UNIFORM_RGB,REDISTRIBUTION_PROHIBITED,ACCEPTED,,data\raw\amarket_full\7896902289727_4004d0475d7e.jpg
003cbb21c22fd7b7b2a922404810bb858938cea665db130f0e443a2ce6f15dc3,7791274201653,Enjuague Bucal Algabo Antibacterial X 250Ml,Descripción:El Enjuague Bucal Antibacterial Algabo complementa la higiene bucal diaria al proporcionar una limpieza profunda incluso en las zonas de difícil acceso. Su fórmula con Cloruro de Cetilpiridinio (CPC) ayuda a eliminar las bacterias responsables del mal aliento mientras contribuye a mantener una adecuada salu,AMARKET,https://amarket.com.bo/collections/lo-nuevo/products/7791274201653,https://amarket.com.bo/cdn/shop/files/7791274201653_1200x1200.jpg?v=1783750590,2026-08-21T02:08:02.808320+00:00,59f35c31-a86c-44d9-adbe-e27e1d03b535,200,image/jpeg,1.0.0,2e70eefcf89098caf71fca678279a326f622c4cd22f8d89700a64f424f9da2fd,2e70eefcf89098caf71fca678279a326f622c4cd22f8d89700a64f424f9da2fd,1200,1200,RGB,UNIFORM_RGB,REDISTRIBUTION_PROHIBITED,ACCEPTED,,data\raw\amarket_full\7791274201653_2e70eefcf890.jpg
00899550d8541852fac78309d735d33263debd9a7b09495ee8ed65bc6e2fad39,7779970870182,Alpha Caldo De Hueso Con Curcuma X 470Ml,Descripción:El Caldo de Hueso Natural es un alimento complementario elaborado mediante la cocción prolongada de huesos de res y pollo enriquecido con cúrcuma perejil y vinagre de manzana. Su fórmula es altamente palatable y aporta nutrientes naturales que ayudan a complementar la alimentación diaria de perros y gatos d,AMARKET,https://amarket.com.bo/collections/lo-nuevo/products/7779970870182,https://amarket.com.bo/cdn/shop/files/7779970870182_1200x1200.jpg?v=1784959856,2026-08-21T02:07:38.291049+00:00,59f35c31-a86c-44d9-adbe-e27e1d03b535,200,image/jpeg,1.0.0,3f1ec8d9e2aa99889f467c1bc8bb06d9258097888d5f31ce9ed48aa097858f7a,3f1ec8d9e2aa99889f467c1bc8bb06d9258097888d5f31ce9ed48aa097858f7a,1200,1200,RGB,UNIFORM_RGB,REDISTRIBUTION_PROHIBITED,ACCEPTED,,data\raw\amarket_full\7779970870182_3f1ec8d9e2aa.jpg
00ea393d021e5d79d5ea410540cbddb9b1c6a913a5649cc0837eabb9ef2511fd,7774904408400,Suavizante Todo Brillo Plus Dulces Sueños X 1.7L,Suavizante Todo Brillo Plus Dulces Sueños X 1.7L,AMARKET,https://amarket.com.bo/collections/lo-nuevo/products/7774904408400,https://amarket.com.bo/cdn/shop/files/7774904408400_1200x1200.jpg?v=1779486303,2026-08-21T02:06:19.502133+00:00,59f35c31-a86c-44d9-adbe-e27e1d03b535,200,image/jpeg,1.0.0,e7bf15ae6d65f0e98475db50e2dd90d278c1270fdc8d60f46067b767acf9eed4,e7bf15ae6d65f0e98475db50e2dd90d278c1270fdc8d60f46067b767acf9eed4,1200,1200,RGB,UNIFORM_RGB,REDISTRIBUTION_PROHIBITED,ACCEPTED,,data\raw\amarket_full\7774904408400_e7bf15ae6d65.jpg
0200e739345eb36c23f0faea8a82736af0ab3f30b80d071d790ab8bced5d7cfe,309974677097,Base Para Rostro Revlon Colorstay Ácido Hialurónico Tono 330 Natural Tan,DescripciónLa base de maquillaje de larga duración SPF 20 está diseñada para piel normal a seca ofreciendo un acabado impecable hasta por 24 horas. Enriquecida con ácido hialurónico contribuye a aumentar la hidratación de la piel ayudando a mantenerla suave fresca y con un brillo saludable. Ideal para quienes buscan un,AMARKET,https://amarket.com.bo/collections/lo-nuevo/products/309974677097,https://amarket.com.bo/cdn/shop/files/309974677097_1200x1200.jpg?v=1787204230,2026-08-21T01:49:51.844530+00:00,59f35c31-a86c-44d9-adbe-e27e1d03b535,200,image/jpeg,1.0.0,b8427220be8ffaaf80a655e5a4b9136bfc5b91909e6b8328e52b22df2b37e6b6,b8427220be8ffaaf80a655e5a4b9136bfc5b91909e6b8328e52b22df2b37e6b6,1200,1200,RGB,UNIFORM_RGB,REDISTRIBUTION_PROHIBITED,ACCEPTED,,data\raw\amarket_full\309974677097_b8427220be8f.jpg
031e2485e3079babb9250725b7d69750e3db658715c6b1aca8d2248804854bd3,7509552973136,Crema Garnier Express Aclara Anti Imperfecciones X 50Ml,DescripciónSkin active express Aclara anti inperfecciones 4% acido salicilico con niacinamida y vitamina c 48 hrs de hidratacion 8 hrs anti oleosidad.Beneficios: Matificación Prolongada: Controla la oleosidad y el brillo hasta por 8 horas dejando un acabado mate. Tratamiento de Imperfecciones: Ayuda a reducir visibleme,AMARKET,https://amarket.com.bo/collections/lo-nuevo/products/7509552973136,https://amarket.com.bo/cdn/shop/files/7509552973136_1200x1200.jpg?v=1787204870,2026-08-21T01:54:41.170961+00:00,59f35c31-a86c-44d9-adbe-e27e1d03b535,200,image/jpeg,1.0.0,763c8b40e6c5c93c0297660bad562754dad496627ca66a63c21985f53890a635,763c8b40e6c5c93c0297660bad562754dad496627ca66a63c21985f53890a635,1200,1200,RGB,UNIFORM_RGB,REDISTRIBUTION_PROHIBITED,ACCEPTED,,data\raw\amarket_full\7509552973136_763c8b40e6c5.jpg
0321ea22b3a0280cfc68b1a68aadcac7ae6cee25c6735d28d692b5e27bc26652,7896451907660,Pastillas Docile Minty Rolly Frutales X 29G,Pastillas Docile Minty Rolly Frutales X 29G,AMARKET,https://amarket.com.bo/collections/lo-nuevo/products/7896451907660,https://amarket.com.bo/cdn/shop/files/7896451907660_1200x1200.jpg?v=1781071348,2026-08-21T02:16:35.930999+00:00,59f35c31-a86c-44d9-adbe-e27e1d03b535,200,image/jpeg,1.0.0,2c73ef246ef29b6735003bea3e9d31e2535e8213de4208ddc0013111e0de1e83,2c73ef246ef29b6735003bea3e9d31e2535e8213de4208ddc0013111e0de1e83,1200,1200,RGB,UNIFORM_RGB,REDISTRIBUTION_PROHIBITED,ACCEPTED,,data\raw\amarket_full\7896451907660_2c73ef246ef2.jpg
0329471d8dfd379f3494c3c0d2f4786b28622ba85c3da91022faa6d4d08c72b8,7891150103047,Shampoo Dove Bond Repair+Péptido X 175Ml,Descripción:El Shampoo Dove Bond Repair + Péptido Complex 175 ml está especialmente desarrollado para cabello dañado. Su innovadora tecnología Bio-Protein Care™ con Péptido Complex ayuda a reparar regenerar y proteger la estructura capilar a nivel molecular restaurando los signos visibles del daño acumulado. Limpia sua,AMARKET,https://amarket.com.bo/collections/lo-nuevo/products/7891150103047,https://amarket.com.bo/cdn/shop/files/7891150103047_1200x1200.jpg?v=1787205144,2026-08-21T02:12:25.247304+00:00,59f35c31-a86c-44d9-adbe-e27e1d03b535,200,image/jpeg,1.0.0,773ea9652bd91660ce1e07d3bd597651f35afd21de38a28deefdbc369fcbffba,773ea9652bd91660ce1e07d3bd597651f35afd21de38a28deefdbc369fcbffba,1200,1200,RGB,UNIFORM_RGB,REDISTRIBUTION_PROHIBITED,ACCEPTED,,data\raw\amarket_full\7891150103047_773ea9652bd9.jpg
0362f9268cdfa0ae11785322d6445e2c67f1279be79b27793fba6dd2e6ef6d17,7896058259797,Obleas Rellenas Con Mani Bon O Bon Original X 105G,Obleas Rellenas Con Mani Bon O Bon Original X 105G,AMARKET,https://amarket.com.bo/collections/lo-nuevo/products/7896058259797,https://amarket.com.bo/cdn/shop/files/7896058259797_1200x1200.jpg?v=1787204764,2026-08-21T02:13:50.022217+00:00,59f35c31-a86c-44d9-adbe-e27e1d03b535,200,image/jpeg,1.0.0,79278190eb4738457a57a7e2063cfb80f7ced8bc0664112838dc11807b82909c,79278190eb4738457a57a7e2063cfb80f7ced8bc0664112838dc11807b82909c,1200,1200,RGB,UNIFORM_RGB,REDISTRIBUTION_PROHIBITED,ACCEPTED,,data\raw\amarket_full\7896058259797_79278190eb47.jpg
041831833afebcd07f320b298f057fce90084b95d710114def865c2f0b773954,9000975,Bombillas Corrugadas Plásticos Carmen X 100 Unidades,DescripciónLas Bombillas Corrugadas Plásticos Carmen (100 unidades) son pajillas plásticas diseñadas para beber diferentes tipos de bebidas de forma cómoda. Su diseño corrugado permite flexibilidad en la parte superior facilitando el uso en vasos o recipientes de distintas alturas. Son una opción práctica para eventos,AMARKET,https://amarket.com.bo/collections/lo-nuevo/products/9000975,https://amarket.com.bo/cdn/shop/files/9000975_1200x1200.jpg?v=1787203703,2026-08-21T02:22:42.674248+00:00,59f35c31-a86c-44d9-adbe-e27e1d03b535,200,image/jpeg,1.0.0,5905e7761b21b0d1ccd6c328b8897403906b6f60888376e085ce1d965c7185fe,5905e7761b21b0d1ccd6c328b8897403906b6f60888376e085ce1d965c7185fe,1200,1200,RGB,UNIFORM_RGB,REDISTRIBUTION_PROHIBITED,ACCEPTED,,data\raw\amarket_full\9000975_5905e7761b21.jpg
041f3849fe260b99bbf4a05b102fb13e92826c3b7c9634f2319dacdd2869b7ba,7898930142630,Salsa Tomate Salsaretti A La Bolognesa X 300G,Salsa Tomate Salsaretti A La Bolognesa X 300G,AMARKET,https://amarket.com.bo/collections/lo-nuevo/products/7898930142630,https://amarket.com.bo/cdn/shop/files/7898930142630_1200x1200.jpg?v=1787205214,2026-08-21T02:19:26.586873+00:00,59f35c31-a86c-44d9-adbe-e27e1d03b535,200,image/jpeg,1.0.0,84b3032d2f9fd08742429ca75eecaeb2584f297da38d2cd5afdb5b8b8ca8db1c,84b3032d2f9fd08742429ca75eecaeb2584f297da38d2cd5afdb5b8b8ca8db1c,1200,1200,RGB,UNIFORM_RGB,REDISTRIBUTION_PROHIBITED,ACCEPTED,,data\raw\amarket_full\7898930142630_84b3032d2f9f.jpg
0510490c6d0473fd2b0e852749e300dcae031c3a7e68909e15dd46e1a81296e1,7771260681935,Mini Torta Helada Delizia Maracuyá X 850Ml,DescripciónMini Torta Helada de crema sabor leche condensada y maracuyá con inclusión de masa bizcochuelo y salsa de maracuyá. Decorado con crema chantilly.,AMARKET,https://amarket.com.bo/collections/lo-nuevo/products/7771260681935,https://amarket.com.bo/cdn/shop/files/7771260681935_1200x1200.jpg?v=1787204774,2026-08-21T02:01:14.771706+00:00,59f35c31-a86c-44d9-adbe-e27e1d03b535,200,image/jpeg,1.0.0,3989d934ba29ddf1912bf303315e4769da286a534bb0edc2270b8d52a6f01058,3989d934ba29ddf1912bf303315e4769da286a534bb0edc2270b8d52a6f01058,1200,1200,RGB,UNIFORM_RGB,REDISTRIBUTION_PROHIBITED,ACCEPTED,,data\raw\amarket_full\7771260681935_3989d934ba29.jpg
05614bf137e042fb165895562168f2006f009dfe279f5995b9d3414673b8e277,9001111,Fridosa Bife Especial Envasado Al Vacio,Fridosa Bife Especial Envasado Al Vacio,AMARKET,https://amarket.com.bo/collections/lo-nuevo/products/9001111,https://amarket.com.bo/cdn/shop/files/9001111_1200x1200.jpg?v=1787205946,2026-08-21T02:23:02.345775+00:00,59f35c31-a86c-44d9-adbe-e27e1d03b535,200,image/jpeg,1.0.0,4fa5af1a7146bbe9bba0fe87790cfd56f48a98226a0bd39ecaf0f4e8f03e5d94,4fa5af1a7146bbe9bba0fe87790cfd56f48a98226a0bd39ecaf0f4e8f03e5d94,1200,1200,RGB,UNIFORM_RGB,REDISTRIBUTION_PROHIBITED,ACCEPTED,,data\raw\amarket_full\9001111_4fa5af1a7146.jpg
05db1e8a70aee544e6bee0e56259af246776859d590634ef8f43506a5ddfe984,7770000420087,Bofe De Res Nutribarf Liofilizado X 50G,Descripción:El Bofe de Res Liofilizado Nutribarf es un snack natural elaborado con 100% bofe de res procesado mediante liofilización para conservar su sabor aroma y propiedades nutricionales. Su textura ligera y porosa lo convierte en una opción versátil fácil de trocear y altamente atractiva para los perros. Gracias a,AMARKET,https://amarket.com.bo/collections/lo-nuevo/products/7770000420087,https://amarket.com.bo/cdn/shop/files/7770000420087_1200x1200.jpg?v=1787206196,2026-08-21T01:56:54.983846+00:00,59f35c31-a86c-44d9-adbe-e27e1d03b535,200,image/jpeg,1.0.0,e2b2cc7e46d469aba7f8b20e725e55827f1aa22243290504142866fcd8e88200,e2b2cc7e46d469aba7f8b20e725e55827f1aa22243290504142866fcd8e88200,1200,1200,RGB,UNIFORM_RGB,REDISTRIBUTION_PROHIBITED,ACCEPTED,,data\raw\amarket_full\7770000420087_e2b2cc7e46d4.jpg
0610159f1f696d4ed9f5eb62a9ac4524b37932011e0b6c3317c3ac205d468c4e,7801235148115,Jurel En Salsa Tomate San José Lata X 425G,Jurel En Salsa Tomate San José Lata X 425G,AMARKET,https://amarket.com.bo/collections/lo-nuevo/products/7801235148115,https://amarket.com.bo/cdn/shop/files/7801235148115_1200x1200.jpg?v=1780379808,2026-08-21T02:10:58.310685+00:00,59f35c31-a86c-44d9-adbe-e27e1d03b535,200,image/jpeg,1.0.0,020bf1ded60574d229a991cc5258e32c8e15e83cb89020e80767e15ae05b2986,020bf1ded60574d229a991cc5258e32c8e15e83cb89020e80767e15ae05b2986,1000,1000,RGB,UNIFORM_RGB,REDISTRIBUTION_PROHIBITED,ACCEPTED,,data\raw\amarket_full\7801235148115_020bf1ded605.jpg
06afe6653f792a8dfad0475f26ac833eb6cba7fb3ea0ffbc8a6652c48cdc60c6,7509552982725,Brillo Labial Vogue Boombastic Tono Explosiva X 6.8Ml,Descripción:El Brillo Labial Vogue Boombastic proporciona un efecto de volumen instantáneo con un acabado ultra brillante que realza la apariencia natural de los labios. Su fórmula genera una sensación de calor al aplicarse ofreciendo un efecto voluminizador visible y una textura cómoda para lucir unos labios con mayor,AMARKET,https://amarket.com.bo/collections/lo-nuevo/products/7509552982725,https://amarket.com.bo/cdn/shop/files/7509552982725_1200x1200.jpg?v=1784787781,2026-08-21T01:54:58.548020+00:00,59f35c31-a86c-44d9-adbe-e27e1d03b535,200,image/jpeg,1.0.0,9707947dcfac3b6839c451ce954a88609350935ebfa06a3a67511f669c08221d,9707947dcfac3b6839c451ce954a88609350935ebfa06a3a67511f669c08221d,1200,1200,RGB,UNIFORM_RGB,REDISTRIBUTION_PROHIBITED,ACCEPTED,,data\raw\amarket_full\7509552982725_9707947dcfac.jpg
076d7fc54e4157662c469deb5c14550022fdf992528941033797da172507f884,7506306254374,Desodorante Aerosol Dove Clinical Tono Uniforme X 150Ml,Desodorante Aerosol Dove Clinical Tono Uniforme X 150Ml,AMARKET,https://amarket.com.bo/collections/lo-nuevo/products/7506306254374,https://amarket.com.bo/cdn/shop/files/7506306254374_1200x1200.jpg?v=1778305953,2026-08-21T01:53:27.050843+00:00,59f35c31-a86c-44d9-adbe-e27e1d03b535,200,image/jpeg,1.0.0,1913368f8f5f1f66294780612ae9fc3d7b64eafc9ca2bfa7aaa538f08fe4111d,1913368f8f5f1f66294780612ae9fc3d7b64eafc9ca2bfa7aaa538f08fe4111d,1200,1200,RGB,UNIFORM_RGB,REDISTRIBUTION_PROHIBITED,ACCEPTED,,data\raw\amarket_full\7506306254374_1913368f8f5f.jpg
077a778a9e2af1bad08fbdcd1c17d11c10bbed6fa5c91dd263a29335fda2ced5,7792070053910,Aceitunas Verdes Nucete Relleno Con Cebolla X 330G,Aceitunas Verdes Nucete Relleno Con Cebolla X 330G,AMARKET,https://amarket.com.bo/collections/lo-nuevo/products/7792070053910,https://amarket.com.bo/cdn/shop/files/7792070053910_1200x1200.jpg?v=1787205207,2026-08-21T02:08:48.083943+00:00,59f35c31-a86c-44d9-adbe-e27e1d03b535,200,image/jpeg,1.0.0,cbaf66d3f9e609ba90a8fa0d00e448fc2092e4517fdecb0d3a8d802e726665fd,cbaf66d3f9e609ba90a8fa0d00e448fc2092e4517fdecb0d3a8d802e726665fd,1200,1200,RGB,UNIFORM_RGB,REDISTRIBUTION_PROHIBITED,ACCEPTED,,data\raw\amarket_full\7792070053910_cbaf66d3f9e6.jpg
078accf22c9d521bbbc1338119115abef5674a7a63fdf1c3cb60acfb4dc14bf0,7771260763341,Jugo De La Granja Sabor Pomelo X 2L,Jugo De La Granja Sabor Pomelo X 2L,AMARKET,https://amarket.com.bo/collections/lo-nuevo/products/7771260763341,https://amarket.com.bo/cdn/shop/files/7771260763341_1200x1200.jpg?v=1787204241,2026-08-21T02:01:32.883371+00:00,59f35c31-a86c-44d9-adbe-e27e1d03b535,200,image/jpeg,1.0.0,4671f070f8783b06f981d3a3c1525a57c9b5aa2ff8687f360e6a38e36ed9318c,4671f070f8783b06f981d3a3c1525a57c9b5aa2ff8687f360e6a38e36ed9318c,1200,1200,RGB,UNIFORM_RGB,REDISTRIBUTION_PROHIBITED,ACCEPTED,,data\raw\amarket_full\7771260763341_4671f070f878.jpg
07b7b3d879fa639d076ef0cfe5afe39471def0c4e5606c5f7e52010a906c71ad,7702032553778,Mezcla Para Preparar Cappucino Colcafe Vainilla X 108G,Mezcla Para Preparar Cappucino Colcafe Vainilla X 108G,AMARKET,https://amarket.com.bo/collections/lo-nuevo/products/7702032553778,https://amarket.com.bo/cdn/shop/files/7702032553778_1200x1200.jpg?v=1787205047,2026-08-21T01:56:30.272687+00:00,59f35c31-a86c-44d9-adbe-e27e1d03b535,200,image/jpeg,1.0.0,e2dc272df8d505aae0e4673e4fc9a94c41d56e44ca38898c51bfc6e9d5780b5e,e2dc272df8d505aae0e4673e4fc9a94c41d56e44ca38898c51bfc6e9d5780b5e,1000,1000,RGB,UNIFORM_RGB,REDISTRIBUTION_PROHIBITED,ACCEPTED,,data\raw\amarket_full\7702032553778_e2dc272df8d5.jpg
080ef647f9df979e0d618763ce1708e225da9cac17d74fe91c73dce383b196d0,7896058597370,Regaliz Ácido Dori Sabor Yogurt Tubo X 17G,Regaliz Ácido Dori Sabor Yogurt Tubo X 17G,AMARKET,https://amarket.com.bo/collections/lo-nuevo/products/7896058597370,https://amarket.com.bo/cdn/shop/files/7896058597370_1200x1200.jpg?v=1782799695,2026-08-21T02:14:36.392394+00:00,59f35c31-a86c-44d9-adbe-e27e1d03b535,200,image/jpeg,1.0.0,791edb0f0594098c06ff2a313bc4453ffa6a49376aac83fdc5f3caed48e3e555,791edb0f0594098c06ff2a313bc4453ffa6a49376aac83fdc5f3caed48e3e555,1200,1200,RGB,UNIFORM_RGB,REDISTRIBUTION_PROHIBITED,ACCEPTED,,data\raw\amarket_full\7896058597370_791edb0f0594.jpg
083d39212b401b492a05d2e5a5a0c150ab1325ec8ea2021b11e985a2492728e7,3501118,Set Collar + Par De Aretes Narcissa,Set Collar + Par De Aretes Narcissa,AMARKET,https://amarket.com.bo/collections/lo-nuevo/products/3501118,https://amarket.com.bo/cdn/shop/files/3501118_1200x1200.jpg?v=1787205507,2026-08-21T01:50:44.582086+00:00,59f35c31-a86c-44d9-adbe-e27e1d03b535,200,image/jpeg,1.0.0,63455251accaffa8b0e7f30044536a3afc42be450c8f1f923a48849bdb64ac81,63455251accaffa8b0e7f30044536a3afc42be450c8f1f923a48849bdb64ac81,1200,1200,RGB,UNIFORM_RGB,REDISTRIBUTION_PROHIBITED,ACCEPTED,,data\raw\amarket_full\3501118_63455251acca.jpg
08a2c876840319e054b696c7f92fb9d013586b2ab765387ee77ecc8e291d1cfe,7896042048598,Secador De Ensalada Plasutil  Gris X 4L,Secador De Ensalada Plasutil Gris X 4L,AMARKET,https://amarket.com.bo/collections/lo-nuevo/products/7896042048598,https://amarket.com.bo/cdn/shop/files/7896042048598_1200x1200.jpg?v=1787204077,2026-08-21T02:13:40.042144+00:00,59f35c31-a86c-44d9-adbe-e27e1d03b535,200,image/jpeg,1.0.0,43e3e5e17bf77836bc1d6e9cb21faba559cb810bb09ad1f91934ecd273587058,43e3e5e17bf77836bc1d6e9cb21faba559cb810bb09ad1f91934ecd273587058,1200,1200,RGB,UNIFORM_RGB,REDISTRIBUTION_PROHIBITED,ACCEPTED,,data\raw\amarket_full\7896042048598_43e3e5e17bf7.jpg
09b000d00506d664d86511f56d1dca1f3a8e3f631d5018b3bf2302bf013e7a9c,0799192522895,Nacho Nax Sabor Limón X 40G,Nacho Nax Sabor Limón X 40G,AMARKET,https://amarket.com.bo/collections/lo-nuevo/products/0799192522895,https://amarket.com.bo/cdn/shop/files/0799192522895_1200x1200.jpg?v=1777442076,2026-08-21T01:48:08.540271+00:00,59f35c31-a86c-44d9-adbe-e27e1d03b535,200,image/jpeg,1.0.0,31f98df0f83b94bb6b566b7f040b8bced0dee07ce4617d67a76df313e480f753,31f98df0f83b94bb6b566b7f040b8bced0dee07ce4617d67a76df313e480f753,1200,1200,RGB,UNIFORM_RGB,REDISTRIBUTION_PROHIBITED,ACCEPTED,,data\raw\amarket_full\0799192522895_31f98df0f83b.jpg
09ddc1e5e8e821eed11714042f86a71cb85aad28cf338e7281b119185ab99fb1,7503037746222,Refresco En Polvo Zuko Sabor Maracuya X 13G,Mezcla en polvo para preparar bebida instantánea sabor a maracuyá.,AMARKET,https://amarket.com.bo/collections/lo-nuevo/products/7503037746222,https://amarket.com.bo/cdn/shop/files/7503037746222_1200x1200.jpg?v=1787204830,2026-08-21T01:53:02.205168+00:00,59f35c31-a86c-44d9-adbe-e27e1d03b535,200,image/jpeg,1.0.0,3a580ef520fcd48e8ae9b9b4b3ce051cdc7a1153b00e3b350ed03b3f6b14a656,3a580ef520fcd48e8ae9b9b4b3ce051cdc7a1153b00e3b350ed03b3f6b14a656,1200,1200,RGB,UNIFORM_RGB,REDISTRIBUTION_PROHIBITED,ACCEPTED,,data\raw\amarket_full\7503037746222_3a580ef520fc.jpg
09ea0d7d6c37e6af02755ee824c9f792881932efe1118ec04a69a080e428d9ee,7702007216103,Mezcla En Polvo Choco Listo Chocolate Frasco X 300G,Mezcla En Polvo Choco Listo Chocolate Frasco X 300G,AMARKET,https://amarket.com.bo/collections/lo-nuevo/products/7702007216103,https://amarket.com.bo/cdn/shop/files/7702007216103_1200x1200.jpg?v=1787205042,2026-08-21T01:55:39.380942+00:00,59f35c31-a86c-44d9-adbe-e27e1d03b535,200,image/jpeg,1.0.0,11de52158b1737e7f6cd70b24454368d80d2118bf1fca08285433bd3176cb4a9,11de52158b1737e7f6cd70b24454368d80d2118bf1fca08285433bd3176cb4a9,1000,1000,RGB,UNIFORM_RGB,REDISTRIBUTION_PROHIBITED,ACCEPTED,,data\raw\amarket_full\7702007216103_11de52158b17.jpg
0a328325e7dffd8bdd040703c5d269759dd98f9b5fe9317ba849713e50b69654,8809686120260,Serum Izeze Hyper Caa Cica X 30Ml,DescripciónEl Serum Izeze Hyper CAA Cica es un sérum facial coreano diseñado para calmar hidratar y fortalecer la piel sensible. Su fórmula combina Centella Asiática (Cica) con el complejo patentado Antifect ayudando a reducir irritaciones mejorar la barrera cutánea y mantener la piel equilibrada. Su textura ligera se,AMARKET,https://amarket.com.bo/collections/lo-nuevo/products/8809686120260,https://amarket.com.bo/cdn/shop/files/8809686120260_1200x1200.jpg?v=1787203460,2026-08-21T02:21:37.342325+00:00,59f35c31-a86c-44d9-adbe-e27e1d03b535,200,image/jpeg,1.0.0,91b6a4a79b422fd13795693f604afba6171ddce8f2e462dac010a464f96ebd2f,91b6a4a79b422fd13795693f604afba6171ddce8f2e462dac010a464f96ebd2f,1200,1200,RGB,UNIFORM_RGB,REDISTRIBUTION_PROHIBITED,ACCEPTED,,data\raw\amarket_full\8809686120260_91b6a4a79b42.jpg
0a5f3dc921fa91be8053dfed008b9d0190faf693c07a0a67ea541cb2c854329d,7798178800777,Malvaviscos Buffys Twister Sabor Fresa Bolsa X 200G,Malvaviscos Buffys Twister Sabor Fresa Bolsa X 200G,AMARKET,https://amarket.com.bo/collections/lo-nuevo/products/7798178800777,https://amarket.com.bo/cdn/shop/files/7798178800777_1200x1200.jpg?v=1787205902,2026-08-21T02:09:51.912822+00:00,59f35c31-a86c-44d9-adbe-e27e1d03b535,200,image/jpeg,1.0.0,57e4895ae88388690a58974e30c6871cd98c16205620e56d3d62e147baf84fbe,57e4895ae88388690a58974e30c6871cd98c16205620e56d3d62e147baf84fbe,1200,1200,RGB,UNIFORM_RGB,REDISTRIBUTION_PROHIBITED,ACCEPTED,,data\raw\amarket_full\7798178800777_57e4895ae883.jpg
0ac6d17a093c5841120a1532ba8a07a7e8ed40ed51235c6a838e6bef3ead71c1,7798178800593,Malvaviscos Buffys Twister Sabor Frutal Bolsa X 450G,Malvaviscos Buffys Twister Sabor Frutal Bolsa X 450G,AMARKET,https://amarket.com.bo/collections/lo-nuevo/products/7798178800593,https://amarket.com.bo/cdn/shop/files/7798178800593_1200x1200.jpg?v=1787205899,2026-08-21T02:09:34.386576+00:00,59f35c31-a86c-44d9-adbe-e27e1d03b535,200,image/jpeg,1.0.0,0c41e2143c6a00ea854d59e43b77164254d6f568fe21b34946246386ec7baa81,0c41e2143c6a00ea854d59e43b77164254d6f568fe21b34946246386ec7baa81,1200,1200,RGB,UNIFORM_RGB,REDISTRIBUTION_PROHIBITED,ACCEPTED,,data\raw\amarket_full\7798178800593_0c41e2143c6a.jpg
0af651375d2efc9247dde3bbb96dba59e9b27698bc58d1ba6a8823d1b5bd0d39,7772314690026,Aji Molido 1918 Amarillo Picante X 30G,Aji Molido 1918 Amarillo Picante X 30G,AMARKET,https://amarket.com.bo/collections/lo-nuevo/products/7772314690026,https://amarket.com.bo/cdn/shop/files/7772314690026_1200x1200.jpg?v=1787203729,2026-08-21T02:02:46.383869+00:00,59f35c31-a86c-44d9-adbe-e27e1d03b535,200,image/jpeg,1.0.0,60b2f04d2253ec6129c9eb35e6ec5938f79ac275da8b61e272dc89d659125fe6,60b2f04d2253ec6129c9eb35e6ec5938f79ac275da8b61e272dc89d659125fe6,1200,1200,RGB,UNIFORM_RGB,REDISTRIBUTION_PROHIBITED,ACCEPTED,,data\raw\amarket_full\7772314690026_60b2f04d2253.jpg
0b3dcbfb13b1611a9b083b930da83d55750e4b30fcba9951e8891239c469a366,7896115703577,Acondicionador Tralala Kids Rizos X 480Ml,Descripción:El Acondicionador Tralalá Kids Rizos está especialmente formulado para el cuidado diario del cabello rizado infantil. Su fórmula con pH equilibrado y agentes hidratantes ayuda a desenredar suavemente el cabello controlar el frizz y favorecer rizos más definidos dejando el cabello suave flexible y fácil de p,AMARKET,https://amarket.com.bo/collections/lo-nuevo/products/7896115703577,https://amarket.com.bo/cdn/shop/files/7896115703577_1200x1200.jpg?v=1787205956,2026-08-21T02:15:02.856537+00:00,59f35c31-a86c-44d9-adbe-e27e1d03b535,200,image/jpeg,1.0.0,9c66356980a893e051d3bcc0ad6c627f30d77428669464f0ef598ec919308bf3,9c66356980a893e051d3bcc0ad6c627f30d77428669464f0ef598ec919308bf3,1200,1200,RGB,UNIFORM_RGB,REDISTRIBUTION_PROHIBITED,ACCEPTED,,data\raw\amarket_full\7896115703577_9c66356980a8.jpg
0b5606d4ebb8c06af139c2779356206caa615337d88c24725287b4726675801a,7770108960133,Maiz Frito Avati Sabor Barbacoa X 80G,Maiz Frito Avati Sabor Barbacoa X 80G,AMARKET,https://amarket.com.bo/collections/lo-nuevo/products/7770108960133,https://amarket.com.bo/cdn/shop/files/7770108960133_1200x1200.jpg?v=1787204890,2026-08-21T01:58:08.717528+00:00,59f35c31-a86c-44d9-adbe-e27e1d03b535,200,image/jpeg,1.0.0,f88a279de82634c71773d46186a73137ba83d31fd9175f416a707f0449ada9f9,f88a279de82634c71773d46186a73137ba83d31fd9175f416a707f0449ada9f9,1200,1200,RGB,UNIFORM_RGB,REDISTRIBUTION_PROHIBITED,ACCEPTED,,data\raw\amarket_full\7770108960133_f88a279de826.jpg
0b6f0cea238109aced06cd36359875694d46699ff5ecbe71b556f7976a1e7b9b,7798186033594,Marshmellow Gongys Nubecitas Sabor Caramelo X 28G,Marshmellow Gongys Nubecitas Sabor Caramelo X 28G,AMARKET,https://amarket.com.bo/collections/lo-nuevo/products/7798186033594,https://amarket.com.bo/cdn/shop/files/7798186033594_1200x1200.jpg?v=1781762193,2026-08-21T02:10:37.751859+00:00,59f35c31-a86c-44d9-adbe-e27e1d03b535,200,image/jpeg,1.0.0,f9b31324fb694248041ff4edd03ce7ac4d04b3dcc039d75e54368765b1d981b0,f9b31324fb694248041ff4edd03ce7ac4d04b3dcc039d75e54368765b1d981b0,1200,1200,RGB,UNIFORM_RGB,REDISTRIBUTION_PROHIBITED,ACCEPTED,,data\raw\amarket_full\7798186033594_f9b31324fb69.jpg
0c1b9960c69d5b3ccde4f6ca938b7dbfdb10b75e09334c1aa6662dd382b3fafa,6941696107885,Vape Waka Go 10K 5% Nicotina Watermelon Breeze,DescripciónWaka Go Watermelon Breeze 10.000 Puffs es un vape desechable de alto rendimiento diseñado para brindar una experiencia prolongada y consistente. Combina el sabor dulce y refrescante de la sandía con un toque fresco que ofrece una sensación suave y agradable en cada inhalación. Producto destinado para adultos,AMARKET,https://amarket.com.bo/collections/lo-nuevo/products/6941696107885,https://amarket.com.bo/cdn/shop/files/6941696107885_1200x1200.jpg?v=1787203824,2026-08-21T01:51:54.497129+00:00,59f35c31-a86c-44d9-adbe-e27e1d03b535,200,image/jpeg,1.0.0,1ba1dc1a050711582072c336c3cb5208b9f5aff6636be2d7174cac3be0908de3,1ba1dc1a050711582072c336c3cb5208b9f5aff6636be2d7174cac3be0908de3,1200,1200,RGB,UNIFORM_RGB,REDISTRIBUTION_PROHIBITED,ACCEPTED,,data\raw\amarket_full\6941696107885_1ba1dc1a0507.jpg
0c35f1faeaab779a404e3a5ec7a3820dde14ce049cf0390c6707a62b2568b5f3,7773400002709,Galletas De Agua La Francesa Cracker X 230G,Galletas De Agua La Francesa Cracker X 230G,AMARKET,https://amarket.com.bo/collections/lo-nuevo/products/7773400002709,https://amarket.com.bo/cdn/shop/files/7773400002709_1200x1200.jpg?v=1782972478,2026-08-21T02:03:25.537321+00:00,59f35c31-a86c-44d9-adbe-e27e1d03b535,200,image/jpeg,1.0.0,af68c73286717bfee141020aeff59f577008c34f14a1aa9b5fcddde54b21243c,af68c73286717bfee141020aeff59f577008c34f14a1aa9b5fcddde54b21243c,1200,1200,RGB,UNIFORM_RGB,REDISTRIBUTION_PROHIBITED,ACCEPTED,,data\raw\amarket_full\7773400002709_af68c7328671.jpg
0c75af3cccae99dc9faa49875d6659d472248bba2b21283d5938e9f6b8399718,77890332,Paquete Bombones Bon O Bon Corazon Feliz Dia X 5 Unidades,Paquete Bombones Bon O Bon Corazon Feliz Dia X 5 Unidades,AMARKET,https://amarket.com.bo/collections/lo-nuevo/products/77890332,https://amarket.com.bo/cdn/shop/files/77890332_1200x1200.jpg?v=1777614617,2026-08-21T02:07:41.836940+00:00,59f35c31-a86c-44d9-adbe-e27e1d03b535,200,image/jpeg,1.0.0,7a96eac9d022f1f0b46735aff09c198bd3fc77edddda9ddff37d3e66d7cf26ee,7a96eac9d022f1f0b46735aff09c198bd3fc77edddda9ddff37d3e66d7cf26ee,1200,1200,RGB,UNIFORM_RGB,REDISTRIBUTION_PROHIBITED,ACCEPTED,,data\raw\amarket_full\77890332_7a96eac9d022.jpg
0c8d9bc09accee6664fcf9106bec16d14478b6c5e89b33fdbb24dbe051c1d223,7771257660639,Pipocas Bits Pop Bitsycream Caramelizadas X 200G,Descripción:Las Pipocas Bits Pop Bitsycream Caramelizadas son un snack de palomitas de maíz caramelizadas con un toque dulce y sabor irresistiblemente crocante. Perfectas para momentos de ocio reuniones con amigos o simplemente para disfrutar como un antojo dulce durante el día.Características: Marca: Bits &amp; Cream.,AMARKET,https://amarket.com.bo/collections/lo-nuevo/products/7771257660639,https://amarket.com.bo/cdn/shop/files/7771257660639_1200x1200.jpg?v=1771046655,2026-08-21T02:00:27.174754+00:00,59f35c31-a86c-44d9-adbe-e27e1d03b535,200,image/jpeg,1.0.0,4ed8da595bdc06fa1dfde899d551900b8f627a37abf2343e6f0983d32f1fc211,4ed8da595bdc06fa1dfde899d551900b8f627a37abf2343e6f0983d32f1fc211,1200,1200,RGB,UNIFORM_RGB,REDISTRIBUTION_PROHIBITED,ACCEPTED,,data\raw\amarket_full\7771257660639_4ed8da595bdc.jpg
0ccc53ce0f4b04f75fbfda67a23c842582a3720fe5f86cd3dd9a7a3ddd141ff6,9000969,Plato Blanco Desechable Plásticos Carmen X 10 Unidades,DescripciónEl Plato Blanco Desechable Plásticos Carmen (10 unidades) es una opción práctica para servir alimentos en reuniones celebraciones o actividades donde se requiera vajilla desechable. Fabricados en plástico estos platos ofrecen una solución ligera y funcional para el servicio de comidas facilitando la organiza,AMARKET,https://amarket.com.bo/collections/lo-nuevo/products/9000969,https://amarket.com.bo/cdn/shop/files/9000969_1200x1200.jpg?v=1787203700,2026-08-21T02:22:36.058385+00:00,59f35c31-a86c-44d9-adbe-e27e1d03b535,200,image/jpeg,1.0.0,5e075f9ba194c69647e1324f2895295e82b5984e678adcbe619dbd847af739f6,5e075f9ba194c69647e1324f2895295e82b5984e678adcbe619dbd847af739f6,1200,1200,RGB,UNIFORM_RGB,REDISTRIBUTION_PROHIBITED,ACCEPTED,,data\raw\amarket_full\9000969_5e075f9ba194.jpg
0d8c72f092edb93f36dc32a25b7223de9339dfba39ac8e341ec056540b9ea32c,7896115704314,Gel Dental Tralala Baby Manzana Y Pera X 70G,Descripción:El Gel Dental Trá Lá Lá Baby Manzana y Pera 70 g está especialmente formulado para la higiene bucal de bebés y niños pequeños. Su fórmula de baja abrasión y libre de flúor limpia suavemente los primeros dientes y las encías ayudando a eliminar restos de alimentos y placa bacteriana sin dañar el esmalte dent,AMARKET,https://amarket.com.bo/collections/lo-nuevo/products/7896115704314,https://amarket.com.bo/cdn/shop/files/7896115704314_1200x1200.jpg?v=1787205477,2026-08-21T02:15:09.716653+00:00,59f35c31-a86c-44d9-adbe-e27e1d03b535,200,image/jpeg,1.0.0,327bf540ac54516f74c9c2b64561f4ba2574f42c4f81e655e946d095264e1762,327bf540ac54516f74c9c2b64561f4ba2574f42c4f81e655e946d095264e1762,1200,1200,RGB,UNIFORM_RGB,REDISTRIBUTION_PROHIBITED,ACCEPTED,,data\raw\amarket_full\7896115704314_327bf540ac54.jpg
0ea5593c44a519551602f2e682601b968eeeb5127fbb690e026fd0c53adc06db,7798178801415,Pasta Dulce Kroomy Sabor Surtido X Unidad,Pasta Dulce Kroomy Sabor Chocolate y Frutilla Chocolate y Avellanas Chocolate Blanco y Frutilla. Venta por unidad el sabor varía según la disponibilidad en la sucursal.,AMARKET,https://amarket.com.bo/collections/lo-nuevo/products/7798178801415,https://amarket.com.bo/cdn/shop/files/7798178801415_1200x1200.jpg?v=1787205898,2026-08-21T02:10:02.628392+00:00,59f35c31-a86c-44d9-adbe-e27e1d03b535,200,image/jpeg,1.0.0,222b2ecdb3ff244e202c5d6c55d6b3809df615a96a2a9ecfa8133c7751f1e118,222b2ecdb3ff244e202c5d6c55d6b3809df615a96a2a9ecfa8133c7751f1e118,1200,1200,RGB,UNIFORM_RGB,REDISTRIBUTION_PROHIBITED,ACCEPTED,,data\raw\amarket_full\7798178801415_222b2ecdb3ff.jpg
0eb51cbb654b0cc7d30d0b97bb344e9a3988f0b3190dac4dcac007f522dd56f6,7804621470821,Atun En Aceite Robinson Crusoe Lata X 160G,Atun En Aceite Robinson Crusoe Lata X 160G,AMARKET,https://amarket.com.bo/collections/lo-nuevo/products/7804621470821,https://amarket.com.bo/cdn/shop/files/7804621470821_1200x1200.jpg?v=1787205039,2026-08-21T02:11:05.168278+00:00,59f35c31-a86c-44d9-adbe-e27e1d03b535,200,image/jpeg,1.0.0,776c8eb660f3e3295914b355e12f6807235becb587f657f7723eb466b9398313,776c8eb660f3e3295914b355e12f6807235becb587f657f7723eb466b9398313,1000,1000,RGB,UNIFORM_RGB,REDISTRIBUTION_PROHIBITED,ACCEPTED,,data\raw\amarket_full\7804621470821_776c8eb660f3.jpg
0ec968dadd895e266ab9d60bbb122ac72fbf0940012ab4d7329f84d6f01f2072,7909930024939,Nobre Guantes Multiuso G X 2 Unidades,DescripciónLos Guantes Multiuso Nobre talla G (2 unidades) son guantes diseñados para tareas de limpieza y protección de las manos durante actividades domésticas. Su material flexible permite un buen ajuste y comodidad al utilizarlos en labores como lavado limpieza del hogar o manipulación de objetos húmedos. Presentac,AMARKET,https://amarket.com.bo/collections/lo-nuevo/products/7909930024939,https://amarket.com.bo/cdn/shop/files/7909930024939_1200x1200.jpg?v=1773466451,2026-08-21T02:20:54.701002+00:00,59f35c31-a86c-44d9-adbe-e27e1d03b535,200,image/jpeg,1.0.0,00ff73ef081f3b0e8bc30ebc465d4e02ad89041d075e7b7b6f6855a1ae125612,00ff73ef081f3b0e8bc30ebc465d4e02ad89041d075e7b7b6f6855a1ae125612,1200,1200,RGB,UNIFORM_RGB,REDISTRIBUTION_PROHIBITED,ACCEPTED,,data\raw\amarket_full\7909930024939_00ff73ef081f.jpg
0f4ab1c1aa39b01af5a5ebe9bcde1361ffad5676576d7e658c1943223abd81e8,7779970831312,Detergente Omo Polvo Ultra Power Bolsa X 48 Kg,DescripciónEl Detergente Omo Polvo Ultra Power Bolsa 4.8 Kg está diseñado para lograr una limpieza potente desde el primer lavado ayudando a remover manchas difíciles mientras cuida tus prendas. Su fórmula de alto rendimiento actúa profundamente en las fibras manteniendo los colores vivos y los blancos más brillantes.,AMARKET,https://amarket.com.bo/collections/lo-nuevo/products/7779970831312,https://amarket.com.bo/cdn/shop/files/7779970831312_1200x1200.jpg?v=1787203836,2026-08-21T02:07:28.879597+00:00,59f35c31-a86c-44d9-adbe-e27e1d03b535,200,image/jpeg,1.0.0,036a1cc1aa5f0909dc4337db810f0707028c03b4d26aaa648a751a590a178210,036a1cc1aa5f0909dc4337db810f0707028c03b4d26aaa648a751a590a178210,1200,1200,RGB,UNIFORM_RGB,REDISTRIBUTION_PROHIBITED,ACCEPTED,,data\raw\amarket_full\7779970831312_036a1cc1aa5f.jpg
0f70ed2a1b83789ec7e9761765ef6902ad35ea7728cd4acc9a6c4789c117b1a1,7702032553785,Mezcla Para Preparar Cappucino Colcafe Mocca X 108G,Mezcla Para Preparar Cappucino Colcafe Mocca X 108G,AMARKET,https://amarket.com.bo/collections/lo-nuevo/products/7702032553785,https://amarket.com.bo/cdn/shop/files/7702032553785_1200x1200.jpg?v=1787205047,2026-08-21T01:56:33.792810+00:00,59f35c31-a86c-44d9-adbe-e27e1d03b535,200,image/jpeg,1.0.0,c584a26fcd15238e70810a1d758a55ba549c4059283756b913fe50bc3e93d317,c584a26fcd15238e70810a1d758a55ba549c4059283756b913fe50bc3e93d317,1000,1000,RGB,UNIFORM_RGB,REDISTRIBUTION_PROHIBITED,ACCEPTED,,data\raw\amarket_full\7702032553785_c584a26fcd15.jpg
0faebb767d90ed4e799114c35526851f4ebf304607f214b65e4146ac17be9e38,7792070002192,Aceite De Oliva Nucete Extra Virgen Intenso X 500Ml,Aceite De Oliva Nucete Extra Virgen Intenso X 500Ml,AMARKET,https://amarket.com.bo/collections/lo-nuevo/products/7792070002192,https://amarket.com.bo/cdn/shop/files/7792070002192_1200x1200.jpg?v=1781936554,2026-08-21T02:08:40.792167+00:00,59f35c31-a86c-44d9-adbe-e27e1d03b535,200,image/jpeg,1.0.0,b942fd931b522db2937f013d2e0621c40144630a71728b7330aa6ba3c9f17d81,b942fd931b522db2937f013d2e0621c40144630a71728b7330aa6ba3c9f17d81,1200,1200,RGB,UNIFORM_RGB,REDISTRIBUTION_PROHIBITED,ACCEPTED,,data\raw\amarket_full\7792070002192_b942fd931b52.jpg
10335fad2159f98779b9a0660a56b2fbf20fc1823e8af7b1f96c60613406a0f5,7899808853009,Juego De Utensilios Plasutil Con Mango X 5 Piezas,Juego De Utensilios Plasutil Con Mango X 5 Piezas,AMARKET,https://amarket.com.bo/collections/lo-nuevo/products/7899808853009,https://amarket.com.bo/cdn/shop/files/7899808853009_1200x1200.jpg?v=1787204081,2026-08-21T02:20:21.420540+00:00,59f35c31-a86c-44d9-adbe-e27e1d03b535,200,image/jpeg,1.0.0,4f0ab7290457ae9dfc647424b2258668dc429c359fd72282d5dd1308d0d9828b,4f0ab7290457ae9dfc647424b2258668dc429c359fd72282d5dd1308d0d9828b,1200,1200,RGB,UNIFORM_RGB,REDISTRIBUTION_PROHIBITED,ACCEPTED,,data\raw\amarket_full\7899808853009_4f0ab7290457.jpg
105d8b6ec91eb3fbceadd686998848cfa48ea04a6034a24b91bb0106ace77744,7896058503012,Caramelos Bolete Rellenos Con Chicle X 500G,Caramelos Bolete Rellenos Con Chicle X 500G,AMARKET,https://amarket.com.bo/collections/lo-nuevo/products/7896058503012,https://amarket.com.bo/cdn/shop/files/7896058503012_1200x1200.jpg?v=1782799688,2026-08-21T02:14:06.738925+00:00,59f35c31-a86c-44d9-adbe-e27e1d03b535,200,image/jpeg,1.0.0,9be3038cfc3488d25440f0015971911282b9d975533c450f1af5468bde907a69,9be3038cfc3488d25440f0015971911282b9d975533c450f1af5468bde907a69,1200,1200,RGB,UNIFORM_RGB,REDISTRIBUTION_PROHIBITED,ACCEPTED,,data\raw\amarket_full\7896058503012_9be3038cfc34.jpg
107893974fd9034cb81cb8962d045fa510f4cc53cb3f7e3757edab13b232e694,7503037746239,Refresco En Polvo Zuko Sabor Fresa X 13G,Mezcla en polvo para preparar bebida instantánea sabor a fresa.,AMARKET,https://amarket.com.bo/collections/lo-nuevo/products/7503037746239,https://amarket.com.bo/cdn/shop/files/7503037746239_1200x1200.jpg?v=1778305939,2026-08-21T01:53:05.994130+00:00,59f35c31-a86c-44d9-adbe-e27e1d03b535,200,image/jpeg,1.0.0,fdb2ff2f934089d974dab9abc9d96ec8256170f7458bc4954b8dde574e1e274a,fdb2ff2f934089d974dab9abc9d96ec8256170f7458bc4954b8dde574e1e274a,1200,1200,RGB,UNIFORM_RGB,REDISTRIBUTION_PROHIBITED,ACCEPTED,,data\raw\amarket_full\7503037746239_fdb2ff2f9340.jpg
109f9f68232b681d39fee052604b6da228430a99d05f77bf3b9b62da25ce4ba8,7774440631065,Alimento Para Gatos Ktito Adulto Sabor Salmón Y Atún X 1Kg,El Alimento Seco Ktito Adulto Salmón y Atún está formulado para la alimentación diaria de gatos adultos. Su combinación de proteínas de pescado proporciona un alimento seco con sabor a salmón y atún diseñado para cubrir las necesidades nutricionales de gatos en etapa adulta.,AMARKET,https://amarket.com.bo/collections/lo-nuevo/products/7774440631065,https://amarket.com.bo/cdn/shop/files/7774440631065_1200x1200.jpg?v=1787205855,2026-08-21T02:05:55.261686+00:00,59f35c31-a86c-44d9-adbe-e27e1d03b535,200,image/jpeg,1.0.0,7989def5ed2d66106bb1b585a0927fcfeb20546cf3441a13555c9bf1e8417248,7989def5ed2d66106bb1b585a0927fcfeb20546cf3441a13555c9bf1e8417248,1200,1200,RGB,UNIFORM_RGB,REDISTRIBUTION_PROHIBITED,ACCEPTED,,data\raw\amarket_full\7774440631065_7989def5ed2d.jpg
113535f9bb4f848527746cb06254de89865bc412cf5aed1ad9f4cc2075a2d021,3501113,Cadenita Tipo A Narcissa Surtido,Cadenita Tipo A Narcissa Surtido,AMARKET,https://amarket.com.bo/collections/lo-nuevo/products/3501113,https://amarket.com.bo/cdn/shop/files/3501113_1200x1200.jpg?v=1782712933,2026-08-21T01:50:27.992010+00:00,59f35c31-a86c-44d9-adbe-e27e1d03b535,200,image/jpeg,1.0.0,63455251accaffa8b0e7f30044536a3afc42be450c8f1f923a48849bdb64ac81,63455251accaffa8b0e7f30044536a3afc42be450c8f1f923a48849bdb64ac81,1200,1200,RGB,UNIFORM_RGB,REDISTRIBUTION_PROHIBITED,ACCEPTED,,data\raw\amarket_full\3501113_63455251acca.jpg
11483d77e76c37558fa0103f49b35a3ffd5040c6c3cdd85aa3be308dffe8e008,7770109740079,Jengibre En Hojuelas Condimentos Bolivia X 25G,Descripción:El Jengibre en Hojuelas Condimentos Bolivia 25 g es una especia obtenida a partir de la raíz de jengibre deshidratada y presentada en hojuelas utilizada en la cocina para aportar aroma y sabor característico a diferentes preparaciones. Este ingrediente es común en diversas gastronomías y puede incorporarse,AMARKET,https://amarket.com.bo/collections/lo-nuevo/products/7770109740079,https://amarket.com.bo/cdn/shop/files/7770109740079_1200x1200.jpg?v=1787203486,2026-08-21T01:58:48.148495+00:00,59f35c31-a86c-44d9-adbe-e27e1d03b535,200,image/jpeg,1.0.0,aca1f630dc5852d9f8bf5f368109a664683867639f06941225a65f3f8413e321,aca1f630dc5852d9f8bf5f368109a664683867639f06941225a65f3f8413e321,1200,1200,RGB,UNIFORM_RGB,REDISTRIBUTION_PROHIBITED,ACCEPTED,,data\raw\amarket_full\7770109740079_aca1f630dc58.jpg
11697bf0d91da83bc0a1528837bea352721c0442895396ba6b778e8652fbddfc,8809686120277,Crema Facial Izeze Hyper Cga Cica X 50Ml,DescripciónLa Crema Facial Izeze Hyper CGA Cica es una crema hidratante calmante formulada con Centella Asiática (Cica) y el ingrediente patentado Antifect diseñada para calmar reparar e hidratar la piel sensible. Su fórmula ayuda a fortalecer la barrera cutánea mejorar la elasticidad y mantener la piel equilibrada y s,AMARKET,https://amarket.com.bo/collections/lo-nuevo/products/8809686120277,https://amarket.com.bo/cdn/shop/files/8809686120277_1200x1200.jpg?v=1787203462,2026-08-21T02:21:40.601198+00:00,59f35c31-a86c-44d9-adbe-e27e1d03b535,200,image/jpeg,1.0.0,dde6505620862b3a0d2f287f159fb717f49036a2ec8f347a5df10d9a8722b006,dde6505620862b3a0d2f287f159fb717f49036a2ec8f347a5df10d9a8722b006,1200,1200,RGB,UNIFORM_RGB,REDISTRIBUTION_PROHIBITED,ACCEPTED,,data\raw\amarket_full\8809686120277_dde650562086.jpg
11c64db264ad091b96c6bd3b13461505d0758f60fafb5670222b250ee69b2fc5,9000210,Pack Fernet Branca 1L+Vaso Chill-On,"Conforme a la Ley N.° 259, la venta de bebidas alcohólicas está restringida entre las 03:00 am y las 09:00 am. Los pedidos realizados durante ese horario se despacharán a partir de las 09:00 amEl Pack Fernet Branca 1 L + Vaso Chill-On reúne una botella de Fernet Branca de 1 litro junto con un vaso reutilizable Chill-On",AMARKET,https://amarket.com.bo/collections/lo-nuevo/products/9000210,https://amarket.com.bo/cdn/shop/files/9000210_1200x1200.jpg?v=1783060018,2026-08-21T02:22:19.515282+00:00,59f35c31-a86c-44d9-adbe-e27e1d03b535,200,image/jpeg,1.0.0,9e8f1bab29a07258f79251f7cb4a758ef478a6a567bf27fc3544e0b2a236dbc1,9e8f1bab29a07258f79251f7cb4a758ef478a6a567bf27fc3544e0b2a236dbc1,1200,1200,RGB,UNIFORM_RGB,REDISTRIBUTION_PROHIBITED,ACCEPTED,,data\raw\amarket_full\9000210_9e8f1bab29a0.jpg
11f9917f633ced677823c569768cf9762a25da4c6af66c91a93ccb8522acefb2,7898930142654,Salsa Tomate Salsaretti Tradicional X 300G,Salsa Tomate Salsaretti Tradicional X 300G,AMARKET,https://amarket.com.bo/collections/lo-nuevo/products/7898930142654,https://amarket.com.bo/cdn/shop/files/7898930142654_1200x1200.jpg?v=1787205216,2026-08-21T02:19:32.895139+00:00,59f35c31-a86c-44d9-adbe-e27e1d03b535,200,image/jpeg,1.0.0,eaa93b4ee366f774fae9e057c709fc65b96f46b7485374b2354ba29ce3f748d8,eaa93b4ee366f774fae9e057c709fc65b96f46b7485374b2354ba29ce3f748d8,1200,1200,RGB,UNIFORM_RGB,REDISTRIBUTION_PROHIBITED,ACCEPTED,,data\raw\amarket_full\7898930142654_eaa93b4ee366.jpg
11fbf334d887bd68afca72f1989b701c687d26ceb06e6790daa63759b383602a,7898142867680,Tableta De Chocolate Arcor Crocante X 65G,Tableta De Chocolate Arcor Crocante X 65G,AMARKET,https://amarket.com.bo/collections/lo-nuevo/products/7898142867680,https://amarket.com.bo/cdn/shop/files/7898142867680_1200x1200.jpg?v=1787204819,2026-08-21T02:19:23.314827+00:00,59f35c31-a86c-44d9-adbe-e27e1d03b535,200,image/jpeg,1.0.0,54386bfa4bb1ebea299653102a7d88ae3796b3c919179a09ffb2e6a0fab11880,54386bfa4bb1ebea299653102a7d88ae3796b3c919179a09ffb2e6a0fab11880,1200,1200,RGB,UNIFORM_RGB,REDISTRIBUTION_PROHIBITED,ACCEPTED,,data\raw\amarket_full\7898142867680_54386bfa4bb1.jpg
1227cd709b3a9cbb310cd30506979cb5e09d1578b17f41dee47eb1444c32bd9a,7509552982732,Brillo Labial Vogue Boombastic Tono Boombastica X 6.8Ml,Descripción:El Brillo Labial Vogue Boombastic proporciona un efecto de volumen instantáneo con un acabado ultra brillante que realza la apariencia natural de los labios. Su fórmula genera una sensación de calor al aplicarse ofreciendo un efecto voluminizador visible y una textura cómoda para lucir unos labios con mayor,AMARKET,https://amarket.com.bo/collections/lo-nuevo/products/7509552982732,https://amarket.com.bo/cdn/shop/files/7509552982732_1200x1200.jpg?v=1787206054,2026-08-21T01:55:02.125972+00:00,59f35c31-a86c-44d9-adbe-e27e1d03b535,200,image/jpeg,1.0.0,18621f548b4ca1b479e673373477c233b2d6c86611a999b119fe9af7abb68ca2,18621f548b4ca1b479e673373477c233b2d6c86611a999b119fe9af7abb68ca2,1200,1200,RGB,UNIFORM_RGB,REDISTRIBUTION_PROHIBITED,ACCEPTED,,data\raw\amarket_full\7509552982732_18621f548b4c.jpg
1249873fbbd18536c46e9c7a4b05d362a0a888173b5cf8e159d9521b72cebdfc,4059729522023,Lipgloss Essence So Cherry Happy Peptide Tono 01 X 10Ml,Descripción:El Brillo Labial con Péptidos Essence Cosmetics combina maquillaje y cuidado para brindar unos labios visiblemente más suaves hidratados y con un acabado ultra brillante. Su fórmula con péptidos hidratantes y agentes emolientes ayuda a mejorar la apariencia de los labios proporcionando un efecto visual de m,AMARKET,https://amarket.com.bo/collections/lo-nuevo/products/4059729522023,https://amarket.com.bo/cdn/shop/files/4059729522023_1200x1200.jpg?v=1787205472,2026-08-21T01:51:18.265571+00:00,59f35c31-a86c-44d9-adbe-e27e1d03b535,200,image/jpeg,1.0.0,7cc295aeba8559987537a1163b1cbc02f11e9c7580d49e7ef7332f7c8a28db4e,7cc295aeba8559987537a1163b1cbc02f11e9c7580d49e7ef7332f7c8a28db4e,1200,1200,RGB,UNIFORM_RGB,REDISTRIBUTION_PROHIBITED,ACCEPTED,,data\raw\amarket_full\4059729522023_7cc295aeba85.jpg
126675cc86ddf627382b527c3592c38704ad0956c55d0b82b440ac0d3bf851bf,7774904407489,Detergente Polvo Todo Brillo Con Suavizante Floral X 1Kg,Detergente Polvo Todo Brillo Con Suavizante Floral X 1Kg,AMARKET,https://amarket.com.bo/collections/lo-nuevo/products/7774904407489,https://amarket.com.bo/cdn/shop/files/7774904407489_1200x1200.jpg?v=1787204751,2026-08-21T02:06:05.500887+00:00,59f35c31-a86c-44d9-adbe-e27e1d03b535,200,image/jpeg,1.0.0,d2f562c40ac9e834608b22345ba05c6a00fabfe9c4c5e975836b2cd046c5b2e2,d2f562c40ac9e834608b22345ba05c6a00fabfe9c4c5e975836b2cd046c5b2e2,1200,1200,RGB,UNIFORM_RGB,REDISTRIBUTION_PROHIBITED,ACCEPTED,,data\raw\amarket_full\7774904407489_d2f562c40ac9.jpg
12769f487503d38c6bb966d65a432adb0fb771faebf3c52c9c155eadcdae1d73,9000212,Chicle Top Line Seven X-Plosive Mint X 14G,Chicle Top Line Seven X-plosive Mint X 14G,AMARKET,https://amarket.com.bo/collections/lo-nuevo/products/9000212,https://amarket.com.bo/cdn/shop/files/9000212_1200x1200.jpg?v=1783491349,2026-08-21T02:22:26.016289+00:00,59f35c31-a86c-44d9-adbe-e27e1d03b535,200,image/jpeg,1.0.0,42b5bbfcf6660bfb754c07e833cc2980fa1b5d9887c054ffafd67022c28d4539,42b5bbfcf6660bfb754c07e833cc2980fa1b5d9887c054ffafd67022c28d4539,1200,1200,RGB,UNIFORM_RGB,REDISTRIBUTION_PROHIBITED,ACCEPTED,,data\raw\amarket_full\9000212_42b5bbfcf666.jpg
12d686f87a2f07f8eb2c0566b38c73d270aa60eead91023cf4d8e02f9a234842,7840185788514,Arroz Blanco Norte Tipo 2 X 1Kg,Arroz Blanco Norte Tipo 2 X 1Kg,AMARKET,https://amarket.com.bo/collections/lo-nuevo/products/7840185788514,https://amarket.com.bo/cdn/shop/files/7840185788514_1200x1200.jpg?v=1787204860,2026-08-21T02:11:12.194681+00:00,59f35c31-a86c-44d9-adbe-e27e1d03b535,200,image/jpeg,1.0.0,35ffbe3c0515e8453bb276752a2110bc89f2042818b6387ca80b9fc13ca818e9,35ffbe3c0515e8453bb276752a2110bc89f2042818b6387ca80b9fc13ca818e9,1200,1200,RGB,UNIFORM_RGB,REDISTRIBUTION_PROHIBITED,ACCEPTED,,data\raw\amarket_full\7840185788514_35ffbe3c0515.jpg
13e720322b28404961f2a16829ddbc7275c0c3428f10cbdaffd025f53f670afd,7891150103832,Acondicionador Dove Reconstrucción+Aminoácido X 650Ml,Descripción:El Acondicionador Dove Reconstrucción + Aminoácidos está formulado para reparar regenerar y proteger la fibra capilar dañada. Gracias a su tecnología Bio-Protein y su complejo con aminoácidos ayuda a reducir los signos visibles del daño fortaleciendo la cutícula y dejando el cabello más suave resistente y m,AMARKET,https://amarket.com.bo/collections/lo-nuevo/products/7891150103832,https://amarket.com.bo/cdn/shop/files/7891150103832_1200x1200.jpg?v=1781330266,2026-08-21T02:12:42.554639+00:00,59f35c31-a86c-44d9-adbe-e27e1d03b535,200,image/jpeg,1.0.0,86d96c7eea83a6d9305cf3ecb6565874997d376193dd3e4e4aa977d21c854b8e,86d96c7eea83a6d9305cf3ecb6565874997d376193dd3e4e4aa977d21c854b8e,1200,1200,RGB,UNIFORM_RGB,REDISTRIBUTION_PROHIBITED,ACCEPTED,,data\raw\amarket_full\7891150103832_86d96c7eea83.jpg
14643e59a3728bce37a0bcea1f6cb5d6ffbe261b40aeed2a890d13f3b897586f,7896404600099,Suavizante Girando Sol Floral Paris X 2L,DescripciónEl suavizante Floral Paris x 2 Lt cuenta con moderna tecnología de cápsulas activas diseñada para que la fragancia se prolongue por más tiempo en la ropa brindando una sensación fresca y agradable después de cada lavado.Beneficios: Fragancia duradera gracias a sus cápsulas activas. Facilita el planchado. Ayu,AMARKET,https://amarket.com.bo/collections/lo-nuevo/products/7896404600099,https://amarket.com.bo/cdn/shop/files/7896404600099_1200x1200.jpg?v=1770355592,2026-08-21T02:16:13.362788+00:00,59f35c31-a86c-44d9-adbe-e27e1d03b535,200,image/jpeg,1.0.0,7045219e8644ed820f40b080fddff34a0f50ad055ce91515f0a59f81a970f994,7045219e8644ed820f40b080fddff34a0f50ad055ce91515f0a59f81a970f994,1200,1200,RGB,UNIFORM_RGB,REDISTRIBUTION_PROHIBITED,ACCEPTED,,data\raw\amarket_full\7896404600099_7045219e8644.jpg
1468fabe8909611b50ac95c14eb4271c2af67b80be2a8d321ca6a0d1ba3fb26a,077948588,Chicle Top Line Seven Sandiamania X 14G,Chicle Top Line Seven Sandiamania X 14G,AMARKET,https://amarket.com.bo/collections/lo-nuevo/products/077948588,https://amarket.com.bo/cdn/shop/files/077948588_1200x1200.jpg?v=1787205945,2026-08-21T01:47:36.232129+00:00,59f35c31-a86c-44d9-adbe-e27e1d03b535,200,image/jpeg,1.0.0,c1ce0e716162b655d2245bf96c0cb2d160268e19ae6ccca1936454d3bc172a72,c1ce0e716162b655d2245bf96c0cb2d160268e19ae6ccca1936454d3bc172a72,1200,1200,RGB,UNIFORM_RGB,REDISTRIBUTION_PROHIBITED,ACCEPTED,,data\raw\amarket_full\077948588_c1ce0e716162.jpg
14d3d4726fd35c3b850ad13a2b2dae31a465b36736dcfba31496e8c0a6c13acc,0610985012303,Pack Elvive Shampoo+Acondicionador 370Ml Glycolic Cristal,Descripción:El Pack Elvive Glycolic Gloss Crystal de L'Oréal Paris está diseñado para cabellos sin brillo y con acumulación de residuos. Su fórmula con Ácido Glicólico y Glicina ayuda a eliminar los residuos acumulados sin dañar la fibra capilar dejando el cabello más limpio suave y con un brillo de hasta 72 horas*. Es,AMARKET,https://amarket.com.bo/collections/lo-nuevo/products/0610985012303,https://amarket.com.bo/cdn/shop/files/0610985012303_1200x1200.jpg?v=1785392783,2026-08-21T01:46:50.540768+00:00,59f35c31-a86c-44d9-adbe-e27e1d03b535,200,image/jpeg,1.0.0,e7cc30931d3650536fb86c392e916b3a32915bd40b0d867f61e99029898dc93e,e7cc30931d3650536fb86c392e916b3a32915bd40b0d867f61e99029898dc93e,1200,1200,RGB,UNIFORM_RGB,REDISTRIBUTION_PROHIBITED,ACCEPTED,,data\raw\amarket_full\0610985012303_e7cc30931d36.jpg
15afc7887f33d5d3c773e037a56db6b6a75ae52bf70fa61020645e4cd66d54fc,7891150099463,Mascara Capilar Sedal Brillo Ceramidas X 300G,Mascara Capilar Sedal Brillo Ceramidas X 300G,AMARKET,https://amarket.com.bo/collections/lo-nuevo/products/7891150099463,https://amarket.com.bo/cdn/shop/files/7891150099463_1200x1200.jpg?v=1778305962,2026-08-21T02:12:00.784803+00:00,59f35c31-a86c-44d9-adbe-e27e1d03b535,200,image/jpeg,1.0.0,e1714171b6787d70c0a315f4516166615424575d96ee7558d32314b3691535a6,e1714171b6787d70c0a315f4516166615424575d96ee7558d32314b3691535a6,1200,1200,RGB,UNIFORM_RGB,REDISTRIBUTION_PROHIBITED,ACCEPTED,,data\raw\amarket_full\7891150099463_e1714171b678.jpg
165c470a8cc984630b9f2fc0cdb7dd94e7222d2d2af06084afeaaf48adc14405,7771260760067,Jugo De La Granja Sabor Naranja X 2L,Jugo De La Granja Sabor Naranja X 2L,AMARKET,https://amarket.com.bo/collections/lo-nuevo/products/7771260760067,https://amarket.com.bo/cdn/shop/files/7771260760067_1200x1200.jpg?v=1775108643,2026-08-21T02:01:22.141905+00:00,59f35c31-a86c-44d9-adbe-e27e1d03b535,200,image/jpeg,1.0.0,1a1429e73bf8b645419564b8ea1d78428c167ec533b1d14f3ebf861f90040c40,1a1429e73bf8b645419564b8ea1d78428c167ec533b1d14f3ebf861f90040c40,1200,1200,RGB,UNIFORM_RGB,REDISTRIBUTION_PROHIBITED,ACCEPTED,,data\raw\amarket_full\7771260760067_1a1429e73bf8.jpg
16966295008a68d13117e0130d8af6c6fdae2b7c2db1361c68342aab520e3eac,7896451912466,Tubitos Docile Sticks Frutilla Ácida X 70G,Tubitos Docile Sticks Frutilla Ácida X 70G,AMARKET,https://amarket.com.bo/collections/lo-nuevo/products/7896451912466,https://amarket.com.bo/cdn/shop/files/7896451912466_1200x1200.jpg?v=1787205110,2026-08-21T02:17:11.159559+00:00,59f35c31-a86c-44d9-adbe-e27e1d03b535,200,image/jpeg,1.0.0,b1ad31c8275ef0a11d08cfd675235481d78dee57d2b16dbf1f8d8b5b0d7b232c,b1ad31c8275ef0a11d08cfd675235481d78dee57d2b16dbf1f8d8b5b0d7b232c,1200,1200,RGB,UNIFORM_RGB,REDISTRIBUTION_PROHIBITED,ACCEPTED,,data\raw\amarket_full\7896451912466_b1ad31c8275e.jpg
170d93cfec9379c1938f55110bb50320fc3ae5e339dd0872f3f59d2a5d8da104,7896451912541,Cintas Docile Coloridas Ácida X 70G,Cintas Docile Coloridas Ácida X 70G,AMARKET,https://amarket.com.bo/collections/lo-nuevo/products/7896451912541,https://amarket.com.bo/cdn/shop/files/7896451912541_1200x1200.jpg?v=1781071367,2026-08-21T02:17:27.074945+00:00,59f35c31-a86c-44d9-adbe-e27e1d03b535,200,image/jpeg,1.0.0,fae1a4ceb6622e17faeec2d5a5e9845737a92665f4f37dc930c5bc84a6e39f67,fae1a4ceb6622e17faeec2d5a5e9845737a92665f4f37dc930c5bc84a6e39f67,1200,1200,RGB,UNIFORM_RGB,REDISTRIBUTION_PROHIBITED,ACCEPTED,,data\raw\amarket_full\7896451912541_fae1a4ceb662.jpg
1737c47accb029f4a7a9758fe9027398c8ba4f9ffbc88c985c150c9d87973672,7770108960157,Maiz Frito Avati Sabor Picante Con Limón X 80G,Maiz Frito Avati Sabor Picante Con Limón X 80G,AMARKET,https://amarket.com.bo/collections/lo-nuevo/products/7770108960157,https://amarket.com.bo/cdn/shop/files/7770108960157_1200x1200.jpg?v=1779170038,2026-08-21T01:58:15.876497+00:00,59f35c31-a86c-44d9-adbe-e27e1d03b535,200,image/jpeg,1.0.0,2d8970002d6496a81133c8079afb9fbc3812e900ced354fa8ef3fe4a8e19f9be,2d8970002d6496a81133c8079afb9fbc3812e900ced354fa8ef3fe4a8e19f9be,1200,1200,RGB,UNIFORM_RGB,REDISTRIBUTION_PROHIBITED,ACCEPTED,,data\raw\amarket_full\7770108960157_2d8970002d64.jpg
173db71f8ca9cc653effd5a99a39a21469852783fdb54d56fd8b23d60e25b20c,7841503002497,Galletas Mazzei Party Cookies Con Chocolates Confitados X 100G,Galletas Mazzei Party Cookies Con Chocolates Confitados X 100G,AMARKET,https://amarket.com.bo/collections/lo-nuevo/products/7841503002497,https://amarket.com.bo/cdn/shop/files/7841503002497_1200x1200.jpg?v=1779256516,2026-08-21T02:11:26.584530+00:00,59f35c31-a86c-44d9-adbe-e27e1d03b535,200,image/jpeg,1.0.0,a94846896ac3f1700224adc1855ef79fc8def17af61d9817d6c248b977957c21,a94846896ac3f1700224adc1855ef79fc8def17af61d9817d6c248b977957c21,1200,1200,RGB,UNIFORM_RGB,REDISTRIBUTION_PROHIBITED,ACCEPTED,,data\raw\amarket_full\7841503002497_a94846896ac3.jpg
174bcd58dd88f48a422aa1871968fcc1e2c4319b97e6e310332ed009323f8921,7894904268290,Margarina Soya Extra Ligera X 250G,DescripciónLa Margarina Soya Extra Ligera 250 g es una crema vegetal elaborada a partir de ingredientes de origen vegetal ideal para untar o utilizar en preparaciones diarias. Su textura suave facilita el uso en desayunos y recetas siendo una alternativa práctica dentro de la cocina cotidiana.Características: Margarina,AMARKET,https://amarket.com.bo/collections/lo-nuevo/products/7894904268290,https://amarket.com.bo/cdn/shop/files/7894904268290_1200x1200.jpg?v=1787203436,2026-08-21T02:13:09.400538+00:00,59f35c31-a86c-44d9-adbe-e27e1d03b535,200,image/jpeg,1.0.0,a2190b20931ee30aaee66c705cb59a6b341ce595719600b0ae749d08a41119ed,a2190b20931ee30aaee66c705cb59a6b341ce595719600b0ae749d08a41119ed,1200,1200,RGB,UNIFORM_RGB,REDISTRIBUTION_PROHIBITED,ACCEPTED,,data\raw\amarket_full\7894904268290_a2190b20931e.jpg
17f02c31541ece4711456e465bc5a7e922141e81d3839220f4fc9fbbfb5fd06c,3501121,Empaque De Regalo Narcissa,Empaque De Regalo Narcissa,AMARKET,https://amarket.com.bo/collections/lo-nuevo/products/3501121,https://amarket.com.bo/cdn/shop/files/3501121_1200x1200.jpg?v=1782712937,2026-08-21T01:50:50.920562+00:00,59f35c31-a86c-44d9-adbe-e27e1d03b535,200,image/jpeg,1.0.0,63455251accaffa8b0e7f30044536a3afc42be450c8f1f923a48849bdb64ac81,63455251accaffa8b0e7f30044536a3afc42be450c8f1f923a48849bdb64ac81,1200,1200,RGB,UNIFORM_RGB,REDISTRIBUTION_PROHIBITED,ACCEPTED,,data\raw\amarket_full\3501121_63455251acca.jpg
184f946fab8f8c00be081ca94ececd1bebd58d7f357b4db33027610ac2216788,7774440391754,Leche Chocolatada Eba Uht Bolsa X 800Ml,DescripciónLa Leche Chocolatada EBA UHT en bolsa 800 ml es una bebida láctea sabor chocolate elaborada con leche tratada mediante proceso UHT lo que permite su conservación por más tiempo sin necesidad de refrigeración antes de abrir. Su sabor a chocolate la hace ideal para disfrutar fría en cualquier momento del día.,AMARKET,https://amarket.com.bo/collections/lo-nuevo/products/7774440391754,https://amarket.com.bo/cdn/shop/files/7774440391754_1200x1200.jpg?v=1787203667,2026-08-21T02:05:51.760729+00:00,59f35c31-a86c-44d9-adbe-e27e1d03b535,200,image/jpeg,1.0.0,92fbdec747082b6a373ba58083732136303b43f413cd5fe71aa7332a80247e9c,92fbdec747082b6a373ba58083732136303b43f413cd5fe71aa7332a80247e9c,1200,1200,RGB,UNIFORM_RGB,REDISTRIBUTION_PROHIBITED,ACCEPTED,,data\raw\amarket_full\7774440391754_92fbdec74708.jpg
189acbff232071f95288975fd978f779e3ee596633a5650a58ec16e3af3ebde4,7896023082979,Salton Vino Espumante Blanco Demi Sec X 750Ml,"Conforme a la Ley N.° 259, la venta de bebidas alcohólicas está restringida entre las 03:00 am y las 09:00 am. Los pedidos realizados durante ese horario se despacharán a partir de las 09:00 amDescripción:El Vino Espumante Salton Blanco Demi Sec 750 ml es un espumante blanco caracterizado por su estilo ligeramente dulc",AMARKET,https://amarket.com.bo/collections/lo-nuevo/products/7896023082979,https://amarket.com.bo/cdn/shop/files/7896023082979_1200x1200.jpg?v=1787203496,2026-08-21T02:13:22.820833+00:00,59f35c31-a86c-44d9-adbe-e27e1d03b535,200,image/jpeg,1.0.0,f7c4bdf6cc414368b094726fa50870393818a1fd701512b9f0cad936e982bae8,f7c4bdf6cc414368b094726fa50870393818a1fd701512b9f0cad936e982bae8,1200,1200,RGB,UNIFORM_RGB,REDISTRIBUTION_PROHIBITED,ACCEPTED,,data\raw\amarket_full\7896023082979_f7c4bdf6cc41.jpg
19038b00cc2ea092950385b93f64f4cc80296288f9fba79adfacabcac355c70a,7896183911027,Sal Rosa Del Himalaya Zaeli Fina X 1Kg,Sal Rosa Del Himalaya Zaeli Fina X 1Kg,AMARKET,https://amarket.com.bo/collections/lo-nuevo/products/7896183911027,https://amarket.com.bo/cdn/shop/files/7896183911027_1200x1200.jpg?v=1780379813,2026-08-21T02:16:06.724790+00:00,59f35c31-a86c-44d9-adbe-e27e1d03b535,200,image/jpeg,1.0.0,a7ca20742cb748c0373fc709320fa87ce652fcaa181872c64a4aefab88e590ae,a7ca20742cb748c0373fc709320fa87ce652fcaa181872c64a4aefab88e590ae,1000,1000,RGB,UNIFORM_RGB,REDISTRIBUTION_PROHIBITED,ACCEPTED,,data\raw\amarket_full\7896183911027_a7ca20742cb7.jpg
19222539f6afcbea6512a3a714251d643fa6bfe59b28fc95c4bb4e77a374e9dc,7772115100632,Vino Dulce Natural Aranjuez Sweet Rose X 750Ml,"Conforme a la Ley N.° 259, la venta de bebidas alcohólicas está restringida entre las 03:00 am y las 09:00 am. Los pedidos realizados durante ese horario se despacharán a partir de las 09:00 amCaracterísticas Marca: Aranjuez. Tipo: Vino dulce natural. Variedad: Rosé. Contenido: 750 ml. Origen: Bolivia.",AMARKET,https://amarket.com.bo/collections/lo-nuevo/products/7772115100632,https://amarket.com.bo/cdn/shop/files/7772115100632_1200x1200.jpg?v=1787204774,2026-08-21T02:02:32.368779+00:00,59f35c31-a86c-44d9-adbe-e27e1d03b535,200,image/jpeg,1.0.0,ba7195b8db5cdd5475276a985fe20032f5336995b0ff4ab6db70979eff690020,ba7195b8db5cdd5475276a985fe20032f5336995b0ff4ab6db70979eff690020,1200,1200,RGB,UNIFORM_RGB,REDISTRIBUTION_PROHIBITED,ACCEPTED,,data\raw\amarket_full\7772115100632_ba7195b8db5c.jpg
1956bda85b04cd16b57ea172dfbc56f6e4550f329fdef33423ecf72fe6bdf156,7896902288799,Body Splash Farmax Hidraderm Spray Morango X 190Ml,Descripción:El Body Splash Farmax Frutilla es una bruma corporal ligera y refrescante que envuelve la piel con un delicioso aroma frutal y juvenil. Su fragancia de frutilla aporta una sensación de frescura inmediata y un toque dulce ideal para acompañarte durante todo el día. Gracias a su fórmula suave puede utilizarse,AMARKET,https://amarket.com.bo/collections/lo-nuevo/products/7896902288799,https://amarket.com.bo/cdn/shop/files/7896902288799_1200x1200.jpg?v=1787205139,2026-08-21T02:18:11.312760+00:00,59f35c31-a86c-44d9-adbe-e27e1d03b535,200,image/jpeg,1.0.0,e51c86bd2c9944cf93707a0444b75f4badc72a74c8cd06b3424951d1f978b72b,e51c86bd2c9944cf93707a0444b75f4badc72a74c8cd06b3424951d1f978b72b,1200,1200,RGB,UNIFORM_RGB,REDISTRIBUTION_PROHIBITED,ACCEPTED,,data\raw\amarket_full\7896902288799_e51c86bd2c99.jpg
19b318faa2f9b7366700f8b42d753c16974842bac362095280dafe90a8321921,7790580151195,Gomitas Mogul Extreme Confitadas Jelly Beans X 50G,Gomitas Mogul Extreme Confitadas Jelly Beans X 50G,AMARKET,https://amarket.com.bo/collections/lo-nuevo/products/7790580151195,https://amarket.com.bo/cdn/shop/files/7790580151195_1200x1200.jpg?v=1782454282,2026-08-21T02:07:52.494763+00:00,59f35c31-a86c-44d9-adbe-e27e1d03b535,200,image/jpeg,1.0.0,e8c32f0beef2a8ff03a9c2717e6cf877bf3569aedb50dd047fb5893580cb5127,e8c32f0beef2a8ff03a9c2717e6cf877bf3569aedb50dd047fb5893580cb5127,1200,1200,RGB,UNIFORM_RGB,REDISTRIBUTION_PROHIBITED,ACCEPTED,,data\raw\amarket_full\7790580151195_e8c32f0beef2.jpg
19cf04e83a980d61a09bff3cea3775b45b161c4b98e734fbf6cb6ef073ed552a,7779970870168,Snack Bazo De Res Alpha Liofilizado X 50G,Descripción:El Snack Natural Liofilizado de Bazo de Res es un alimento complementario elaborado con 100% bazo de res sin colorantes saborizantes ni conservantes artificiales. Gracias al proceso de liofilización conserva su sabor aroma y nutrientes naturales ofreciendo un premio altamente palatable para perros y gatos d,AMARKET,https://amarket.com.bo/collections/lo-nuevo/products/7779970870168,https://amarket.com.bo/cdn/shop/files/7779970870168_1200x1200.jpg?v=1787206154,2026-08-21T02:07:35.234122+00:00,59f35c31-a86c-44d9-adbe-e27e1d03b535,200,image/jpeg,1.0.0,96ec77ff5878afad04b3c92e2adf643228051c5d8574f51e06d8b98aa1a7a352,96ec77ff5878afad04b3c92e2adf643228051c5d8574f51e06d8b98aa1a7a352,1200,1200,RGB,UNIFORM_RGB,REDISTRIBUTION_PROHIBITED,ACCEPTED,,data\raw\amarket_full\7779970870168_96ec77ff5878.jpg
1a48d2e7ee674e217122c1d7081fcecd71ce827adfa170614e21007c517e1f56,7896023016639,Theros Red Fruits X 1L,"Conforme a la Ley N.° 259, la venta de bebidas alcohólicas está restringida entre las 03:00 am y las 09:00 am. Los pedidos realizados durante ese horario se despacharán a partir de las 09:00 amDescripción:El Theros Red Fruits es una bebida destilada con sabor a frutos rojos presentada en botella de 1 litro. Su perfil a",AMARKET,https://amarket.com.bo/collections/lo-nuevo/products/7896023016639,https://amarket.com.bo/cdn/shop/files/7896023016639_1200x1200.jpg?v=1787203494,2026-08-21T02:13:15.999669+00:00,59f35c31-a86c-44d9-adbe-e27e1d03b535,200,image/jpeg,1.0.0,f57b2001bcf26a96fef1174c211313c3671bb5fe66734405aa0813591842c652,f57b2001bcf26a96fef1174c211313c3671bb5fe66734405aa0813591842c652,1200,1200,RGB,UNIFORM_RGB,REDISTRIBUTION_PROHIBITED,ACCEPTED,,data\raw\amarket_full\7896023016639_f57b2001bcf2.jpg
1b5bc2fd4a0f4213ac27bca1677d4e7086672d6fb4262cf3f523a3f5416b6165,309974209014,Delineador Líquido Para Ojos Revlon Colorstay Tono 251 Blackest,DescripciónEl Delineador Líquido para Ojos Revlon ColorStay Tono 251 Blackest Black es un delineador de alta precisión diseñado para crear desde trazos ultrafinos hasta líneas intensas con acabado definido. Su fórmula de larga duración se mantiene intacta hasta por 16 horas resistiendo el agua el sudor y el desgaste di,AMARKET,https://amarket.com.bo/collections/lo-nuevo/products/309974209014,https://amarket.com.bo/cdn/shop/files/309974209014_1200x1200.jpg?v=1775108616,2026-08-21T01:49:44.666421+00:00,59f35c31-a86c-44d9-adbe-e27e1d03b535,200,image/jpeg,1.0.0,3fa30a1726ac8d2fee8fd2c6acdcefddac44cc7aa21c1ce78f7962ff4c959de2,3fa30a1726ac8d2fee8fd2c6acdcefddac44cc7aa21c1ce78f7962ff4c959de2,1200,1200,RGB,UNIFORM_RGB,REDISTRIBUTION_PROHIBITED,ACCEPTED,,data\raw\amarket_full\309974209014_3fa30a1726ac.jpg
1b96b37ba93481d47b0cfcb02e93d178121e6a3272bdf7b6c934dec249e57b9e,7898142866935,Galleta Bon O Bon Choco Biscuit Original X 76G,Galleta con cobertura sabor a chocolate con relleno de maní. Contenido: 76 gramos.,AMARKET,https://amarket.com.bo/collections/lo-nuevo/products/7898142866935,https://amarket.com.bo/cdn/shop/files/7898142866935_1200x1200.jpg?v=1783060019,2026-08-21T02:19:13.356956+00:00,59f35c31-a86c-44d9-adbe-e27e1d03b535,200,image/jpeg,1.0.0,5fd149342bb2c35f12c769b9ae7f59d939d507ab750530b55d0ffc58b0c053bb,5fd149342bb2c35f12c769b9ae7f59d939d507ab750530b55d0ffc58b0c053bb,1200,1200,RGB,UNIFORM_RGB,REDISTRIBUTION_PROHIBITED,ACCEPTED,,data\raw\amarket_full\7898142866935_5fd149342bb2.jpg
1bcf2152429fce6a8f2917a2c9eb2b92d5601513ba2973460f1a241cf48eec1b,7772919390468,Torta Helada Vacafria Sabor Pavlova X 1L,Torta Helada Vacafria Sabor Pavlova X 1L,AMARKET,https://amarket.com.bo/collections/lo-nuevo/products/7772919390468,https://amarket.com.bo/cdn/shop/files/7772919390468_1200x1200.jpg?v=1781330276,2026-08-21T02:03:18.157630+00:00,59f35c31-a86c-44d9-adbe-e27e1d03b535,200,image/jpeg,1.0.0,bf904d5491f9e73f6b24d2d64063d11b4219d9a07c19045f1478cc928d6ba66c,bf904d5491f9e73f6b24d2d64063d11b4219d9a07c19045f1478cc928d6ba66c,1200,1200,RGB,UNIFORM_RGB,REDISTRIBUTION_PROHIBITED,ACCEPTED,,data\raw\amarket_full\7772919390468_bf904d5491f9.jpg
1bfac3b10ddb1dc792a8f2f2625d0363324f0b852fc60fc80a649013148c180d,7896023012471,Vodka Vorus Clasico X 1L,"Conforme a la Ley N.° 259, la venta de bebidas alcohólicas está restringida entre las 03:00 am y las 09:00 am. Los pedidos realizados durante ese horario se despacharán a partir de las 09:00 amDescripción:El Vodka Vorus Clásico es una bebida destilada caracterizada por su perfil neutro y versátil presentada en botella",AMARKET,https://amarket.com.bo/collections/lo-nuevo/products/7896023012471,https://amarket.com.bo/cdn/shop/files/7896023012471_1200x1200.jpg?v=1773120513,2026-08-21T02:13:12.695444+00:00,59f35c31-a86c-44d9-adbe-e27e1d03b535,200,image/jpeg,1.0.0,50c7ac50881f17881a398a04bb339cf95b25fa54a83c9895e828a424b9ec2c7e,50c7ac50881f17881a398a04bb339cf95b25fa54a83c9895e828a424b9ec2c7e,1200,1200,RGB,UNIFORM_RGB,REDISTRIBUTION_PROHIBITED,ACCEPTED,,data\raw\amarket_full\7896023012471_50c7ac50881f.jpg
1c4ceb51c2f347647367e4360af8cf802423ceee4ec1650b727139312225252b,7899808880456,Pote Hermético Plasutil Flip Gris X 700Ml,Pote Hermético Plasutil Flip Gris X 700Ml,AMARKET,https://amarket.com.bo/collections/lo-nuevo/products/7899808880456,https://amarket.com.bo/cdn/shop/files/7899808880456_1200x1200.jpg?v=1787204080,2026-08-21T02:20:27.994548+00:00,59f35c31-a86c-44d9-adbe-e27e1d03b535,200,image/jpeg,1.0.0,edf1bea1be2bc343cce3b10f030fcb9c6a340ba33bb52d87331f49effa3b1017,edf1bea1be2bc343cce3b10f030fcb9c6a340ba33bb52d87331f49effa3b1017,1200,1200,RGB,UNIFORM_RGB,REDISTRIBUTION_PROHIBITED,ACCEPTED,,data\raw\amarket_full\7899808880456_edf1bea1be2b.jpg
1c4dd752598ee953b8712f99e5ebf163666284a1a8941acd96389c4b2bf49a89,7899808880357,Pote Hermético Plasutil Flip Gris X 1.9L,Pote Hermético Plasutil Flip Gris X 1.9L,AMARKET,https://amarket.com.bo/collections/lo-nuevo/products/7899808880357,https://amarket.com.bo/cdn/shop/files/7899808880357_1200x1200.jpg?v=1787204080,2026-08-21T02:20:24.721386+00:00,59f35c31-a86c-44d9-adbe-e27e1d03b535,200,image/jpeg,1.0.0,0765dafdc6abbf7bac4dadafebff48257ec978ddafb61cb7fd9931aa88b12399,0765dafdc6abbf7bac4dadafebff48257ec978ddafb61cb7fd9931aa88b12399,1200,1200,RGB,UNIFORM_RGB,REDISTRIBUTION_PROHIBITED,ACCEPTED,,data\raw\amarket_full\7899808880357_0765dafdc6ab.jpg
1c74c3d5a2f13e995c28c86431a02f5d0de06425f8b13ec269562f47a246ae31,7771228000099,Palmitos Campo Verde En Rodajas X 400G,DescripciónLos Palmitos en Rodajas Campo Verde 400 g son un alimento en conserva elaborado a partir de palmito cortado en rodajas listo para consumir. Su presentación de 400 g es práctica para incorporar en ensaladas guarniciones o diferentes preparaciones aportando textura suave y sabor característico.,AMARKET,https://amarket.com.bo/collections/lo-nuevo/products/7771228000099,https://amarket.com.bo/cdn/shop/files/7771228000099_1200x1200.jpg?v=1774294949,2026-08-21T01:59:51.631455+00:00,59f35c31-a86c-44d9-adbe-e27e1d03b535,200,image/jpeg,1.0.0,fc3351ce16ef80c21720c9f8305cdaff7636192a7b4d3b73a4efc1d29e2c3952,fc3351ce16ef80c21720c9f8305cdaff7636192a7b4d3b73a4efc1d29e2c3952,1200,1200,RGB,UNIFORM_RGB,REDISTRIBUTION_PROHIBITED,ACCEPTED,,data\raw\amarket_full\7771228000099_fc3351ce16ef.jpg
1cae6a5daad48f354d96931ee35baad6e22a4e3bb204d11068a78c423bb5e7e7,7896902289529,Aceite Corporal Farmax Perfumado Pistacho X 100Ml,Descripción:El Aceite Corporal Farmax Pistacho es un aceite hidratante formulado para nutrir profundamente la piel mejorar su elasticidad y ayudar a mantenerla suave y luminosa. Su fórmula con aceite de pistacho aporta propiedades emolientes y antioxidantes que contribuyen al cuidado diario de la piel dejándola con una,AMARKET,https://amarket.com.bo/collections/lo-nuevo/products/7896902289529,https://amarket.com.bo/cdn/shop/files/7896902289529_1200x1200.jpg?v=1782799685,2026-08-21T02:18:20.592024+00:00,59f35c31-a86c-44d9-adbe-e27e1d03b535,200,image/jpeg,1.0.0,f8b47cb10d4be53d7fabbf17b3a9f58d5c595fa272600daf2afefe2371eced9e,f8b47cb10d4be53d7fabbf17b3a9f58d5c595fa272600daf2afefe2371eced9e,1200,1200,RGB,UNIFORM_RGB,REDISTRIBUTION_PROHIBITED,ACCEPTED,,data\raw\amarket_full\7896902289529_f8b47cb10d4b.jpg
1cc036cd41d5b05c919636f12c13eb7dac5247d712c182a341046d9342455d1e,7896451912480,Tubitos Docile Sticks Coloridas Ácido X 70G,Tubitos Docile Sticks Coloridas Ácido X 70G,AMARKET,https://amarket.com.bo/collections/lo-nuevo/products/7896451912480,https://amarket.com.bo/cdn/shop/files/7896451912480_1200x1200.jpg?v=1787205110,2026-08-21T02:17:14.076146+00:00,59f35c31-a86c-44d9-adbe-e27e1d03b535,200,image/jpeg,1.0.0,dfb798159dceceb77651cd17b6e7267b59d76ffa0f8d6f1111f8621328b6d962,dfb798159dceceb77651cd17b6e7267b59d76ffa0f8d6f1111f8621328b6d962,1200,1200,RGB,UNIFORM_RGB,REDISTRIBUTION_PROHIBITED,ACCEPTED,,data\raw\amarket_full\7896451912480_dfb798159dce.jpg
1d2efdffac3c0b9e5061a860a0d9dea2899d2f9777b739046c6a2c802c46cb82,7896115704109,Desodorante Infantil Tralala Kids Sin Perfume X 65Ml,Descripción:El Desodorante Roll-On Tralalá Kids Sin Perfume está especialmente formulado para el cuidado diario de la piel infantil. Su fórmula sin fragancia libre de alcohol y aluminio ayuda a proteger contra el mal olor causado por la transpiración mientras cuida la delicada piel de las axilas. Además contribuye a ma,AMARKET,https://amarket.com.bo/collections/lo-nuevo/products/7896115704109,https://amarket.com.bo/cdn/shop/files/7896115704109_1200x1200.jpg?v=1783666066,2026-08-21T02:15:06.167134+00:00,59f35c31-a86c-44d9-adbe-e27e1d03b535,200,image/jpeg,1.0.0,b3ded3c3642b9844da477992ef5c8368b54d679b673fa0d88b8628bb1f6eda02,b3ded3c3642b9844da477992ef5c8368b54d679b673fa0d88b8628bb1f6eda02,1200,1200,RGB,UNIFORM_RGB,REDISTRIBUTION_PROHIBITED,ACCEPTED,,data\raw\amarket_full\7896115704109_b3ded3c3642b.jpg
1d3bcd51af0dedeffa9a8e434a91757aad70a02f88cb7ef6f4c240897527d38e,7770109060016,Leche Vegetal La Castaña Almendra X 800Ml,Descripción:La Leche Vegetal La Castaña Almendra 800 ml es una bebida vegetal elaborada a partir de almendras diseñada como alternativa a la leche de origen animal. Su textura suave y sabor delicado la hacen ideal para consumir sola añadir a cereales batidos o utilizar en diferentes preparaciones culinarias.Característ,AMARKET,https://amarket.com.bo/collections/lo-nuevo/products/7770109060016,https://amarket.com.bo/cdn/shop/files/7770109060016_1200x1200.jpg?v=1787203483,2026-08-21T01:58:19.582646+00:00,59f35c31-a86c-44d9-adbe-e27e1d03b535,200,image/jpeg,1.0.0,2b50568afda13c8fc2975c9b84e9f1b662978bc3bc3cfbf126193ef2d939a78f,2b50568afda13c8fc2975c9b84e9f1b662978bc3bc3cfbf126193ef2d939a78f,1200,1200,RGB,UNIFORM_RGB,REDISTRIBUTION_PROHIBITED,ACCEPTED,,data\raw\amarket_full\7770109060016_2b50568afda1.jpg
1d8846529ca40105f0c9503184670a1b75a452a0b78d1b206c77c9207534ba11,041554098389,Barra Facial Multi-Usos Maybelline Lifter Stix Nro. 50,Descripción:La Lifter Stix Multi-Use Face Stick de Maybelline New York es una base de maquillaje en barra de textura ultra cremosa y fácil difuminado diseñada para ofrecer un acabado natural con efecto visual de lifting. Su fórmula enriquecida con aceite de semilla de arándano permite una aplicación uniforme y versátil,AMARKET,https://amarket.com.bo/collections/lo-nuevo/products/041554098389,https://amarket.com.bo/cdn/shop/files/041554098389_1200x1200.jpg?v=1784036535,2026-08-21T01:46:37.571880+00:00,59f35c31-a86c-44d9-adbe-e27e1d03b535,200,image/jpeg,1.0.0,bd30eb8f77e56cad10044c48038c50059085ec76e14f6a21664b5bd4c2f3df51,bd30eb8f77e56cad10044c48038c50059085ec76e14f6a21664b5bd4c2f3df51,1200,1200,RGB,UNIFORM_RGB,REDISTRIBUTION_PROHIBITED,ACCEPTED,,data\raw\amarket_full\041554098389_bd30eb8f77e5.jpg
1db2e2e7a415726f2fd955d29d0b54a3bc097e7d49b1a4560c1025712a0f9b28,7896451916709,Malvavisco Docile Colores Bolsa X 250G,Malvavisco Docile Colores Bolsa X 250G,AMARKET,https://amarket.com.bo/collections/lo-nuevo/products/7896451916709,https://amarket.com.bo/cdn/shop/files/7896451916709_1200x1200.jpg?v=1787205104,2026-08-21T02:17:45.544230+00:00,59f35c31-a86c-44d9-adbe-e27e1d03b535,200,image/jpeg,1.0.0,8dcf8d015526469cfca4475dcbda5a5de181bba69ed6b3a5c45b9fb0634f8201,8dcf8d015526469cfca4475dcbda5a5de181bba69ed6b3a5c45b9fb0634f8201,1200,1200,RGB,UNIFORM_RGB,REDISTRIBUTION_PROHIBITED,ACCEPTED,,data\raw\amarket_full\7896451916709_8dcf8d015526.jpg
1e242f123f958f240aa4565476ed8ebb6b25203b433b1b14b32d0dfa1e8f0d6a,7792070054245,Aceitunas Verdes Nucete Descarozadas Doypack X 220G,Aceitunas Verdes Nucete Descarozadas Doypack X 220G,AMARKET,https://amarket.com.bo/collections/lo-nuevo/products/7792070054245,https://amarket.com.bo/cdn/shop/files/7792070054245_1200x1200.jpg?v=1787205207,2026-08-21T02:08:55.458686+00:00,59f35c31-a86c-44d9-adbe-e27e1d03b535,200,image/jpeg,1.0.0,7f10e69ef4f84e1432b7bb12f291456bc03e51da13b9ad6ed36b7d100d9fb3ab,7f10e69ef4f84e1432b7bb12f291456bc03e51da13b9ad6ed36b7d100d9fb3ab,1200,1200,RGB,UNIFORM_RGB,REDISTRIBUTION_PROHIBITED,ACCEPTED,,data\raw\amarket_full\7792070054245_7f10e69ef4f8.jpg
1e427c4167a9777092b3648045a6c958ec219f81f95bda3e73b4ac96ef64c344,7770000850044,Dulce De Leche Chané Cero Azucar X 300G,Descripción:Dulce de leche elaborado con leche descremada deslactosada y endulzado con alulosa diseñado para quienes desean disfrutar del sabor tradicional del dulce de leche sin azúcar añadida. Su textura cremosa y homogénea conserva las características clásicas del producto ofreciendo una alternativa ideal para perso,AMARKET,https://amarket.com.bo/collections/lo-nuevo/products/7770000850044,https://amarket.com.bo/cdn/shop/files/7770000850044_1200x1200.jpg?v=1787205167,2026-08-21T01:57:23.242162+00:00,59f35c31-a86c-44d9-adbe-e27e1d03b535,200,image/jpeg,1.0.0,aa7171dfc0fb210b4566afe47df950981991c251174fbcc613a95defe11d86ad,aa7171dfc0fb210b4566afe47df950981991c251174fbcc613a95defe11d86ad,1200,1200,RGB,UNIFORM_RGB,REDISTRIBUTION_PROHIBITED,ACCEPTED,,data\raw\amarket_full\7770000850044_aa7171dfc0fb.jpg
1f37dc0bc5146d48b6e9988724f8f92365c324b11f3f1e00e4a91569f3a99c36,7509552961904,Esmalte Vogue Efecto Gel Tono Mocha X 14Ml,Descripción:El Esmalte Vogue Efecto Gel ofrece un acabado brillante con efecto gel y colores intensos proporcionando una apariencia de manicure profesional sin necesidad de lámparas UV. Su fórmula de secado rápido ayuda a lograr un color uniforme y una duración de hasta 12 días además de contribuir al fortalecimiento d,AMARKET,https://amarket.com.bo/collections/lo-nuevo/products/7509552961904,https://amarket.com.bo/cdn/shop/files/7509552961904_1200x1200.jpg?v=1787206167,2026-08-21T01:54:30.288964+00:00,59f35c31-a86c-44d9-adbe-e27e1d03b535,200,image/jpeg,1.0.0,868b6d2f872dde5c98f37e60d8ce89b9759a7031fd21248f1515e087d032da5c,868b6d2f872dde5c98f37e60d8ce89b9759a7031fd21248f1515e087d032da5c,1200,1200,RGB,UNIFORM_RGB,REDISTRIBUTION_PROHIBITED,ACCEPTED,,data\raw\amarket_full\7509552961904_868b6d2f872d.jpg
1f9ec91e85158cc623fee91969a4254a7ae053215945958c0f6a03eb243d2d16,7771260681676,Helado Delizia Cono Yogurt Griego Pie De Limón X 140Ml,Helado Delizia Cono Yogurt Griego Pie De Limón X 140Ml,AMARKET,https://amarket.com.bo/collections/lo-nuevo/products/7771260681676,https://amarket.com.bo/cdn/shop/files/Logo_Amarket_1_1204x630.png?v=1665431461,2026-08-21T02:01:08.285430+00:00,59f35c31-a86c-44d9-adbe-e27e1d03b535,200,image/png,1.0.0,b2da85ec588e75bd0be6bbd32c736622cc6068a7f086ab0d09be19e78627874a,b2da85ec588e75bd0be6bbd32c736622cc6068a7f086ab0d09be19e78627874a,1070,232,RGBA,TRANSPARENT_ALPHA,REDISTRIBUTION_PROHIBITED,ACCEPTED,,data\raw\amarket_full\7771260681676_b2da85ec588e.png
1ff24abdb2cf7abf78465ba7c13aa8a3580fb175796a5883fbc97240ba922877,7778608382080,Pack Pañuelos Kleenex X 160 Unidades,Colores surtidos. Varian según disponibilidad.,AMARKET,https://amarket.com.bo/collections/lo-nuevo/products/7778608382080,https://amarket.com.bo/cdn/shop/files/7778608382080_1200x1200.jpg?v=1785392783,2026-08-21T02:07:07.594228+00:00,59f35c31-a86c-44d9-adbe-e27e1d03b535,200,image/jpeg,1.0.0,58fbc20674362b1ce1e08d0700a44a79774ce7ba0ab882c94e42c5939b47c566,58fbc20674362b1ce1e08d0700a44a79774ce7ba0ab882c94e42c5939b47c566,1200,1200,RGB,UNIFORM_RGB,REDISTRIBUTION_PROHIBITED,ACCEPTED,,data\raw\amarket_full\7778608382080_58fbc2067436.jpg
2128719317a13661903e8a715a35c89d4d95424b598f177531e2182c6bee11c3,309974700146,Base Para Rostro Revlon Colorstay Vitamina E Tono 360 Golden Caramel,DescripciónLa base de maquillaje de larga duración SPF 20 está diseñada para piel normal a seca ofreciendo un acabado impecable hasta por 24 horas. Enriquecida con ácido hialurónico contribuye a aumentar la hidratación de la piel ayudando a mantenerla suave fresca y con un brillo saludable. Ideal para quienes buscan un,AMARKET,https://amarket.com.bo/collections/lo-nuevo/products/309974700146,https://amarket.com.bo/cdn/shop/files/309974700146_1200x1200.jpg?v=1787204232,2026-08-21T01:50:06.193243+00:00,59f35c31-a86c-44d9-adbe-e27e1d03b535,200,image/jpeg,1.0.0,3b77536507299fddd82705e9578ca8a3fe9da0cd965dd7281bf07f5caf5f87b6,3b77536507299fddd82705e9578ca8a3fe9da0cd965dd7281bf07f5caf5f87b6,1200,1200,RGB,UNIFORM_RGB,REDISTRIBUTION_PROHIBITED,ACCEPTED,,data\raw\amarket_full\309974700146_3b7753650729.jpg
215bfe1055cb6328d333bd122c4f9cd24ebdc5e07bebfbeba62a8df942d9348a,8901023028434,Aromatizante Ambiental Aer Power Frescura Cítrica X 10G,Descripción:El Aromatizante Ambiental Aer Power Frescura Cítrica 10 g es un ambientador diseñado para perfumar espacios interiores con una fragancia frutal inspirada en el Cítrico. Su formato compacto permite colocarlo fácilmente en diferentes ambientes como habitaciones baños u oficinas ayudando a mantener un entorno,AMARKET,https://amarket.com.bo/collections/lo-nuevo/products/8901023028434,https://amarket.com.bo/cdn/shop/files/8901023028434_1200x1200.jpg?v=1773898464,2026-08-21T02:22:00.675336+00:00,59f35c31-a86c-44d9-adbe-e27e1d03b535,200,image/jpeg,1.0.0,9d34d5a30ef05de956a0041cf198564b507cd2684d2aa07a14f5bafb470cad60,9d34d5a30ef05de956a0041cf198564b507cd2684d2aa07a14f5bafb470cad60,1200,1200,RGB,UNIFORM_RGB,REDISTRIBUTION_PROHIBITED,ACCEPTED,,data\raw\amarket_full\8901023028434_9d34d5a30ef0.jpg
22d85b1952faf972b5cabd178e14cc782eac9ff71361f9191a28f753bc8b9082,7861087802597,Jabón Liquido Dr. Peña Jengibre + Vitamina C X 250Ml,DescripciónJabón líquido corporal con extracto de jengibre y formulación suave para limpiar nutrir e hidratar la piel ayudando a mantenerla fresca suave y con apariencia saludable gracias a ingredientes naturales.Beneficios: Limpia la piel de manera eficaz sin resecarla. Con extracto de jengibre con propiedades antioxi,AMARKET,https://amarket.com.bo/collections/lo-nuevo/products/7861087802597,https://amarket.com.bo/cdn/shop/files/7861087802597_1200x1200.jpg?v=1770787783,2026-08-21T02:11:33.631903+00:00,59f35c31-a86c-44d9-adbe-e27e1d03b535,200,image/jpeg,1.0.0,c294dc07629c6523d5f92f73f121c811beadd76a466a4387cbb075c0ff6edad0,c294dc07629c6523d5f92f73f121c811beadd76a466a4387cbb075c0ff6edad0,1200,1200,RGB,UNIFORM_RGB,REDISTRIBUTION_PROHIBITED,ACCEPTED,,data\raw\amarket_full\7861087802597_c294dc07629c.jpg
22df33e59fe22a8924894a4ac34a3ef8d8d0a1a674ee61642550f48518fdad5e,7506306252837,Sérum Corporal Dove Niacinamida+Tono Uniforme X 200Ml,Descripción:La Crema Corporal con Niacinamida está formulada para brindar hidratación intensa por hasta 48 horas mientras ayuda a mejorar la apariencia del tono de la piel. Su fórmula enriquecida con niacinamida un ingrediente reconocido por sus propiedades antioxidantes contribuye a reducir visiblemente la apariencia,AMARKET,https://amarket.com.bo/collections/lo-nuevo/products/7506306252837,https://amarket.com.bo/cdn/shop/files/7506306252837_1200x1200.jpg?v=1784036522,2026-08-21T01:53:20.228900+00:00,59f35c31-a86c-44d9-adbe-e27e1d03b535,200,image/jpeg,1.0.0,48f4739e75707f3bf9b44159aef8859aa51bbaad865f9130ce9f99b6458c836a,48f4739e75707f3bf9b44159aef8859aa51bbaad865f9130ce9f99b6458c836a,1200,1200,RGB,UNIFORM_RGB,REDISTRIBUTION_PROHIBITED,ACCEPTED,,data\raw\amarket_full\7506306252837_48f4739e7570.jpg
233027468dcbc64624b628e18b159ffe09d51326aa4c4b0309c77b0f86bc50d8,7771612001398,Pack Vino Rosé Innovante X 2 Unidades+Manjar De Oro Chocolate,"Conforme a la Ley N.° 259, la venta de bebidas alcohólicas está restringida entre las 03:00 am y las 09:00 am. Los pedidos realizados durante ese horario se despacharán a partir de las 09:00 amDescripciónPack Rosé Innovante con notas de frambuesa frutilla y especias dulces como la vainilla. Este pack es una edición lim",AMARKET,https://amarket.com.bo/collections/lo-nuevo/products/7771612001398,https://amarket.com.bo/cdn/shop/files/7771612001398_1200x1200.jpg?v=1787204925,2026-08-21T02:02:01.152734+00:00,59f35c31-a86c-44d9-adbe-e27e1d03b535,200,image/jpeg,1.0.0,32b9707709be5a8068431abff96a967ccacecd595f06af30b30a5dfa02bd6abf,32b9707709be5a8068431abff96a967ccacecd595f06af30b30a5dfa02bd6abf,1200,1200,RGB,UNIFORM_RGB,REDISTRIBUTION_PROHIBITED,ACCEPTED,,data\raw\amarket_full\7771612001398_32b9707709be.jpg
25173230998c4086aaa60c0dae0cfe97c6663d91b01fab3454a0a6dc9fc28959,7773431000095,Empanadas Integrales Vikinger Con Queso X 4 Unidades,Tienda de retail,AMARKET,https://amarket.com.bo/collections/lo-nuevo/products/7773431000095,https://amarket.com.bo/cdn/shop/files/7773431000095_1200x1200.jpg?v=1787203752,2026-08-21T02:04:15.809227+00:00,59f35c31-a86c-44d9-adbe-e27e1d03b535,200,image/jpeg,1.0.0,c66d95d75c6671f9ce375433184d8ff1c0146119c6db8e3f60e1172b593288b4,c66d95d75c6671f9ce375433184d8ff1c0146119c6db8e3f60e1172b593288b4,1200,1200,RGB,UNIFORM_RGB,REDISTRIBUTION_PROHIBITED,ACCEPTED,,data\raw\amarket_full\7773431000095_c66d95d75c66.jpg
251a162f2268746e5aa5ebbde3750df992601e43e580443ddc7a5bd58b040670,7798178800685,Malvaviscos Buffys Corazón Sabor Fresa Bolsa X 450G,Malvaviscos Buffys Corazón Sabor Fresa Bolsa X 450G,AMARKET,https://amarket.com.bo/collections/lo-nuevo/products/7798178800685,https://amarket.com.bo/cdn/shop/files/7798178800685_1200x1200.jpg?v=1787205899,2026-08-21T02:09:41.460986+00:00,59f35c31-a86c-44d9-adbe-e27e1d03b535,200,image/jpeg,1.0.0,2be3cd98510e0f7be28ffd399770c982ca4a512c7c2f76ee2679408970e94ac4,2be3cd98510e0f7be28ffd399770c982ca4a512c7c2f76ee2679408970e94ac4,1200,1200,RGB,UNIFORM_RGB,REDISTRIBUTION_PROHIBITED,ACCEPTED,,data\raw\amarket_full\7798178800685_2be3cd98510e.jpg
251d88d72344db6bf4bac6fcbfa0798a18ae8a58a27c7b739453aa27178ad2d8,3501112,Gargantilla Narcissa Tipo B Surtido,Gargantilla Narcissa Tipo B Surtido,AMARKET,https://amarket.com.bo/collections/lo-nuevo/products/3501112,https://amarket.com.bo/cdn/shop/files/3501112_1200x1200.jpg?v=1782712932,2026-08-21T01:50:24.915783+00:00,59f35c31-a86c-44d9-adbe-e27e1d03b535,200,image/jpeg,1.0.0,06b9e9678c13fff72ac7e6f6ecaaf4ffa28f5d451bd3b4391fced7884409a1ef,06b9e9678c13fff72ac7e6f6ecaaf4ffa28f5d451bd3b4391fced7884409a1ef,1200,1200,RGB,UNIFORM_RGB,REDISTRIBUTION_PROHIBITED,ACCEPTED,,data\raw\amarket_full\3501112_06b9e9678c13.jpg
2592cf432c5b1a976caf2cb0ddc366106682acfc6fd7484e4ee2c61113e1b9b5,7896115703560,Shampoo Tralala Kids Rizos X 480Ml,Descripción:El Shampoo Tralalá Kids Rizos está especialmente formulado para el cuidado diario del cabello rizado infantil. Su fórmula con aceite de argán limpia delicadamente mientras ayuda a mantener la hidratación natural del cabello favoreciendo rizos definidos suaves y con brillo. Además contribuye a reducir el enr,AMARKET,https://amarket.com.bo/collections/lo-nuevo/products/7896115703560,https://amarket.com.bo/cdn/shop/files/7896115703560_1200x1200.jpg?v=1783666057,2026-08-21T02:14:59.417160+00:00,59f35c31-a86c-44d9-adbe-e27e1d03b535,200,image/jpeg,1.0.0,278d7b9ae92240589523b9b33833be01cab9568d296fbbb51345847f138e42aa,278d7b9ae92240589523b9b33833be01cab9568d296fbbb51345847f138e42aa,1200,1200,RGB,UNIFORM_RGB,REDISTRIBUTION_PROHIBITED,ACCEPTED,,data\raw\amarket_full\7896115703560_278d7b9ae922.jpg
25fc98b36014da7d1d56cf29b15143a85551e2a160a95a1510349d53b2415a32,7771259758112,Leche Condensada Pil Descremada Doypack X 200G,Leche Condensada Pil Descremada Doypack X 200G,AMARKET,https://amarket.com.bo/collections/lo-nuevo/products/7771259758112,https://amarket.com.bo/cdn/shop/files/7771259758112_1200x1200.jpg?v=1787204937,2026-08-21T02:00:55.619092+00:00,59f35c31-a86c-44d9-adbe-e27e1d03b535,200,image/jpeg,1.0.0,37cefe0fa2b1e7c91e652d01f5c593189dfaffa81ea27d2591e6d33a81e8c841,37cefe0fa2b1e7c91e652d01f5c593189dfaffa81ea27d2591e6d33a81e8c841,1200,1200,RGB,UNIFORM_RGB,REDISTRIBUTION_PROHIBITED,ACCEPTED,,data\raw\amarket_full\7771259758112_37cefe0fa2b1.jpg
264ba1a54f41c831501890ed1663f0ead03583add35b7e6b74574a85efc674e1,7909930024922,Nobre Guantes Multiuso M X 2 Unidades,DescripciónLos Guantes Multiuso Nobre talla M (2 unidades) son guantes diseñados para tareas de limpieza y protección de las manos durante actividades domésticas. Su material flexible permite un buen ajuste y comodidad al utilizarlos en labores como lavado limpieza del hogar o manipulación de objetos húmedos. Presentac,AMARKET,https://amarket.com.bo/collections/lo-nuevo/products/7909930024922,https://amarket.com.bo/cdn/shop/files/7909930024922_1200x1200.jpg?v=1787203700,2026-08-21T02:20:51.310315+00:00,59f35c31-a86c-44d9-adbe-e27e1d03b535,200,image/jpeg,1.0.0,088ea1a3ceaf47ad8366496268d87bfe1c2f3954716aed59c5983805defcd847,088ea1a3ceaf47ad8366496268d87bfe1c2f3954716aed59c5983805defcd847,1200,1200,RGB,UNIFORM_RGB,REDISTRIBUTION_PROHIBITED,ACCEPTED,,data\raw\amarket_full\7909930024922_088ea1a3ceaf.jpg
26b20fb758ce43cc36debb2f904e994b21c0a8eb10c18c78bcaaaa66966ef4fb,7773510140148,Miel De Abeja Del Campo Doypack X 250G,Miel De Abeja Del Campo Doypack X 250G,AMARKET,https://amarket.com.bo/collections/lo-nuevo/products/7773510140148,https://amarket.com.bo/cdn/shop/files/7773510140148_1200x1200.jpg?v=1779256532,2026-08-21T02:05:08.931036+00:00,59f35c31-a86c-44d9-adbe-e27e1d03b535,200,image/jpeg,1.0.0,94ecea8a72f686da2b24ac02268668fae9f0212528d725f7002e140df5f655cf,94ecea8a72f686da2b24ac02268668fae9f0212528d725f7002e140df5f655cf,1200,1200,RGB,UNIFORM_RGB,REDISTRIBUTION_PROHIBITED,ACCEPTED,,data\raw\amarket_full\7773510140148_94ecea8a72f6.jpg
27241ed37e52a5c20bd9afd9a175c114c7bb928f0b0d8c16fd55ee15c292d67d,6941696111394,Vape Waka Creator Crystal Raspberry Frost 12000 Puffs,Vape Waka Creator Crystal Raspberry Frost 12000 Puffs,AMARKET,https://amarket.com.bo/collections/lo-nuevo/products/6941696111394,https://amarket.com.bo/cdn/shop/files/6941696111394_1200x1200.jpg?v=1787204871,2026-08-21T01:52:12.466083+00:00,59f35c31-a86c-44d9-adbe-e27e1d03b535,200,image/jpeg,1.0.0,7e56591a89ab18ab94b1d368d00278d78f3539ea885e22fb23fde181b8f30f02,7e56591a89ab18ab94b1d368d00278d78f3539ea885e22fb23fde181b8f30f02,1200,1200,RGB,UNIFORM_RGB,REDISTRIBUTION_PROHIBITED,ACCEPTED,,data\raw\amarket_full\6941696111394_7e56591a89ab.jpg
27689690f4b157202ddb44ad4df88453c4cb73f33e1c76f3a886fa8568489444,7509552992090,Shampoo Elvive Collagen Lifter X 370Ml,Descripción:El Shampoo Elvive Colágeno Lifter Engrosador de L'Oréal Paris está especialmente desarrollado para cabellos finos delgados y con falta de volumen. Su fórmula con tecnología inspirada en el colágeno ayuda a aportar una sensación de mayor densidad y cuerpo dejando el cabello con una apariencia más gruesa lige,AMARKET,https://amarket.com.bo/collections/lo-nuevo/products/7509552992090,https://amarket.com.bo/cdn/shop/files/7509552992090_1200x1200.jpg?v=1787205949,2026-08-21T01:55:15.651888+00:00,59f35c31-a86c-44d9-adbe-e27e1d03b535,200,image/jpeg,1.0.0,02112079340bc65f5bc7646746e14bee9e06d7cc8a9ccee5a70bf925a5c98491,02112079340bc65f5bc7646746e14bee9e06d7cc8a9ccee5a70bf925a5c98491,1200,1200,RGB,UNIFORM_RGB,REDISTRIBUTION_PROHIBITED,ACCEPTED,,data\raw\amarket_full\7509552992090_02112079340b.jpg
276df6eb7ff7569667f90011aec7eb9d677c12c8b92ade7550beda40167dc22e,7792389080331,Pastilla Para Inodoro Jardin Lavanda X 25G,DescripciónLa Pastilla para Inodoro Jardín Lavanda X 25 g ayuda a mantener el inodoro limpio y con un aroma fresco en cada descarga. Su fragancia a lavanda aporta una sensación agradable y relajante contribuyendo a neutralizar olores y mejorar el ambiente del baño. Fácil de usar y práctica es una opción ideal para el c,AMARKET,https://amarket.com.bo/collections/lo-nuevo/products/7792389080331,https://amarket.com.bo/cdn/shop/files/7792389080331_1200x1200.jpg?v=1787204073,2026-08-21T02:09:13.581938+00:00,59f35c31-a86c-44d9-adbe-e27e1d03b535,200,image/jpeg,1.0.0,b6cc88ecbf861280bfeef0c3defe0d16145e55726035a90a132f81a25e985779,b6cc88ecbf861280bfeef0c3defe0d16145e55726035a90a132f81a25e985779,1200,1200,RGB,UNIFORM_RGB,REDISTRIBUTION_PROHIBITED,ACCEPTED,,data\raw\amarket_full\7792389080331_b6cc88ecbf86.jpg
2887264aaa3d682b7ffbcebe01b5dbc4eb0c5e8153ef2446cfa5ca16ae131a08,7896902288140,Protector Solar Farmax Sunless Stick Fps50 Translúcido X 12G,Descripción:El Protector Solar Sunless Stick FPS 50 Gel es un fotoprotector facial de amplio espectro en formato barra diseñado para brindar una protección eficaz contra los rayos UVA y UVB de manera práctica y cómoda. Su acabado translúcido se adapta a todo tipo de piel sin dejar residuos blancos visibles siendo ideal,AMARKET,https://amarket.com.bo/collections/lo-nuevo/products/7896902288140,https://amarket.com.bo/cdn/shop/files/7896902288140_1200x1200.jpg?v=1787205140,2026-08-21T02:18:07.918573+00:00,59f35c31-a86c-44d9-adbe-e27e1d03b535,200,image/jpeg,1.0.0,75441d7cd1db53c1a75661c78229e96c8c59183a47887b187e3217d207fbc6ab,75441d7cd1db53c1a75661c78229e96c8c59183a47887b187e3217d207fbc6ab,1200,1200,RGB,UNIFORM_RGB,REDISTRIBUTION_PROHIBITED,ACCEPTED,,data\raw\amarket_full\7896902288140_75441d7cd1db.jpg
2896726c24249a72b2a7cf556e37ec3a575be7a3f0b1d0a6eadab4b31b48ac8c,7798186031750,Caramelos Masticables Selva Dropsy  X 700G,Caramelos Masticables Selva Dropsy X 700G,AMARKET,https://amarket.com.bo/collections/lo-nuevo/products/7798186031750,https://amarket.com.bo/cdn/shop/files/7798186031750_1200x1200.jpg?v=1776691131,2026-08-21T02:10:20.181502+00:00,59f35c31-a86c-44d9-adbe-e27e1d03b535,200,image/jpeg,1.0.0,0bc64040f25b4c6fce66cd37fea82811e1afc3fc09ba41590c0d215e0f72a693,0bc64040f25b4c6fce66cd37fea82811e1afc3fc09ba41590c0d215e0f72a693,1200,1200,RGB,UNIFORM_RGB,REDISTRIBUTION_PROHIBITED,ACCEPTED,,data\raw\amarket_full\7798186031750_0bc64040f25b.jpg
28c4c5825c229410ad42bb91e81069623e84a6cf9b2281370f7a2ba243b52702,07896058500219,Gomitas Ositos Dori Sabor Surtido X 60G,Gomitas Ositos Dori Sabor Surtido X 60G,AMARKET,https://amarket.com.bo/collections/lo-nuevo/products/07896058500219,https://amarket.com.bo/cdn/shop/files/07896058500219_1200x1200.jpg?v=1782799691,2026-08-21T01:47:39.663715+00:00,59f35c31-a86c-44d9-adbe-e27e1d03b535,200,image/jpeg,1.0.0,83532d30c475d2463ae8d4139e329c795664fb5a5b076333c80381c246ce19f8,83532d30c475d2463ae8d4139e329c795664fb5a5b076333c80381c246ce19f8,1200,1200,RGB,UNIFORM_RGB,REDISTRIBUTION_PROHIBITED,ACCEPTED,,data\raw\amarket_full\07896058500219_83532d30c475.jpg
28e5857d198785a8b5c002d27231202ab6350574541de2e28698551d72fe1c11,7793742003431,Dermaglos Solar Fps 50 Protección Alta X 250Ml,Dermaglos Solar Fps 50 Protección Alta X 250Ml,AMARKET,https://amarket.com.bo/collections/lo-nuevo/products/7793742003431,https://amarket.com.bo/cdn/shop/files/7793742003431_1200x1200.jpg?v=1787205064,2026-08-21T02:09:20.637498+00:00,59f35c31-a86c-44d9-adbe-e27e1d03b535,200,image/jpeg,1.0.0,901a383f38db2edc695fe4213ac2a414ec928c926b891109279dde88896c7c2e,901a383f38db2edc695fe4213ac2a414ec928c926b891109279dde88896c7c2e,1200,1200,RGB,UNIFORM_RGB,REDISTRIBUTION_PROHIBITED,ACCEPTED,,data\raw\amarket_full\7793742003431_901a383f38db.jpg
29876a10793b74a51a995cbe11b2979bd135124989adc91022a66259aa7743aa,1000000000577,Pack Especial Algabo Colonia+Crema Hidratante+Talco,Descripción:El Pack Especial Algabo Colonia + Crema Hidratante + Talco reúne tres productos esenciales para el cuidado diario de la piel. Incluye una colonia de delicada fragancia una crema hidratante que ayuda a mantener la piel suave y humectada y un talco que contribuye a absorber la humedad y brindar una agradable,AMARKET,https://amarket.com.bo/collections/lo-nuevo/products/1000000000577,https://amarket.com.bo/cdn/shop/files/1000000000577_1200x1200.jpg?v=1787205788,2026-08-21T01:48:55.576516+00:00,59f35c31-a86c-44d9-adbe-e27e1d03b535,200,image/jpeg,1.0.0,8c595a67a1e0b2b2c65f9eebee4766190f91c545362fc9b4e0df1f785213d05b,8c595a67a1e0b2b2c65f9eebee4766190f91c545362fc9b4e0df1f785213d05b,1200,1200,RGB,UNIFORM_RGB,REDISTRIBUTION_PROHIBITED,ACCEPTED,,data\raw\amarket_full\1000000000577_8c595a67a1e0.jpg
2a11bbb86bb1a1084f464575f4ae999c8beee38d964aa14079e3762082d23dfb,309975424041,Polvo Compacto Revlon Colorstay Para Rostro Tono 840 Medium Moyen,DescripciónEl Revlon ColorStay Pressed Powder Tono 840 Medium Moyen es un polvo compacto para rostro diseñado para ofrecer un acabado uniforme natural y de larga duración. Su fórmula ColorStay ayuda a minimizar el brillo sin resecar ni agrietar la piel proporcionando un look impecable hasta por 16 horas. Ideal para sel,AMARKET,https://amarket.com.bo/collections/lo-nuevo/products/309975424041,https://amarket.com.bo/cdn/shop/files/309975424041_1200x1200.jpg?v=1775108624,2026-08-21T01:50:13.377640+00:00,59f35c31-a86c-44d9-adbe-e27e1d03b535,200,image/jpeg,1.0.0,4b2b3e5f5aade04c74d89ee83d02fcb07702544c4c18ee929700a1094326e4ee,4b2b3e5f5aade04c74d89ee83d02fcb07702544c4c18ee929700a1094326e4ee,1200,1200,RGB,UNIFORM_RGB,REDISTRIBUTION_PROHIBITED,ACCEPTED,,data\raw\amarket_full\309975424041_4b2b3e5f5aad.jpg
2b53956d73c061eab11d5c25d3ccc72b6e595471f2e96a9591544779699a2126,7896183905682,Fideos Instantáneos Zaeli Gallina Caipira X 85G,Fideos Instantáneos Zaeli Gallina Caipira X 85G,AMARKET,https://amarket.com.bo/collections/lo-nuevo/products/7896183905682,https://amarket.com.bo/cdn/shop/files/7896183905682_1200x1200.jpg?v=1780379819,2026-08-21T02:15:53.484307+00:00,59f35c31-a86c-44d9-adbe-e27e1d03b535,200,image/jpeg,1.0.0,0b4459bb3cc0e9c8bad776c45fca4060bf7eab8626ef071da49283d070db04df,0b4459bb3cc0e9c8bad776c45fca4060bf7eab8626ef071da49283d070db04df,1000,1000,RGB,UNIFORM_RGB,REDISTRIBUTION_PROHIBITED,ACCEPTED,,data\raw\amarket_full\7896183905682_0b4459bb3cc0.jpg
2b7b520d7b24b391020914c599083cc10f208be33ad090a6e03605c24d5679ef,07896058595307,Regaliz Ácido Dori Sabor Morango Tubo X 70G,Regaliz Ácido Dori Sabor Morango Tubo X 70G,AMARKET,https://amarket.com.bo/collections/lo-nuevo/products/07896058595307,https://amarket.com.bo/cdn/shop/files/07896058595307_1200x1200.jpg?v=1787205794,2026-08-21T01:47:50.132479+00:00,59f35c31-a86c-44d9-adbe-e27e1d03b535,200,image/jpeg,1.0.0,16e6b106a07e573bb3c124d9724948a2312a8e0ccf9a5d672ff0c1679382add7,16e6b106a07e573bb3c124d9724948a2312a8e0ccf9a5d672ff0c1679382add7,1200,1200,RGB,UNIFORM_RGB,REDISTRIBUTION_PROHIBITED,ACCEPTED,,data\raw\amarket_full\07896058595307_16e6b106a07e.jpg
2c06fa03a4c13b934b13b9fb126c6487432488c6a5655ec0ad3391d237cbcd6a,4059729521941,Primer Essence So Cherry Happy X 35Ml,Descripción:Este primer está diseñado para preparar la piel antes de la aplicación de productos cosméticos. Su textura ligera y suave ayuda a unificar la superficie de la piel mejora la adherencia del maquillaje y contribuye a un acabado más uniforme y de mayor duración. Es apta para todo tipo de piel y proporciona una,AMARKET,https://amarket.com.bo/collections/lo-nuevo/products/4059729521941,https://amarket.com.bo/cdn/shop/files/4059729521941_1200x1200.jpg?v=1787205472,2026-08-21T01:51:11.193660+00:00,59f35c31-a86c-44d9-adbe-e27e1d03b535,200,image/jpeg,1.0.0,d87e9c7520d50a5f93af7a8cf3df29aba6be00fe4381d93bd37d67e0edbc17be,d87e9c7520d50a5f93af7a8cf3df29aba6be00fe4381d93bd37d67e0edbc17be,1200,1200,RGB,UNIFORM_RGB,REDISTRIBUTION_PROHIBITED,ACCEPTED,,data\raw\amarket_full\4059729521941_d87e9c7520d5.jpg
2c62ec22fd73cf2985643a3eb69498bd73d0e78c30636dbd4cfc6900d69c56ec,7770110170056,Pizza Precocida Bahrem Hawaiana X 550G,DescripciónProducto listo para hornear y servir. Producto congelado.Recomendaciones Mantener congelado a -18°C. Apto para Parrilla Horno y Airfryer. Modo de Uso Precalentar el horno a temperatura máxima por 15 minutos. Colocar la pizza en el centro del horno. Hornea tu pizza de 12 a 15 minutos observa que el queso se d,AMARKET,https://amarket.com.bo/collections/lo-nuevo/products/7770110170056,https://amarket.com.bo/cdn/shop/files/7770110170056-des3_1200x1200.jpg?v=1777614625,2026-08-21T01:59:30.444903+00:00,59f35c31-a86c-44d9-adbe-e27e1d03b535,200,image/jpeg,1.0.0,38c07c104ea1f677ae80b19a445a81f06f66024c3eeee1b3f5323e6477334b71,38c07c104ea1f677ae80b19a445a81f06f66024c3eeee1b3f5323e6477334b71,1200,1200,RGB,UNIFORM_RGB,REDISTRIBUTION_PROHIBITED,ACCEPTED,,data\raw\amarket_full\7770110170056_38c07c104ea1.jpg
2cae72b3464a53e58311c33886af242491f73be0caf4aa4b47709c697679d977,7798186034959,Gomitas Yummy Botellitas X 30G,Gomitas Yummy Botellitas X 30G,AMARKET,https://amarket.com.bo/collections/lo-nuevo/products/7798186034959,https://amarket.com.bo/cdn/shop/files/7798186034959_1200x1200.jpg?v=1787205163,2026-08-21T02:10:44.420987+00:00,59f35c31-a86c-44d9-adbe-e27e1d03b535,200,image/jpeg,1.0.0,1b085bd41f1cc0366c38b884ad6f5275eefc5a465fb077c93a4e3c16ed66300a,1b085bd41f1cc0366c38b884ad6f5275eefc5a465fb077c93a4e3c16ed66300a,1200,1200,RGB,UNIFORM_RGB,REDISTRIBUTION_PROHIBITED,ACCEPTED,,data\raw\amarket_full\7798186034959_1b085bd41f1c.jpg
2cca054f9ead196eba2a85d9a2f0ee5edf298cee86c41b3e79940f48c3a637da,7702032553761,Mezcla Para Preparar Cappucino Colcafe Clásico X 108G,Mezcla Para Preparar Cappucino Colcafe Clásico X 108G,AMARKET,https://amarket.com.bo/collections/lo-nuevo/products/7702032553761,https://amarket.com.bo/cdn/shop/files/7702032553761_1200x1200.jpg?v=1780466141,2026-08-21T01:56:26.841639+00:00,59f35c31-a86c-44d9-adbe-e27e1d03b535,200,image/jpeg,1.0.0,06c44fe25cf867f68910ef7fb74df14b77a89283754089b52ab9623b1c472fd6,06c44fe25cf867f68910ef7fb74df14b77a89283754089b52ab9623b1c472fd6,1000,1000,RGB,UNIFORM_RGB,REDISTRIBUTION_PROHIBITED,ACCEPTED,,data\raw\amarket_full\7702032553761_06c44fe25cf8.jpg
2d0b96e197e174652d69ade4a81692c1acb4681a0ead3cd8cddc797835fd3ae1,7891991305679,Cerveza Sin Alcohol Corona Cero Borella X 330Ml,"Conforme a la Ley N.° 259, la venta de bebidas alcohólicas está restringida entre las 03:00 am y las 09:00 am. Los pedidos realizados durante ese horario se despacharán a partir de las 09:00 amCerveza Sin Alcohol Corona Cero Borella X 330Ml",AMARKET,https://amarket.com.bo/collections/lo-nuevo/products/7891991305679,https://amarket.com.bo/cdn/shop/files/7891991305679_1200x1200.jpg?v=1787205130,2026-08-21T02:13:02.941514+00:00,59f35c31-a86c-44d9-adbe-e27e1d03b535,200,image/jpeg,1.0.0,b79ac1bf124ebdd36373f4edba6582ec73990e975fa50f2fd72eba028a5ba883,b79ac1bf124ebdd36373f4edba6582ec73990e975fa50f2fd72eba028a5ba883,1200,1200,RGB,UNIFORM_RGB,REDISTRIBUTION_PROHIBITED,ACCEPTED,,data\raw\amarket_full\7891991305679_b79ac1bf124e.jpg
2d38b1398db501e21f9b12f2d40eeb664d95908d03bbb7f95bd5527ce71a2ab1,7804621470814,Atun En Agua Robinson Crusoe Lata X 160G,Atun En Agua Robinson Crusoe Lata X 160G,AMARKET,https://amarket.com.bo/collections/lo-nuevo/products/7804621470814,https://amarket.com.bo/cdn/shop/files/7804621470814_1200x1200.jpg?v=1787205038,2026-08-21T02:11:01.677393+00:00,59f35c31-a86c-44d9-adbe-e27e1d03b535,200,image/jpeg,1.0.0,3b5a2ae7158bfe2e7542a6179d6d3a3e832387c97d6f79ea939caa97025ef21a,3b5a2ae7158bfe2e7542a6179d6d3a3e832387c97d6f79ea939caa97025ef21a,1000,1000,RGB,UNIFORM_RGB,REDISTRIBUTION_PROHIBITED,ACCEPTED,,data\raw\amarket_full\7804621470814_3b5a2ae7158b.jpg
2eaefd293d5201c4dde82fd67a128c4aec890f32a6c36ca14b489bade1b54d79,7770000420032,Traquea De Res Nutribarf Deshidratada X Unidad,Descripción:La Tráquea de Res Deshidratada Nutribarf es un snack masticable 100% natural elaborado a partir de tráquea de res deshidratada lentamente para conservar sus propiedades nutricionales y su textura firme. Su forma tubular la convierte en una opción ideal para el entretenimiento prolongado la estimulación ment,AMARKET,https://amarket.com.bo/collections/lo-nuevo/products/7770000420032,https://amarket.com.bo/cdn/shop/files/7770000420032_1200x1200.jpg?v=1787205164,2026-08-21T01:56:51.350138+00:00,59f35c31-a86c-44d9-adbe-e27e1d03b535,200,image/jpeg,1.0.0,5f9d5c76d5f27d505c992ba3cf4b6ce775f4863a4f51a397c76e1a4cc6c82352,5f9d5c76d5f27d505c992ba3cf4b6ce775f4863a4f51a397c76e1a4cc6c82352,1200,1200,RGB,UNIFORM_RGB,REDISTRIBUTION_PROHIBITED,ACCEPTED,,data\raw\amarket_full\7770000420032_5f9d5c76d5f2.jpg
2ec21d6413ce62d521fbf9f31175dd04f01ac34ae37634a1fb04ff0d316f483b,7896451908377,Pastillas Docile Minty Frutas X 17G,Pastillas Docile Minty Frutas X 17G,AMARKET,https://amarket.com.bo/collections/lo-nuevo/products/7896451908377,https://amarket.com.bo/cdn/shop/files/7896451908377_1200x1200.jpg?v=1787205100,2026-08-21T02:16:38.970424+00:00,59f35c31-a86c-44d9-adbe-e27e1d03b535,200,image/jpeg,1.0.0,cfd82d8e7943358f96a30eba9e151b4f9bd3ca9b94f5e4dc339fc6a53e6e81d8,cfd82d8e7943358f96a30eba9e151b4f9bd3ca9b94f5e4dc339fc6a53e6e81d8,1200,1200,RGB,UNIFORM_RGB,REDISTRIBUTION_PROHIBITED,ACCEPTED,,data\raw\amarket_full\7896451908377_cfd82d8e7943.jpg
2ec9ae036c75da6b9d5e80a4f2aab133ecebe3ec149357dea266f99e6b3a2738,7891151039598,Pastilla Freegells Sabor Menta Frutilla Chocolate X 27.6G,DescripciónLos Caramelos Freegells Sabor Menta Frutilla Chocolate 27.6 g son dulces duros con una combinación única de sabores frutales y mentolados con un toque de sabor chocolate que crea una experiencia de sabor original y refrescante.Características: Marca: Freegells. Tipo: Caramelos duros sabor chocolate menta y f,AMARKET,https://amarket.com.bo/collections/lo-nuevo/products/7891151039598,https://amarket.com.bo/cdn/shop/files/7891151039598_1200x1200.jpg?v=1769193192,2026-08-21T02:12:45.605349+00:00,59f35c31-a86c-44d9-adbe-e27e1d03b535,200,image/jpeg,1.0.0,314d91d5fb0f5109111787f0b4e106b179dbc9afc7eaa071c3a12fe09bb9c868,314d91d5fb0f5109111787f0b4e106b179dbc9afc7eaa071c3a12fe09bb9c868,1200,1200,RGB,UNIFORM_RGB,REDISTRIBUTION_PROHIBITED,ACCEPTED,,data\raw\amarket_full\7891151039598_314d91d5fb0f.jpg
2ef077a2c5d211a74a63593d9bf73c7d456d4ce849762a15bf379419af440a57,7779604240022,Galletas De Arroz Family Farm Dulce X 110G,Galletas De Arroz Family Farm Dulce X 110G,AMARKET,https://amarket.com.bo/collections/lo-nuevo/products/7779604240022,https://amarket.com.bo/cdn/shop/files/7779604240022_1200x1200.jpg?v=1787204888,2026-08-21T02:07:14.624066+00:00,59f35c31-a86c-44d9-adbe-e27e1d03b535,200,image/jpeg,1.0.0,e356a7fbd58094531ebb943cd6c0c91c6e3b9b8f84638de5d6c609d02eb5efd2,e356a7fbd58094531ebb943cd6c0c91c6e3b9b8f84638de5d6c609d02eb5efd2,1200,1200,RGB,UNIFORM_RGB,REDISTRIBUTION_PROHIBITED,ACCEPTED,,data\raw\amarket_full\7779604240022_e356a7fbd580.jpg
2f2eb91c0606ac1f6d2651f96b6e8798be963285d3cfabf036fe0ed5098755ba,7896183903527,Vinagre De Alcohol Zaeli Botella X 500Ml,Vinagre De Alcohol Zaeli Botella X 500Ml,AMARKET,https://amarket.com.bo/collections/lo-nuevo/products/7896183903527,https://amarket.com.bo/cdn/shop/files/7896183903527_1200x1200.jpg?v=1787205035,2026-08-21T02:15:46.966363+00:00,59f35c31-a86c-44d9-adbe-e27e1d03b535,200,image/jpeg,1.0.0,61fb70a9b6879af36dedf000bd92ada2b51d67806d17d3b73308c18a033f0ac2,61fb70a9b6879af36dedf000bd92ada2b51d67806d17d3b73308c18a033f0ac2,1000,1000,RGB,UNIFORM_RGB,REDISTRIBUTION_PROHIBITED,ACCEPTED,,data\raw\amarket_full\7896183903527_61fb70a9b687.jpg
2f34fcb287cddd78f5acf1327f35d5d7764ef58f5103369f35e3867ae715059c,7841503031640,Galletas Mazzei Crackers Salvado Light X 190G,Galletas Mazzei Crackers Salvado Light X 190G,AMARKET,https://amarket.com.bo/collections/lo-nuevo/products/7841503031640,https://amarket.com.bo/cdn/shop/files/7841503031640_1200x1200.jpg?v=1779256517,2026-08-21T02:11:30.081379+00:00,59f35c31-a86c-44d9-adbe-e27e1d03b535,200,image/jpeg,1.0.0,7322aca111d275c335b1f6166ff69b9f30a63fdf9e6000f364341a3d92b29b49,7322aca111d275c335b1f6166ff69b9f30a63fdf9e6000f364341a3d92b29b49,1200,1200,RGB,UNIFORM_RGB,REDISTRIBUTION_PROHIBITED,ACCEPTED,,data\raw\amarket_full\7841503031640_7322aca111d2.jpg
2f3c54d437c3e6d61f9b7917c59de3b54a0a2e7c67de1e6deed8e764e9098b90,7779970830032,Liz Shampoo Doypack Aloe Vera Y Pepino X 750Ml,DescripciónEl Shampoo Liz Aloe Vera y Pepino Doypack 750 ml es un producto de cuidado capilar diseñ ado para limpiar y refrescar el cabello con suavidad mientras aporta hidratación y nutrición gracias a sus extractos naturales de aloe vera y pepino.Características: Marca: Liz. Tipo: Shampoo capilar con aloe vera y pepi,AMARKET,https://amarket.com.bo/collections/lo-nuevo/products/7779970830032,https://amarket.com.bo/cdn/shop/files/7779970830032_1200x1200.jpg?v=1769193186,2026-08-21T02:07:21.874406+00:00,59f35c31-a86c-44d9-adbe-e27e1d03b535,200,image/jpeg,1.0.0,0e1ff437eade0317f1a5086c1654a9f555bb8404266ab64edab129d2a7caa5df,0e1ff437eade0317f1a5086c1654a9f555bb8404266ab64edab129d2a7caa5df,1200,1200,RGB,UNIFORM_RGB,REDISTRIBUTION_PROHIBITED,ACCEPTED,,data\raw\amarket_full\7779970830032_0e1ff437eade.jpg
2f598090a8d16fb504b9339ea3b04ad015a2b1150fee5136ea72068591c2d59e,7792222004012,Caramelos Masticables Billiken Sabor Yogur X 600G,Caramelos Masticables Billiken Sabor Yogur X 600G,AMARKET,https://amarket.com.bo/collections/lo-nuevo/products/7792222004012,https://amarket.com.bo/cdn/shop/files/7792222004012_1200x1200.jpg?v=1787204494,2026-08-21T02:09:06.429169+00:00,59f35c31-a86c-44d9-adbe-e27e1d03b535,200,image/jpeg,1.0.0,51686ab38f113bb0d208d325bc3fbcafd0d6a99968c6a7c9499c03858042b1b0,51686ab38f113bb0d208d325bc3fbcafd0d6a99968c6a7c9499c03858042b1b0,1200,1200,RGB,UNIFORM_RGB,REDISTRIBUTION_PROHIBITED,ACCEPTED,,data\raw\amarket_full\7792222004012_51686ab38f11.jpg
2f72a5b8a1dc6a3ee7fa8bdedbd00b3960f7ea33739cfd5f87512c8c84a2c5f4,7792389080300,Pastilla Para Inodoro Jardin Floral X 25G,DescripciónLa Pastilla para Inodoro Jardín Floral X 25 g ayuda a mantener el inodoro limpio y con un aroma fresco en cada descarga. Su fragancia floral aporta una sensación agradable en el baño contribuyendo a neutralizar olores y mejorar la experiencia de uso diario. Práctica y fácil de usar es una opción funcional pa,AMARKET,https://amarket.com.bo/collections/lo-nuevo/products/7792389080300,https://amarket.com.bo/cdn/shop/files/7792389080300_1200x1200.jpg?v=1787204073,2026-08-21T02:09:09.985178+00:00,59f35c31-a86c-44d9-adbe-e27e1d03b535,200,image/jpeg,1.0.0,10f5872c7fc345445dbebc2dca04de047e24b56e20baaac8cc8b6685325db1cb,10f5872c7fc345445dbebc2dca04de047e24b56e20baaac8cc8b6685325db1cb,1200,1200,RGB,UNIFORM_RGB,REDISTRIBUTION_PROHIBITED,ACCEPTED,,data\raw\amarket_full\7792389080300_10f5872c7fc3.jpg
301775c3a7f7967d94a11625b457445b2089897ee72bbfbbab2eb05b65c82db1,7896058500936,Gomitas Dori Sabor Surtido X 13G,Gomitas Dori Sabor Surtido X 13G,AMARKET,https://amarket.com.bo/collections/lo-nuevo/products/7896058500936,https://amarket.com.bo/cdn/shop/files/7896058500936_1200x1200.jpg?v=1782799696,2026-08-21T02:13:56.356866+00:00,59f35c31-a86c-44d9-adbe-e27e1d03b535,200,image/jpeg,1.0.0,9d0fe65103ccdf41a2958615d2a6583224a02f8ceb14a3e41d154cd666a12e19,9d0fe65103ccdf41a2958615d2a6583224a02f8ceb14a3e41d154cd666a12e19,1200,1200,RGB,UNIFORM_RGB,REDISTRIBUTION_PROHIBITED,ACCEPTED,,data\raw\amarket_full\7896058500936_9d0fe65103cc.jpg
301e9aaddf8d75deee4b5447aa0ff6c594513c4567e8e57170d228ced0da40bd,7798186035215,Regaliz Bull Dog Cintas Ácidas Sabor Surtido X 60G,Regaliz Bull Dog Cintas Ácidas Sabor Surtido X 60G,AMARKET,https://amarket.com.bo/collections/lo-nuevo/products/7798186035215,https://amarket.com.bo/cdn/shop/files/7798186035215_1200x1200.jpg?v=1775714015,2026-08-21T02:10:47.823884+00:00,59f35c31-a86c-44d9-adbe-e27e1d03b535,200,image/jpeg,1.0.0,ab0c623d5de9de51726ae1b53821856ddae236aaa9845c6521f4eb8b7787323d,ab0c623d5de9de51726ae1b53821856ddae236aaa9845c6521f4eb8b7787323d,1200,1200,RGB,UNIFORM_RGB,REDISTRIBUTION_PROHIBITED,ACCEPTED,,data\raw\amarket_full\7798186035215_ab0c623d5de9.jpg
30bf7049fdbeb967ac121a010ab3a0136886c87ba264c207fd9676243db5af90,7509552961850,Esmalte Vogue Efecto Gel Tono Rose X 14Ml,Descripción:El Esmalte Vogue Efecto Gel ofrece un acabado brillante con efecto gel y colores intensos proporcionando una apariencia de manicure profesional sin necesidad de lámparas UV. Su fórmula de secado rápido ayuda a lograr un color uniforme y una duración de hasta 12 días además de contribuir al fortalecimiento d,AMARKET,https://amarket.com.bo/collections/lo-nuevo/products/7509552961850,https://amarket.com.bo/cdn/shop/files/7509552961850_1200x1200.jpg?v=1785392766,2026-08-21T01:54:18.274188+00:00,59f35c31-a86c-44d9-adbe-e27e1d03b535,200,image/jpeg,1.0.0,439505b75dd905ea513d900a5a4875f514e09617fc40b0b337d981a0ce6ec0e2,439505b75dd905ea513d900a5a4875f514e09617fc40b0b337d981a0ce6ec0e2,1200,1200,RGB,UNIFORM_RGB,REDISTRIBUTION_PROHIBITED,ACCEPTED,,data\raw\amarket_full\7509552961850_439505b75dd9.jpg
3193a19eea1abfbed1d754cc1c7a3c006cdb4178bd869b3e62860cf06dca7226,7798178801637,Malvaviscos Buffys Stick Sabor Frutal X Unidad,Malvaviscos Buffys Stick Sabor Frutal X Unidad. Cada unidad contiene 12 gramos.,AMARKET,https://amarket.com.bo/collections/lo-nuevo/products/7798178801637,https://amarket.com.bo/cdn/shop/files/7798178801637_1200x1200.jpg?v=1783404796,2026-08-21T02:10:06.101117+00:00,59f35c31-a86c-44d9-adbe-e27e1d03b535,200,image/jpeg,1.0.0,8bcf1ebd21cd772529e3a77ea9d4183b7091efde4aad63ae9effb74dd4c04b49,8bcf1ebd21cd772529e3a77ea9d4183b7091efde4aad63ae9effb74dd4c04b49,1200,1200,RGB,UNIFORM_RGB,REDISTRIBUTION_PROHIBITED,ACCEPTED,,data\raw\amarket_full\7798178801637_8bcf1ebd21cd.jpg
31c96471fa7eafbcc558ae5e2c1f88ca5a4a1f96ed7f0bab19f4d1ce5d1af348,7791293050126,Acondicionador Tresemme Liso Efecto Profesional X 500Ml,Descripción:El Acondicionador TRESemmé Liso Efecto Profesional está diseñado para complementar la rutina de cuidado del cabello liso o con tendencia al frizz. Su fórmula ayuda a rellenar la fibra capilar alinearla y reducir el volumen dejando el cabello visiblemente más suave manejable y con apariencia saludable. Inspi,AMARKET,https://amarket.com.bo/collections/lo-nuevo/products/7791293050126,https://amarket.com.bo/cdn/shop/files/7791293050126_1200x1200.jpg?v=1781330269,2026-08-21T02:08:23.182681+00:00,59f35c31-a86c-44d9-adbe-e27e1d03b535,200,image/jpeg,1.0.0,a52287010939e69f7215ec80f0c16e464224b1f5340caeb68ecd7900fb0f70fa,a52287010939e69f7215ec80f0c16e464224b1f5340caeb68ecd7900fb0f70fa,1200,1200,RGB,UNIFORM_RGB,REDISTRIBUTION_PROHIBITED,ACCEPTED,,data\raw\amarket_full\7791293050126_a52287010939.jpg
32f59bdd41fe099a91ac2406af3b8cc75ca15a91a39b4c28561b5835cdd00204,7774904408486,Suavizante Todo Brillo Plus Bebé Ropa Delicada X 1.7L,Suavizante Todo Brillo Plus Bebé Ropa Delicada X 1.7L,AMARKET,https://amarket.com.bo/collections/lo-nuevo/products/7774904408486,https://amarket.com.bo/cdn/shop/files/7774904408486_1200x1200.jpg?v=1779486303,2026-08-21T02:06:26.454795+00:00,59f35c31-a86c-44d9-adbe-e27e1d03b535,200,image/jpeg,1.0.0,ec498ec39a0162a6c4201bcd82a46583cb3c9597eb53eba4b228f06d68a3f3b4,ec498ec39a0162a6c4201bcd82a46583cb3c9597eb53eba4b228f06d68a3f3b4,1200,1200,RGB,UNIFORM_RGB,REDISTRIBUTION_PROHIBITED,ACCEPTED,,data\raw\amarket_full\7774904408486_ec498ec39a01.jpg
3311a655ef4e2918100af57a5a6550c43f9e4665de63fcab2e637746b20342c3,7792070001614,Aceite De Oliva Nucete Extra Virgen Clásico X 500Ml,Aceite De Oliva Nucete Extra Virgen Clásico X 500Ml,AMARKET,https://amarket.com.bo/collections/lo-nuevo/products/7792070001614,https://amarket.com.bo/cdn/shop/files/7792070001614_1200x1200.jpg?v=1781936551,2026-08-21T02:08:30.040526+00:00,59f35c31-a86c-44d9-adbe-e27e1d03b535,200,image/jpeg,1.0.0,3040b18a19e83637b356586768c6355dbccebda9bb48189b6a96f0538a4c4c72,3040b18a19e83637b356586768c6355dbccebda9bb48189b6a96f0538a4c4c72,1200,1200,RGB,UNIFORM_RGB,REDISTRIBUTION_PROHIBITED,ACCEPTED,,data\raw\amarket_full\7792070001614_3040b18a19e8.jpg
3370197f25f86cd1ee0341e43ed91799c02d707b82c4a6075e36550cbb46ac15,07896058595314,Regaliz Sabor Yogurt Dori Tubo X 70G,Regaliz Sabor Yogurt Dori Tubo X 70G,AMARKET,https://amarket.com.bo/collections/lo-nuevo/products/07896058595314,https://amarket.com.bo/cdn/shop/files/07896058595314_1200x1200.jpg?v=1782799693,2026-08-21T01:47:53.649914+00:00,59f35c31-a86c-44d9-adbe-e27e1d03b535,200,image/jpeg,1.0.0,3e366ae936696b51a662028a1f57fd66e94181badca5316e316f23330b52939b,3e366ae936696b51a662028a1f57fd66e94181badca5316e316f23330b52939b,1200,1200,RGB,UNIFORM_RGB,REDISTRIBUTION_PROHIBITED,ACCEPTED,,data\raw\amarket_full\07896058595314_3e366ae93669.jpg
337d3ddff550d31fbc8cbc6dd6dc7627940c9785f656a454e1ea1e7cdefd14d5,7792222004005,Caramelos Masticables Billiken Sabor Surtido X 600G,Caramelos Masticables Billiken Sabor Surtido X 600G,AMARKET,https://amarket.com.bo/collections/lo-nuevo/products/7792222004005,https://amarket.com.bo/cdn/shop/files/7792222004005_1200x1200.jpg?v=1775714007,2026-08-21T02:09:02.751878+00:00,59f35c31-a86c-44d9-adbe-e27e1d03b535,200,image/jpeg,1.0.0,7261bffdf88d148e79eca13400f704ae4abeaa645de68431e86ab903a544dbb4,7261bffdf88d148e79eca13400f704ae4abeaa645de68431e86ab903a544dbb4,1200,1200,RGB,UNIFORM_RGB,REDISTRIBUTION_PROHIBITED,ACCEPTED,,data\raw\amarket_full\7792222004005_7261bffdf88d.jpg
338f4fc16294ac23df6e35357fe401c49e45077040e63bbf3cb3b3433b677d11,7891010255725,Refil Gel Facial Neutrogena Hydroboost Water X 50G,Descripción:El Refil Neutrogena Hydro Boost Water Gel 50 g es la cápsula de recarga diseñada para utilizarse con el envase reutilizable de la línea Hydro Boost Water Gel. Mantiene la misma fórmula con ácido hialurónico ofreciendo hidratación intensa de rápida absorción sin dejar sensación grasosa. Su formato de recambi,AMARKET,https://amarket.com.bo/collections/lo-nuevo/products/7891010255725,https://amarket.com.bo/cdn/shop/files/7891010255725_1200x1200.jpg?v=1787206158,2026-08-21T02:11:36.546590+00:00,59f35c31-a86c-44d9-adbe-e27e1d03b535,200,image/jpeg,1.0.0,3b5d8c987cdf9536dd970b16100aa045e99c3d6b3b9969326cce307c73c6c0fa,3b5d8c987cdf9536dd970b16100aa045e99c3d6b3b9969326cce307c73c6c0fa,1200,1200,RGB,UNIFORM_RGB,REDISTRIBUTION_PROHIBITED,ACCEPTED,,data\raw\amarket_full\7891010255725_3b5d8c987cdf.jpg
34a59e4bd3a8b4ae7877845ac39d7ba3152e37c0d6fe9cb9342a7991843c1913,7774904407090,Ambientador Todo Brillo Floral X 500Ml,Ambientador Todo Brillo Floral X 500Ml,AMARKET,https://amarket.com.bo/collections/lo-nuevo/products/7774904407090,https://amarket.com.bo/cdn/shop/files/7774904407090_1200x1200.jpg?v=1787204944,2026-08-21T02:05:58.622372+00:00,59f35c31-a86c-44d9-adbe-e27e1d03b535,200,image/jpeg,1.0.0,1208352b69584369e0ca893d77601ccac7c90394687474ca2057d75f7c84ad00,1208352b69584369e0ca893d77601ccac7c90394687474ca2057d75f7c84ad00,1200,1200,RGB,UNIFORM_RGB,REDISTRIBUTION_PROHIBITED,ACCEPTED,,data\raw\amarket_full\7774904407090_1208352b6958.jpg
356e0c0cc388f690fa87e994c31faeca4269f92a8bdb20c49daf3438b470ffd6,091000004624,Labial Revlon Super Lustrous Tono 445 Teak Rose,DescripciónEl Labial Revlon Super Lustrous es un clásico icónico que destaca por su aplicación suave y acabado confortable. Su fórmula con 80% de ingredientes acondicionadores ayuda a mantener los labios hidratados aportando una sensación cremosa y ligera en cada uso. Además contribuye a minimizar la apariencia de líne,AMARKET,https://amarket.com.bo/collections/lo-nuevo/products/091000004624,https://amarket.com.bo/cdn/shop/files/091000004624_1200x1200.jpg?v=1775108601,2026-08-21T01:48:30.418840+00:00,59f35c31-a86c-44d9-adbe-e27e1d03b535,200,image/jpeg,1.0.0,a1ac63318c32cc886068b32f6aa3b027509aca9d9367bd7659db7dbc932a1db5,a1ac63318c32cc886068b32f6aa3b027509aca9d9367bd7659db7dbc932a1db5,1200,1200,RGB,UNIFORM_RGB,REDISTRIBUTION_PROHIBITED,ACCEPTED,,data\raw\amarket_full\091000004624_a1ac63318c32.jpg
35cac6800e685d90725af3cdfdb54f3ac2cad8c67d30e881f92b97769f266017,7896150020226,Gel Fijador Yama Fix Para Cabello Piedra 3 X 300G,DescripciónEl Gel Fijador Yama Fix Piedra 3 ofrece una fijación media-alta que ayuda a mantener el peinado definido por más tiempo sin perder flexibilidad. Su fórmula permite moldear el cabello con facilidad proporcionando control brillo y un acabado natural sin dejar residuos visibles.Beneficios: Fijación media-alta d,AMARKET,https://amarket.com.bo/collections/lo-nuevo/products/7896150020226,https://amarket.com.bo/cdn/shop/files/7896150020226_1200x1200.jpg?v=1787203391,2026-08-21T02:15:23.162535+00:00,59f35c31-a86c-44d9-adbe-e27e1d03b535,200,image/jpeg,1.0.0,32f0794eecc538cd3de03c7098fa537f12e3199b54c5b1a6bb5862b82fedd241,32f0794eecc538cd3de03c7098fa537f12e3199b54c5b1a6bb5862b82fedd241,1200,1200,RGB,UNIFORM_RGB,REDISTRIBUTION_PROHIBITED,ACCEPTED,,data\raw\amarket_full\7896150020226_32f0794eecc5.jpg
35e2b063ce49e9853195f4b5f25c562a3c5c9f22f51e8cefdaf90e8bfbfb2634,7773435930268,Pan Molde Blanco Samuel Masa Madre X 580G,DescripciónEl Pan Molde Blanco Samuel Masa Madre es un pan de molde elaborado con masa madre que aporta una textura suave y una miga esponjosa ideal para preparar sándwiches y tostadas en el día a día. Su sabor equilibrado lo hace versátil para distintas combinaciones. Presentación de 580 g.,AMARKET,https://amarket.com.bo/collections/lo-nuevo/products/7773435930268,https://amarket.com.bo/cdn/shop/files/7773435930268_1200x1200.jpg?v=1770874066,2026-08-21T02:04:33.536661+00:00,59f35c31-a86c-44d9-adbe-e27e1d03b535,200,image/jpeg,1.0.0,cbddf3a6b80463500b95496e8ccedc21bd2e64c1d224b5da5955d77fbde3aeca,cbddf3a6b80463500b95496e8ccedc21bd2e64c1d224b5da5955d77fbde3aeca,1200,1200,RGB,UNIFORM_RGB,REDISTRIBUTION_PROHIBITED,ACCEPTED,,data\raw\amarket_full\7773435930268_cbddf3a6b804.jpg
372dfe932fd01c3392b2b09af7ca84c38287c986f4f922c2b3980358f94d3850,7770109841318,Galleta Wafer Tita Rellena Coco X 110G,Galleta Wafer Tita Rellena Coco X 110G,AMARKET,https://amarket.com.bo/collections/lo-nuevo/products/7770109841318,https://amarket.com.bo/cdn/shop/files/7770109841318_1200x1200.jpg?v=1787205130,2026-08-21T01:59:23.611831+00:00,59f35c31-a86c-44d9-adbe-e27e1d03b535,200,image/jpeg,1.0.0,d5dd30fabc4f0117420cdfe587e611373280bc7ab68a682da31c56512f142560,d5dd30fabc4f0117420cdfe587e611373280bc7ab68a682da31c56512f142560,1200,1200,RGB,UNIFORM_RGB,REDISTRIBUTION_PROHIBITED,ACCEPTED,,data\raw\amarket_full\7770109841318_d5dd30fabc4f.jpg
3750f6b080ba7b6fb950259781b93566d057338664b5d2d3b280a21f11f0c804,7771257081236,Extracto De Tomate Brixy X 200G,Extracto De Tomate Brixy X 200G,AMARKET,https://amarket.com.bo/collections/lo-nuevo/products/7771257081236,https://amarket.com.bo/cdn/shop/files/7771257081236_1200x1200.jpg?v=1787204900,2026-08-21T02:00:23.575675+00:00,59f35c31-a86c-44d9-adbe-e27e1d03b535,200,image/jpeg,1.0.0,3e757cc8541705e60bb5a3f34626a1399f76811e3576a733bff0d4723326e60f,3e757cc8541705e60bb5a3f34626a1399f76811e3576a733bff0d4723326e60f,1200,1200,RGB,UNIFORM_RGB,REDISTRIBUTION_PROHIBITED,ACCEPTED,,data\raw\amarket_full\7771257081236_3e757cc85417.jpg
375ee9a5e650ce19eed9ec50c4d9539b1e284ca9f094c3440c5acc4bad31c47d,7509552961874,Esmalte Vogue Efecto Gel Tono Avellana X 14Ml,Descripción:El Esmalte Vogue Efecto Gel ofrece un acabado brillante con efecto gel y colores intensos proporcionando una apariencia de manicure profesional sin necesidad de lámparas UV. Su fórmula de secado rápido ayuda a lograr un color uniforme y una duración de hasta 12 días además de contribuir al fortalecimiento d,AMARKET,https://amarket.com.bo/collections/lo-nuevo/products/7509552961874,https://amarket.com.bo/cdn/shop/files/7509552961874_1200x1200.jpg?v=1787206173,2026-08-21T01:54:24.431751+00:00,59f35c31-a86c-44d9-adbe-e27e1d03b535,200,image/jpeg,1.0.0,06380846d56a5e4443c564f6d7dcfd2f00d8929d4a68b173df902e6936852548,06380846d56a5e4443c564f6d7dcfd2f00d8929d4a68b173df902e6936852548,1200,1200,RGB,UNIFORM_RGB,REDISTRIBUTION_PROHIBITED,ACCEPTED,,data\raw\amarket_full\7509552961874_06380846d56a.jpg
3810a32143561eae69b22488a83545f8d821ff71e1313b350e572bc84dbf95c9,7779970831183,Limpia Vidrios Ola Maximus Multiuso Doypack X 800Ml,Limpia Vidrios Ola Maximus Multiuso Doypack X 800Ml,AMARKET,https://amarket.com.bo/collections/lo-nuevo/products/7779970831183,https://amarket.com.bo/cdn/shop/files/7779970831183_1200x1200.jpg?v=1787203836,2026-08-21T02:07:25.349372+00:00,59f35c31-a86c-44d9-adbe-e27e1d03b535,200,image/jpeg,1.0.0,a1133d8963656fe7e80799ff5641359a05aa1254c36ccabbc6a9505f134a0495,a1133d8963656fe7e80799ff5641359a05aa1254c36ccabbc6a9505f134a0495,1200,1200,RGB,UNIFORM_RGB,REDISTRIBUTION_PROHIBITED,ACCEPTED,,data\raw\amarket_full\7779970831183_a1133d896365.jpg
385c18d24dad77aa725a934d239bf2b744fe8b4cb9408ae86d610f348f58fa3a,7772314690040,Aji Molido 1918 Colorado Picante X 30G,Aji Molido 1918 Colorado Picante X 30G,AMARKET,https://amarket.com.bo/collections/lo-nuevo/products/7772314690040,https://amarket.com.bo/cdn/shop/files/7772314690040_1200x1200.jpg?v=1787203729,2026-08-21T02:02:53.201441+00:00,59f35c31-a86c-44d9-adbe-e27e1d03b535,200,image/jpeg,1.0.0,33fbcdc377e201e14ba20545f762d5d4c82892f9149bc461f1701d9d37ef4957,33fbcdc377e201e14ba20545f762d5d4c82892f9149bc461f1701d9d37ef4957,1200,1200,RGB,UNIFORM_RGB,REDISTRIBUTION_PROHIBITED,ACCEPTED,,data\raw\amarket_full\7772314690040_33fbcdc377e2.jpg
39223f1dfd3994a8fdfd0c0615056eec0aadff37e25f889ccf5dd2e8ae0781d8,7702007243628,Mezcla En Polvo Choco Listo Chocolate Bolsa X 200G,Mezcla En Polvo Choco Listo Chocolate Bolsa X 200G,AMARKET,https://amarket.com.bo/collections/lo-nuevo/products/7702007243628,https://amarket.com.bo/cdn/shop/files/7702007243628_1200x1200.jpg?v=1780379816,2026-08-21T01:55:42.863244+00:00,59f35c31-a86c-44d9-adbe-e27e1d03b535,200,image/jpeg,1.0.0,83767228d8b7f4964b69d112763971a8a8a456f20aba319bd1e02066b6a59ec9,83767228d8b7f4964b69d112763971a8a8a456f20aba319bd1e02066b6a59ec9,1000,1000,RGB,UNIFORM_RGB,REDISTRIBUTION_PROHIBITED,ACCEPTED,,data\raw\amarket_full\7702007243628_83767228d8b7.jpg
3943b345b3e1cdfac11e6170e199fe0969350619cdb87106717d4c7da2476207,7770109740130,Harina De Arroz Purisima Extruido X 500G,Descripción:La Harina de Arroz Purísima Extruido 500 g es un producto elaborado a partir de arroz procesado mediante extrusión y molienda para obtener una harina fina y fácil de utilizar. Este tipo de harina se emplea en diversas preparaciones culinarias especialmente en recetas de repostería masas o alimentos caseros,AMARKET,https://amarket.com.bo/collections/lo-nuevo/products/7770109740130,https://amarket.com.bo/cdn/shop/files/7770109740130_1200x1200.jpg?v=1772861300,2026-08-21T01:58:59.188393+00:00,59f35c31-a86c-44d9-adbe-e27e1d03b535,200,image/jpeg,1.0.0,d5c4173099fd2362f61d239f8414950eb0bf9b61b0040ed8d3fb9249b8979fec,d5c4173099fd2362f61d239f8414950eb0bf9b61b0040ed8d3fb9249b8979fec,1200,1200,RGB,UNIFORM_RGB,REDISTRIBUTION_PROHIBITED,ACCEPTED,,data\raw\amarket_full\7770109740130_d5c4173099fd.jpg
394b402111e99ce38ec00b32c6c66f56bcfaa6d909a81ffea7fe8dbafe35fd8a,7770017980031,Cereal Frutinick 7 Cereales Frutal Caja X 250G,Descripción:El Cereal de Desayuno Sabor a Frutas combina maíz trigo avena soya y quinua para ofrecer una opción práctica y nutritiva para comenzar el día. Su fórmula aporta proteínas fibra hierro y calcio nutrientes que complementan una alimentación equilibrada y ayudan a proporcionar la energía necesaria para las acti,AMARKET,https://amarket.com.bo/collections/lo-nuevo/products/7770017980031,https://amarket.com.bo/cdn/shop/files/7770017980031_1200x1200.jpg?v=1784787779,2026-08-21T01:57:40.588513+00:00,59f35c31-a86c-44d9-adbe-e27e1d03b535,200,image/jpeg,1.0.0,1cb7338e5ab15751e2b3b13d37706af1b7e3b92068d3b6043f037b9c39571119,1cb7338e5ab15751e2b3b13d37706af1b7e3b92068d3b6043f037b9c39571119,1200,1200,RGB,UNIFORM_RGB,REDISTRIBUTION_PROHIBITED,ACCEPTED,,data\raw\amarket_full\7770017980031_1cb7338e5ab1.jpg
3997e2e02b217f2395b804f59383691ddcd2fbfe979f040cba4e3f307f12b632,041554098297,Barra Facial Multi-Usos Maybelline Lifter Stix Nro. 05,Descripción:La Lifter Stix Multi-Use Face Stick de Maybelline New York es una base de maquillaje en barra de textura ultra cremosa y fácil difuminado diseñada para ofrecer un acabado natural con efecto visual de lifting. Su fórmula enriquecida con aceite de semilla de arándano permite una aplicación uniforme y versátil,AMARKET,https://amarket.com.bo/collections/lo-nuevo/products/041554098297,https://amarket.com.bo/cdn/shop/files/041554098297_1200x1200.jpg?v=1787205975,2026-08-21T01:46:27.746228+00:00,59f35c31-a86c-44d9-adbe-e27e1d03b535,200,image/jpeg,1.0.0,111ee41040a159a3588cf8ef75ff5e795b597844e06717e9097dca3cecd63c1f,111ee41040a159a3588cf8ef75ff5e795b597844e06717e9097dca3cecd63c1f,1200,1200,RGB,UNIFORM_RGB,REDISTRIBUTION_PROHIBITED,ACCEPTED,,data\raw\amarket_full\041554098297_111ee41040a1.jpg
399a011dc5c4189da76784d69d14ccbbf7d591d3b072de38b287bef2c1d9a010,1000000000544,Pack Crema Peinar+Shampoo+Acondicionador Algabo Acai Y Romero,DescripciónPack Especial Algabo Sin Sal Açaí &amp; Romero diseñado para brindar una limpieza suave nutrición profunda y protección al cabello. Su fórmula ayuda a mantener la hidratación natural de la fibra capilar favoreciendo un cabello más fuerte suave y manejable. Complementado con crema para peinar con keratina es,AMARKET,https://amarket.com.bo/collections/lo-nuevo/products/1000000000544,https://amarket.com.bo/cdn/shop/files/1000000000544_1200x1200.jpg?v=1787205055,2026-08-21T01:48:44.726235+00:00,59f35c31-a86c-44d9-adbe-e27e1d03b535,200,image/jpeg,1.0.0,c475eecac96bd5997965071224fab8ee307e7fe12223ff4a979e57cea3091c4a,c475eecac96bd5997965071224fab8ee307e7fe12223ff4a979e57cea3091c4a,1200,1200,RGB,UNIFORM_RGB,REDISTRIBUTION_PROHIBITED,ACCEPTED,,data\raw\amarket_full\1000000000544_c475eecac96b.jpg
39f1583a14a95c15d76678ca7cc975fe0f713fe75986703cb7267481b45219c4,3501111,Gargantilla Narcissa Tipo A Surtido,Gargantilla Narcissa Tipo A Surtido,AMARKET,https://amarket.com.bo/collections/lo-nuevo/products/3501111,https://amarket.com.bo/cdn/shop/files/3501111_1200x1200.jpg?v=1787205505,2026-08-21T01:50:21.743818+00:00,59f35c31-a86c-44d9-adbe-e27e1d03b535,200,image/jpeg,1.0.0,63455251accaffa8b0e7f30044536a3afc42be450c8f1f923a48849bdb64ac81,63455251accaffa8b0e7f30044536a3afc42be450c8f1f923a48849bdb64ac81,1200,1200,RGB,UNIFORM_RGB,REDISTRIBUTION_PROHIBITED,ACCEPTED,,data\raw\amarket_full\3501111_63455251acca.jpg
3b39fec1da8be175bb55bcb18ff903cdb89223800d8d67d93a8babed2f40a1e0,7774904408905,Detergente Líquido Todo Brillo Extra Poder X 1.7L,Detergente Líquido Todo Brillo Extra Poder X 1.7L,AMARKET,https://amarket.com.bo/collections/lo-nuevo/products/7774904408905,https://amarket.com.bo/cdn/shop/files/7774904408905_a9c93b84-3468-41ee-b8ef-7ecfba315ae4_1200x1200.jpg?v=1784217841,2026-08-21T02:06:37.027125+00:00,59f35c31-a86c-44d9-adbe-e27e1d03b535,200,image/jpeg,1.0.0,3cba3423ceb340bad7c3a82ddbc511082ee9695ddadb18caf4813c622ab4a506,3cba3423ceb340bad7c3a82ddbc511082ee9695ddadb18caf4813c622ab4a506,1200,1200,RGB,UNIFORM_RGB,REDISTRIBUTION_PROHIBITED,ACCEPTED,,data\raw\amarket_full\7774904408905_3cba3423ceb3.jpg
3bae27ef1447f0798402f168a008d7eba4a354f8c8fc0076184d38c2c433f079,7771612001381,Pack Vino Tinto Único Dark Tannat X 2 Unidades+Manjar De Oro,"Conforme a la Ley N.° 259, la venta de bebidas alcohólicas está restringida entre las 03:00 am y las 09:00 am. Los pedidos realizados durante ese horario se despacharán a partir de las 09:00 amDescripciónPack Dark Tannat con notas dulces envolventes a vainilla y caramelo. Este pack es una edición limitada con chocolate",AMARKET,https://amarket.com.bo/collections/lo-nuevo/products/7771612001381,https://amarket.com.bo/cdn/shop/files/7771612001381_1200x1200.jpg?v=1779342767,2026-08-21T02:01:57.683777+00:00,59f35c31-a86c-44d9-adbe-e27e1d03b535,200,image/jpeg,1.0.0,44919fed30670c09ba03bda48bde0bd40514f233940be207edab61d22d7be49a,44919fed30670c09ba03bda48bde0bd40514f233940be207edab61d22d7be49a,1200,1200,RGB,UNIFORM_RGB,REDISTRIBUTION_PROHIBITED,ACCEPTED,,data\raw\amarket_full\7771612001381_44919fed3067.jpg
3c4eaa9e3b236616d3e7b0556822e69ad4e3c4a092373296eb833e8bbdffe9ba,6942108429816,Vaso Térmico Chill-On Cosmo Tumbler Blanco 350Ml,Descripción:El Vaso Cafetero Chill On Cosmo Tumbler Blanco 350 ml es un vaso reutilizable diseñado para disfrutar bebidas calientes o frías de forma práctica y cómoda. Su capacidad de 350 ml lo hace ideal para café té infusiones y otras bebidas mientras que su tapa de cierre seguro ayuda a minimizar derrames durante el,AMARKET,https://amarket.com.bo/collections/lo-nuevo/products/6942108429816,https://amarket.com.bo/cdn/shop/files/6942108429816_1200x1200.jpg?v=1782540605,2026-08-21T01:52:22.472452+00:00,59f35c31-a86c-44d9-adbe-e27e1d03b535,200,image/jpeg,1.0.0,b76555f9af21d21a979c439f32a9b09839ece81ed7b168d7a3fd73f10cc5d490,b76555f9af21d21a979c439f32a9b09839ece81ed7b168d7a3fd73f10cc5d490,1200,1200,RGB,UNIFORM_RGB,REDISTRIBUTION_PROHIBITED,ACCEPTED,,data\raw\amarket_full\6942108429816_b76555f9af21.jpg
3cd3607c571d1d37a46106e47613672f5abff800ee24cf15e5bc41f466589f89,7702007033489,Mezcla De Cacao Choco Lyne Clásico Sin Azúcar X 120G,Mezcla De Cacao Choco Lyne Clásico Sin Azúcar X 120G,AMARKET,https://amarket.com.bo/collections/lo-nuevo/products/7702007033489,https://amarket.com.bo/cdn/shop/files/7702007033489_1200x1200.jpg?v=1780379813,2026-08-21T01:55:36.049752+00:00,59f35c31-a86c-44d9-adbe-e27e1d03b535,200,image/jpeg,1.0.0,fe47fad64e7237c303c9240f88c4d26860a99d59217d92c08a721fe07d79d3a2,fe47fad64e7237c303c9240f88c4d26860a99d59217d92c08a721fe07d79d3a2,1200,1200,RGB,UNIFORM_RGB,REDISTRIBUTION_PROHIBITED,ACCEPTED,,data\raw\amarket_full\7702007033489_fe47fad64e72.jpg
3d13b6b092184a7e15d2e119af6c1dde6b04eae6d4f09aba33d4f50dd1d8253e,7840185788545,Arroz Blanco Norte Tipo Estaquilla X 1Kg,Arroz Blanco Norte Tipo Estaquilla X 1Kg,AMARKET,https://amarket.com.bo/collections/lo-nuevo/products/7840185788545,https://amarket.com.bo/cdn/shop/files/7840185788545_1200x1200.jpg?v=1787204862,2026-08-21T02:11:15.843910+00:00,59f35c31-a86c-44d9-adbe-e27e1d03b535,200,image/jpeg,1.0.0,163006cff91201685edcec9de002f41a8c90eaaf4c8e974361d072530af599bf,163006cff91201685edcec9de002f41a8c90eaaf4c8e974361d072530af599bf,1200,1200,RGB,UNIFORM_RGB,REDISTRIBUTION_PROHIBITED,ACCEPTED,,data\raw\amarket_full\7840185788545_163006cff912.jpg
3d4fdd944add8649990e2d869206726019e838207bb084cf47d4c9d8b9c110da,7773401007697,Galleta Mabels Wafer Sabor Dulce De Leche X 40G,Galleta Mabels Wafer Sabor Dulce De Leche X 40G,AMARKET,https://amarket.com.bo/collections/lo-nuevo/products/7773401007697,https://amarket.com.bo/cdn/shop/files/7773401007697_1200x1200.jpg?v=1778565114,2026-08-21T02:03:47.153284+00:00,59f35c31-a86c-44d9-adbe-e27e1d03b535,200,image/jpeg,1.0.0,48c1ed880abc7c3990b7259e248108dbc02dd3b9d847cd47509ed39f856c3086,48c1ed880abc7c3990b7259e248108dbc02dd3b9d847cd47509ed39f856c3086,1200,1200,RGB,UNIFORM_RGB,REDISTRIBUTION_PROHIBITED,ACCEPTED,,data\raw\amarket_full\7773401007697_48c1ed880abc.jpg
3e266ba74e9f5958f030139f447ac1642b158e52875d57f4d4749ff18d9f7965,4059729521903,Body Mist Essence So Cherry Happy X 1000Ml,Descripción:La Bruma Corporal Perfumada Essence Cherry es una fragancia corporal ligera que refresca la piel mientras la envuelve con un delicioso aroma dulce a cereza. Su fórmula en spray proporciona una sensación inmediata de frescura y bienestar siendo ideal para quienes buscan un perfume suave y juvenil que pueda r,AMARKET,https://amarket.com.bo/collections/lo-nuevo/products/4059729521903,https://amarket.com.bo/cdn/shop/files/4059729521903_1200x1200.jpg?v=1782540590,2026-08-21T01:51:07.957114+00:00,59f35c31-a86c-44d9-adbe-e27e1d03b535,200,image/jpeg,1.0.0,3ab3e9c990c3505a29a8cefefd60673fa95ffec6dcadc0de845e5d4f0d31475c,3ab3e9c990c3505a29a8cefefd60673fa95ffec6dcadc0de845e5d4f0d31475c,1200,1200,RGB,UNIFORM_RGB,REDISTRIBUTION_PROHIBITED,ACCEPTED,,data\raw\amarket_full\4059729521903_3ab3e9c990c3.jpg
3e8e48d32d42bd2e95957864bad44f26f6c0acd87625d41634815aeb5277ebad,7896902289697,Óleo Capilar Farmax Verano Espectacular X 90Ml,DescripciónÓleo Verano Farmax 90 ml tratamiento capilar nutritivo diseñado para aportar brillo instantáneo hidratación profunda y control del frizz sin enjuague. Su fórmula ligera ayuda a reducir las puntas abiertas y deja el cabello suave sedoso y con apariencia saludable.Beneficios: Nutre e hidrata profundamente el c,AMARKET,https://amarket.com.bo/collections/lo-nuevo/products/7896902289697,https://amarket.com.bo/cdn/shop/files/7896902289697_1200x1200.jpg?v=1780034076,2026-08-21T02:18:33.624174+00:00,59f35c31-a86c-44d9-adbe-e27e1d03b535,200,image/jpeg,1.0.0,5acf0b463746f68ce1482af84dc0f78d41fd845559c95decfcc12d61f0b83435,5acf0b463746f68ce1482af84dc0f78d41fd845559c95decfcc12d61f0b83435,1200,1200,RGB,UNIFORM_RGB,REDISTRIBUTION_PROHIBITED,ACCEPTED,,data\raw\amarket_full\7896902289697_5acf0b463746.jpg
3f1adf15486861c2ff86cf7df1be2cb3480c39bbad35a30869bd2a1c9ba958dc,080100005549,Labial Revlon Super Lustrous Tono 425 Softsilver Red,DescripciónEl Labial Revlon Super Lustrous es un clásico icónico que destaca por su aplicación suave y acabado confortable. Su fórmula con 80% de ingredientes acondicionadores ayuda a mantener los labios hidratados aportando una sensación cremosa y ligera en cada uso. Además contribuye a minimizar la apariencia de líne,AMARKET,https://amarket.com.bo/collections/lo-nuevo/products/080100005549,https://amarket.com.bo/cdn/shop/files/080100005549_1200x1200.jpg?v=1787204219,2026-08-21T01:48:19.156706+00:00,59f35c31-a86c-44d9-adbe-e27e1d03b535,200,image/jpeg,1.0.0,25e0ab9f593d2a46b46ef1dd2673157d8df4e532e6d3d72c84f9318bff7f87bb,25e0ab9f593d2a46b46ef1dd2673157d8df4e532e6d3d72c84f9318bff7f87bb,1200,1200,RGB,UNIFORM_RGB,REDISTRIBUTION_PROHIBITED,ACCEPTED,,data\raw\amarket_full\080100005549_25e0ab9f593d.jpg
3fd2ab18c358761bf0c591b9b05d0b3c3be43359e9484bf7adcc2d2f40b03584,1200185061035,Stanley Quencher Protour Polished Rose Gold X 1.18L,DescripciónEl icónico Quencher ProTour Flip Straw incorpora una tapa a prueba de fugas con pajilla integrada que se abre fácilmente con un solo movimiento para beber de forma cómoda y rápida.Beneficios: Tapa a prueba de fugas con Flip Straw. Mantiene bebidas frías hasta 11 horas. Conserva hielo hasta 2 días. Asa cómoda,AMARKET,https://amarket.com.bo/collections/lo-nuevo/products/1200185061035,https://amarket.com.bo/cdn/shop/files/1200185061035_1200x1200.jpg?v=1787204874,2026-08-21T01:49:02.383638+00:00,59f35c31-a86c-44d9-adbe-e27e1d03b535,200,image/jpeg,1.0.0,9b9b40bf64b3f54f876029a0020256c30127a93d32b32b7c55a64b075ab4c09d,9b9b40bf64b3f54f876029a0020256c30127a93d32b32b7c55a64b075ab4c09d,1200,1200,RGB,UNIFORM_RGB,REDISTRIBUTION_PROHIBITED,ACCEPTED,,data\raw\amarket_full\1200185061035_9b9b40bf64b3.jpg
40233ca670301924cb971bfc99d656ade8883135c5da38977f3bc7721a68ef03,7773400003003,Galletas De Animalitos La Francesa Jungla Bolsa X 1Kg,DescripciónLas Galletas de Animalitos Jungla de La Francesa de 1Kg son una opción práctica para disfrutar en cualquier momento con divertidas formas de animalitos que las hacen ideales para compartir.,AMARKET,https://amarket.com.bo/collections/lo-nuevo/products/7773400003003,https://amarket.com.bo/cdn/shop/files/7773400003003_1200x1200.jpg?v=1776203921,2026-08-21T02:03:29.143867+00:00,59f35c31-a86c-44d9-adbe-e27e1d03b535,200,image/jpeg,1.0.0,dcd97c797ee6b8bb2d076ff9209a3762049238ad66695a9a0a6af7eb6ca8bdff,dcd97c797ee6b8bb2d076ff9209a3762049238ad66695a9a0a6af7eb6ca8bdff,1200,1200,RGB,UNIFORM_RGB,REDISTRIBUTION_PROHIBITED,ACCEPTED,,data\raw\amarket_full\7773400003003_dcd97c797ee6.jpg
40e355d92ab9dfe5e495dce6fa2bb7736a3559b36b0f13fd7a7e27fff2cc037c,7771259757993,Pack Pil Lonchera Surtida + 4 Juguitos Surtidos X 150Ml,Descripción Pack práctico que incluye una lonchera modelo surtido y 4 juguitos de 150 ml cada uno. pensada para organizar y transportar bebidas de manera conveniente. Ideal para el día a día viajes o actividades escolares su presentación facilita mantener todo junto y a la mano combinando comodidad y practicidad.,AMARKET,https://amarket.com.bo/collections/lo-nuevo/products/7771259757993,https://amarket.com.bo/cdn/shop/files/7771259757993_1200x1200.jpg?v=1787205995,2026-08-21T02:00:48.989941+00:00,59f35c31-a86c-44d9-adbe-e27e1d03b535,200,image/jpeg,1.0.0,278499cf9a991f017a908182cd49bcc1dd8dec37c1356946d9e83d13c084728a,278499cf9a991f017a908182cd49bcc1dd8dec37c1356946d9e83d13c084728a,1200,1200,RGB,UNIFORM_RGB,REDISTRIBUTION_PROHIBITED,ACCEPTED,,data\raw\amarket_full\7771259757993_278499cf9a99.jpg
40eaa011322b070624a5b6a5c299556ea960c3b3668657101a37b1b1c0ab9418,7896058517521,Gomitas Gomets Sabor Crema Frutas Tubo X 96G,Gomitas Gomets Sabor Crema Frutas Tubo X 96G,AMARKET,https://amarket.com.bo/collections/lo-nuevo/products/7896058517521,https://amarket.com.bo/cdn/shop/files/7896058517521_1200x1200.jpg?v=1782799690,2026-08-21T02:14:30.288095+00:00,59f35c31-a86c-44d9-adbe-e27e1d03b535,200,image/jpeg,1.0.0,33654e6d3ea982ffec91b51934ac0742e61ac9265e8d7bb8f1a579f46db673c0,33654e6d3ea982ffec91b51934ac0742e61ac9265e8d7bb8f1a579f46db673c0,1200,1200,RGB,UNIFORM_RGB,REDISTRIBUTION_PROHIBITED,ACCEPTED,,data\raw\amarket_full\7896058517521_33654e6d3ea9.jpg
410052c44c26da379720af42f288efd9e370be188044aff1239bb14f0afabf16,309970002626,Base Para Rostro Revlon Colorstay Vitamina E Tono 290 Natural Ochre,DescripciónLa base de maquillaje de larga duración SPF 20 está diseñada para piel normal a seca ofreciendo un acabado impecable hasta por 24 horas. Enriquecida con ácido hialurónico contribuye a aumentar la hidratación de la piel ayudando a mantenerla suave fresca y con un brillo saludable. Ideal para quienes buscan un,AMARKET,https://amarket.com.bo/collections/lo-nuevo/products/309970002626,https://amarket.com.bo/cdn/shop/files/309970002626_1200x1200.jpg?v=1775108604,2026-08-21T01:49:12.835003+00:00,59f35c31-a86c-44d9-adbe-e27e1d03b535,200,image/jpeg,1.0.0,be900200b0ff8023dac3f31bdc09144b5d2a8a5df347a674e91f146d4aee0c8b,be900200b0ff8023dac3f31bdc09144b5d2a8a5df347a674e91f146d4aee0c8b,1200,1200,RGB,UNIFORM_RGB,REDISTRIBUTION_PROHIBITED,ACCEPTED,,data\raw\amarket_full\309970002626_be900200b0ff.jpg
41982bfe391a175312a62d01ed44bce312655458014e681ae6e090a705b43a9a,3501116,Set Collar + Manilla Narcissa Tipo A,Set Collar + Manilla Narcissa Tipo A,AMARKET,https://amarket.com.bo/collections/lo-nuevo/products/3501116,https://amarket.com.bo/cdn/shop/files/3501116_1200x1200.jpg?v=1787205507,2026-08-21T01:50:38.230820+00:00,59f35c31-a86c-44d9-adbe-e27e1d03b535,200,image/jpeg,1.0.0,63455251accaffa8b0e7f30044536a3afc42be450c8f1f923a48849bdb64ac81,63455251accaffa8b0e7f30044536a3afc42be450c8f1f923a48849bdb64ac81,1200,1200,RGB,UNIFORM_RGB,REDISTRIBUTION_PROHIBITED,ACCEPTED,,data\raw\amarket_full\3501116_63455251acca.jpg
427aa762144b775939c7f531a3ae9f607e0a7b1332ecdadcb3673bb93313e8ac,7894904268283,Margarina Soya Extra Ligera X 500G,DescripciónLa Margarina Soya Extra Ligera 500 g es una crema vegetal elaborada a partir de ingredientes de origen vegetal ideal para untar o utilizar en preparaciones diarias. Su textura suave facilita el uso en desayunos y recetas siendo una alternativa práctica dentro de la cocina cotidiana.Características: Margarina,AMARKET,https://amarket.com.bo/collections/lo-nuevo/products/7894904268283,https://amarket.com.bo/cdn/shop/files/7894904268283_1200x1200.jpg?v=1772515852,2026-08-21T02:13:06.339466+00:00,59f35c31-a86c-44d9-adbe-e27e1d03b535,200,image/jpeg,1.0.0,4a188b70f6d526e110aec8cdebb42b47ee8417a02e1e1c9bdf7bea834f330850,4a188b70f6d526e110aec8cdebb42b47ee8417a02e1e1c9bdf7bea834f330850,1200,1200,RGB,UNIFORM_RGB,REDISTRIBUTION_PROHIBITED,ACCEPTED,,data\raw\amarket_full\7894904268283_4a188b70f6d5.jpg
43bbda792b5c2e970bc4c59bda8b30d58dd32ddf65aac207ef84bd933cd2850c,9000213,Chicle Top Line Seven Vibrant Strawberry X 14G,Chicle Top Line Seven Vibrant Strawberry X 14G,AMARKET,https://amarket.com.bo/collections/lo-nuevo/products/9000213,https://amarket.com.bo/cdn/shop/files/9000213_1200x1200.jpg?v=1783491350,2026-08-21T02:22:29.323232+00:00,59f35c31-a86c-44d9-adbe-e27e1d03b535,200,image/jpeg,1.0.0,50c7b12c11e85b50dd05756f86395457be28d606a974b859301a30b3d9e8b91b,50c7b12c11e85b50dd05756f86395457be28d606a974b859301a30b3d9e8b91b,1200,1200,RGB,UNIFORM_RGB,REDISTRIBUTION_PROHIBITED,ACCEPTED,,data\raw\amarket_full\9000213_50c7b12c11e8.jpg
44bdc41b363c3933fcba00428da1e9c4952217139eff9387d62011d4e5e75462,7896058503005,Caramelos Yogurte Masticlables Sabor Fresa X 500G,Caramelos Yogurte Masticlables Sabor Fresa X 500G,AMARKET,https://amarket.com.bo/collections/lo-nuevo/products/7896058503005,https://amarket.com.bo/cdn/shop/files/7896058503005_1200x1200.jpg?v=1787205791,2026-08-21T02:14:03.123185+00:00,59f35c31-a86c-44d9-adbe-e27e1d03b535,200,image/jpeg,1.0.0,6e90eca521692bedef3e33faa3ac67ba94dec1028e4e85a0fad316e15b5f28a5,6e90eca521692bedef3e33faa3ac67ba94dec1028e4e85a0fad316e15b5f28a5,1200,1200,RGB,UNIFORM_RGB,REDISTRIBUTION_PROHIBITED,ACCEPTED,,data\raw\amarket_full\7896058503005_6e90eca52169.jpg
45214371e9bede1df0567faeade496827e90ef870d4b5e2b69abf7e5e8308819,7771228000624,Mermelada Light Campo Verde Frutilla  X 370G,DescripciónLa Mermelada Light de Frutilla Campo Verde 370 g es una conserva elaborada a base de frutilla presentada en una versión light. Su textura permite untarla fácilmente en panes tostadas o utilizarla en distintas preparaciones dulces. Presentación de 370 g.,AMARKET,https://amarket.com.bo/collections/lo-nuevo/products/7771228000624,https://amarket.com.bo/cdn/shop/files/7771228000624_1200x1200.jpg?v=1774294951,2026-08-21T02:00:06.161568+00:00,59f35c31-a86c-44d9-adbe-e27e1d03b535,200,image/jpeg,1.0.0,4d13f97b296fb6faf91c5af3cdcb3972a8e736d03e5de29bebdb19bab6967e2d,4d13f97b296fb6faf91c5af3cdcb3972a8e736d03e5de29bebdb19bab6967e2d,1200,1200,RGB,UNIFORM_RGB,REDISTRIBUTION_PROHIBITED,ACCEPTED,,data\raw\amarket_full\7771228000624_4d13f97b296f.jpg
45cdc1d7b4d7ec6c79e5b6590524b711a4685d9dd2002e493ae300d2ed3c31c6,8412122034016,Mini Cepillo Beter Natural Fiber Charm Surtido,DescripciónLa versión más mini del cepillo Natural Fiber. Tan eficaz como irresistible querrás llevarlo a todas partes.Características: Formato XSS: desenreda con suavidad y eficacia. Llévalo donde quieras: cuélgalo del bolso la trabilla del pantalón la mochila. Púas antienredos: flexibles y resistentes perfectas inclu,AMARKET,https://amarket.com.bo/collections/lo-nuevo/products/8412122034016,https://amarket.com.bo/cdn/shop/files/8412122034016_1200x1200.jpg?v=1787204828,2026-08-21T02:21:17.476713+00:00,59f35c31-a86c-44d9-adbe-e27e1d03b535,200,image/jpeg,1.0.0,f00ebf5ac027054d95fe5d9155a64ec61055f81201e472330cbfb082cc4f2e65,f00ebf5ac027054d95fe5d9155a64ec61055f81201e472330cbfb082cc4f2e65,1200,1200,RGB,UNIFORM_RGB,REDISTRIBUTION_PROHIBITED,ACCEPTED,,data\raw\amarket_full\8412122034016_f00ebf5ac027.jpg
45d31b28b53cb05f08cca2c6ea06d334a3c25bcb9f03d5ddc65f18271f2fc00c,7798186032368,Marshmallow Gongys Sabor Vainilla X 200G,Marshmallow Gongys Sabor Vainilla X 200G,AMARKET,https://amarket.com.bo/collections/lo-nuevo/products/7798186032368,https://amarket.com.bo/cdn/shop/files/7798186032368_1200x1200.jpg?v=1787204494,2026-08-21T02:10:23.721808+00:00,59f35c31-a86c-44d9-adbe-e27e1d03b535,200,image/jpeg,1.0.0,e8b05b74829f9f4ab48640a152efb3248d5de574c8969c0505dabd0a22dcb7bd,e8b05b74829f9f4ab48640a152efb3248d5de574c8969c0505dabd0a22dcb7bd,1200,1200,RGB,UNIFORM_RGB,REDISTRIBUTION_PROHIBITED,ACCEPTED,,data\raw\amarket_full\7798186032368_e8b05b74829f.jpg
460c0a289559560193858721c6f8163d864766b8c2b184a9c3dce077870eb014,041554098259,Labial Maybelline Super Stay Matte Ink Tono Nro.520 Champion,Descripción:El Labial Líquido Super Stay Matte Ink de Maybelline está diseñado para ofrecer un color intenso alta cobertura y un acabado mate impecable de larga duración. Su fórmula de alta pigmentación proporciona un resultado uniforme desde la primera aplicación mientras que su tecnología de larga fijación ayuda a ma,AMARKET,https://amarket.com.bo/collections/lo-nuevo/products/041554098259,https://amarket.com.bo/cdn/shop/files/041554098259_1200x1200.jpg?v=1787205133,2026-08-21T01:46:24.434466+00:00,59f35c31-a86c-44d9-adbe-e27e1d03b535,200,image/jpeg,1.0.0,8677cf45f18356bb0253c4d337f032de000b843fcfd8f4f6befe3689a79278d5,8677cf45f18356bb0253c4d337f032de000b843fcfd8f4f6befe3689a79278d5,1200,1200,RGB,UNIFORM_RGB,REDISTRIBUTION_PROHIBITED,ACCEPTED,,data\raw\amarket_full\041554098259_8677cf45f183.jpg
463de77e5cd01d5d7b1c3490b28f466cc18d9d56b36049eba90255677a513730,7771621640113,Agua Alcalina La Fonte X 3L,Agua Alcalina La Fonte X 3L,AMARKET,https://amarket.com.bo/collections/lo-nuevo/products/7771621640113,https://amarket.com.bo/cdn/shop/files/7771621640113_1200x1200.jpg?v=1787206176,2026-08-21T02:02:03.963143+00:00,59f35c31-a86c-44d9-adbe-e27e1d03b535,200,image/jpeg,1.0.0,2515e89bf265dc1cbb37675e4641d1a040d81a92c8216551af04b6f0c0465539,2515e89bf265dc1cbb37675e4641d1a040d81a92c8216551af04b6f0c0465539,1200,1200,RGB,UNIFORM_RGB,REDISTRIBUTION_PROHIBITED,ACCEPTED,,data\raw\amarket_full\7771621640113_2515e89bf265.jpg
464523ed89c41923b989b5433f528dcb5b3df1709b638af70336f4c91c11e713,7896451912503,Tubitos Docile Sticks Frutilla Ácida X 15G,Tubitos Docile Sticks Frutilla Ácida X 15G,AMARKET,https://amarket.com.bo/collections/lo-nuevo/products/7896451912503,https://amarket.com.bo/cdn/shop/files/7896451912503_1200x1200.jpg?v=1787205108,2026-08-21T02:17:20.421584+00:00,59f35c31-a86c-44d9-adbe-e27e1d03b535,200,image/jpeg,1.0.0,d3981a1651a5224036c90069c2d71f642bf83496cdeb2d3bc2beba368d261ef6,d3981a1651a5224036c90069c2d71f642bf83496cdeb2d3bc2beba368d261ef6,1200,1200,RGB,UNIFORM_RGB,REDISTRIBUTION_PROHIBITED,ACCEPTED,,data\raw\amarket_full\7896451912503_d3981a1651a5.jpg
46deedfd0f05fdf3779c462491123ae32ebb94b63c231739d3d3244f449873bd,7771214005480,Chicha Camba Casa Del Camba X 500 Ml,Chicha Camba Casa Del Camba X 500 Ml,AMARKET,https://amarket.com.bo/collections/lo-nuevo/products/7771214005480,https://amarket.com.bo/cdn/shop/files/7771214005480_1200x1200.jpg?v=1787204239,2026-08-21T01:59:41.254150+00:00,59f35c31-a86c-44d9-adbe-e27e1d03b535,200,image/jpeg,1.0.0,f50b122ea809b08bdd709921d0269418d061041bfcf00c2204cfe2d48f1a376e,f50b122ea809b08bdd709921d0269418d061041bfcf00c2204cfe2d48f1a376e,1200,1200,RGB,UNIFORM_RGB,REDISTRIBUTION_PROHIBITED,ACCEPTED,,data\raw\amarket_full\7771214005480_f50b122ea809.jpg
47cc066481fb38a95ef7fb998f846a5ba297d78fd7c18f4e9deb82e04dde7089,7891151039796,Pastilla Freegells Sabor Menta Mentol X 27.9G,DescripciónLos Caramelos Freegells Sabor Menta Mentol 27.9 g son dulces duros refrescantes con un sabor mentolado que despierta los sentidos y deja una sensación fresca en el paladar. Perfectos para disfrutar después de las comidas llevar en el bolso o simplemente cuando querés un toque dulce con frescura.Característic,AMARKET,https://amarket.com.bo/collections/lo-nuevo/products/7891151039796,https://amarket.com.bo/cdn/shop/files/7891151039796_1200x1200.jpg?v=1769193193,2026-08-21T02:12:48.954645+00:00,59f35c31-a86c-44d9-adbe-e27e1d03b535,200,image/jpeg,1.0.0,6165d486c1955add6785c1e7d6f01018ec038c2a36bee1152e6a2c2aa1158a9f,6165d486c1955add6785c1e7d6f01018ec038c2a36bee1152e6a2c2aa1158a9f,1200,1200,RGB,UNIFORM_RGB,REDISTRIBUTION_PROHIBITED,ACCEPTED,,data\raw\amarket_full\7891151039796_6165d486c195.jpg
4817f336c3d428e7e2d9e8fa091421e08ead8df387870519cc0b1b7e962ab2da,7773510140483,Yuca Precocida Polar Corte Cubo X 1Kg,Yuca Precocida Polar Corte Cubo X 1Kg,AMARKET,https://amarket.com.bo/collections/lo-nuevo/products/7773510140483,https://amarket.com.bo/cdn/shop/files/7773510140483_1200x1200.jpg?v=1787204917,2026-08-21T02:05:23.376860+00:00,59f35c31-a86c-44d9-adbe-e27e1d03b535,200,image/jpeg,1.0.0,f3e7b876fa39ae4b7897b34d605f87c43f1f3b197c239fe194fc20cfe4e4a925,f3e7b876fa39ae4b7897b34d605f87c43f1f3b197c239fe194fc20cfe4e4a925,1200,1200,RGB,UNIFORM_RGB,REDISTRIBUTION_PROHIBITED,ACCEPTED,,data\raw\amarket_full\7773510140483_f3e7b876fa39.jpg
482df5bab93e933058f725343b29f8eab8f754e06fa574e9a01c49ba57f933e7,3501114,Cadenita Tipo B Narcissa Surtido,Cadenita Tipo B Narcissa Surtido,AMARKET,https://amarket.com.bo/collections/lo-nuevo/products/3501114,https://amarket.com.bo/cdn/shop/files/3501114_1200x1200.jpg?v=1787205506,2026-08-21T01:50:31.462004+00:00,59f35c31-a86c-44d9-adbe-e27e1d03b535,200,image/jpeg,1.0.0,63455251accaffa8b0e7f30044536a3afc42be450c8f1f923a48849bdb64ac81,63455251accaffa8b0e7f30044536a3afc42be450c8f1f923a48849bdb64ac81,1200,1200,RGB,UNIFORM_RGB,REDISTRIBUTION_PROHIBITED,ACCEPTED,,data\raw\amarket_full\3501114_63455251acca.jpg
4865570ff37b7874dcea32703946ba6fa02fee9ea79e132d9ca3585be8817149,7798186032375,Marshmallow Trenza Gongys Sabor Vainilla X 200G,Marshmallow Trenza Gongys Sabor Vainilla X 200G,AMARKET,https://amarket.com.bo/collections/lo-nuevo/products/7798186032375,https://amarket.com.bo/cdn/shop/files/7798186032375_1200x1200.jpg?v=1787204494,2026-08-21T02:10:27.216753+00:00,59f35c31-a86c-44d9-adbe-e27e1d03b535,200,image/jpeg,1.0.0,dd0557b3b8e5b6f7917dc51362fc3abfd8e4c9c8b46af39db7995bc161c837e5,dd0557b3b8e5b6f7917dc51362fc3abfd8e4c9c8b46af39db7995bc161c837e5,1200,1200,RGB,UNIFORM_RGB,REDISTRIBUTION_PROHIBITED,ACCEPTED,,data\raw\amarket_full\7798186032375_dd0557b3b8e5.jpg
4907ddb45a9c1f56f747cb4d835b55b531b1e518224f97f5db51be86bb4b114c,07509546690384,Crema Dental Colgate Sensitive Pro Alivio Inmediato X 110G,Crema Dental Colgate Sensitive Pro Alivio Inmediato X 110G,AMARKET,https://amarket.com.bo/collections/lo-nuevo/products/07509546690384,https://amarket.com.bo/cdn/shop/files/07509546690384_1200x1200.jpg?v=1787204764,2026-08-21T01:47:25.700182+00:00,59f35c31-a86c-44d9-adbe-e27e1d03b535,200,image/jpeg,1.0.0,c7c4d52a0d805e33bbffc48d37560000cd237feb49b5e3c05e30ef0040c587ed,c7c4d52a0d805e33bbffc48d37560000cd237feb49b5e3c05e30ef0040c587ed,1200,1200,RGB,UNIFORM_RGB,REDISTRIBUTION_PROHIBITED,ACCEPTED,,data\raw\amarket_full\07509546690384_c7c4d52a0d80.jpg
4950f2e2afa3f53a2b29b6bfbb53273e6f3cee0b822dd78318cf4dceb9d4b21f,309973174603,Labial Líquido Revlon Colorstay Lipstick Tono Stellar Sunrise,DescripciónEl labial líquido de larga duración ofrece un color ligeramente satinado que se mantiene intacto hasta por 24 horas incluso después de comer o beber. Su fórmula está diseñada para brindar un acabado uniforme y duradero ideal para el uso diario o eventos especiales.Beneficios: Duración de hasta 24 horas. Resi,AMARKET,https://amarket.com.bo/collections/lo-nuevo/products/309973174603,https://amarket.com.bo/cdn/shop/files/309973174603_1200x1200.jpg?v=1776213774,2026-08-21T01:49:34.229678+00:00,59f35c31-a86c-44d9-adbe-e27e1d03b535,200,image/jpeg,1.0.0,459ad20d4ce8e99ce8e0aa968169a676d7c4d1c33d82f4c52c24e350de96dcde,459ad20d4ce8e99ce8e0aa968169a676d7c4d1c33d82f4c52c24e350de96dcde,1200,1200,RGB,UNIFORM_RGB,REDISTRIBUTION_PROHIBITED,ACCEPTED,,data\raw\amarket_full\309973174603_459ad20d4ce8.jpg
49b5f1d3f7a56f0f65438e50cc9ac89d5fb7a61af011496a21a73d49d2cc0ddb,07896058500226,Gomitas Gusanitos Dori Sabor Surtido X 60G,Gomitas Gusanitos Dori Sabor Surtido X 60G,AMARKET,https://amarket.com.bo/collections/lo-nuevo/products/07896058500226,https://amarket.com.bo/cdn/shop/files/07896058500226_1200x1200.jpg?v=1787205794,2026-08-21T01:47:43.128247+00:00,59f35c31-a86c-44d9-adbe-e27e1d03b535,200,image/jpeg,1.0.0,f8cf6c538cf34012739cae36158bdd3294555c05f516dd7a760544b569bc40b2,f8cf6c538cf34012739cae36158bdd3294555c05f516dd7a760544b569bc40b2,1200,1200,RGB,UNIFORM_RGB,REDISTRIBUTION_PROHIBITED,ACCEPTED,,data\raw\amarket_full\07896058500226_f8cf6c538cf3.jpg
49e5cd73630322f75527027b31744b8f10c85d192d0ab5f8a2a4e483f26e330f,7771224006293,Jugo Ice Fruit Delizia Citrus Punch X 500Ml,Jugo Ice Fruit Delizia Citrus Punch X 500Ml,AMARKET,https://amarket.com.bo/collections/lo-nuevo/products/7771224006293,https://amarket.com.bo/cdn/shop/files/7771224006293_1200x1200.jpg?v=1778133277,2026-08-21T01:59:48.128777+00:00,59f35c31-a86c-44d9-adbe-e27e1d03b535,200,image/jpeg,1.0.0,7f12480f325a6954b3810eb5d6c859e580ce1ebfaf3462cc4102f2c4edba36dd,7f12480f325a6954b3810eb5d6c859e580ce1ebfaf3462cc4102f2c4edba36dd,1200,1200,RGB,UNIFORM_RGB,REDISTRIBUTION_PROHIBITED,ACCEPTED,,data\raw\amarket_full\7771224006293_7f12480f325a.jpg
4a11d74fb082fcdf88b57e953486cfe4374572ac821687e16660774633fd60dd,7771260763334,Jugo De La Granja Sabor Pomelo X 300 Ml,Jugo De La Granja Sabor Pomelo X 300 Ml,AMARKET,https://amarket.com.bo/collections/lo-nuevo/products/7771260763334,https://amarket.com.bo/cdn/shop/files/7771260763334_1200x1200.jpg?v=1775108644,2026-08-21T02:01:29.197306+00:00,59f35c31-a86c-44d9-adbe-e27e1d03b535,200,image/jpeg,1.0.0,e78d2978b56e91a95d0b68ce2e6c172b1500acad2454617542e640d0de1b42b1,e78d2978b56e91a95d0b68ce2e6c172b1500acad2454617542e640d0de1b42b1,1200,1200,RGB,UNIFORM_RGB,REDISTRIBUTION_PROHIBITED,ACCEPTED,,data\raw\amarket_full\7771260763334_e78d2978b56e.jpg
4a26f7aa261a15fc464e924b391d1eafb074e65cc29377ef9abf5a32f755aea3,6971549925618,Ramen Sopa Instantánea Al Toke Camarón X 85G,Ramen Sopa Instantánea Al Toke Camarón X 85G,AMARKET,https://amarket.com.bo/collections/lo-nuevo/products/6971549925618,https://amarket.com.bo/cdn/shop/files/6971549925618_1200x1200.jpg?v=1787206222,2026-08-21T01:52:37.987936+00:00,59f35c31-a86c-44d9-adbe-e27e1d03b535,200,image/jpeg,1.0.0,8fbfdb8c4991ed5cd49fa3a1a18783173374f099466bf3dfafd068881d031b50,8fbfdb8c4991ed5cd49fa3a1a18783173374f099466bf3dfafd068881d031b50,1200,1200,RGB,UNIFORM_RGB,REDISTRIBUTION_PROHIBITED,ACCEPTED,,data\raw\amarket_full\6971549925618_8fbfdb8c4991.jpg
4abcf5c6fd5a407bb6d691fb76d551e4f86af8c574aeae13110c40362996ca15,041554098341,Barra Facial Multi-Usos Maybelline Lifter Stix Nro. 30,Descripción:La Lifter Stix Multi-Use Face Stick de Maybelline New York es una base de maquillaje en barra de textura ultra cremosa y fácil difuminado diseñada para ofrecer un acabado natural con efecto visual de lifting. Su fórmula enriquecida con aceite de semilla de arándano permite una aplicación uniforme y versátil,AMARKET,https://amarket.com.bo/collections/lo-nuevo/products/041554098341,https://amarket.com.bo/cdn/shop/files/041554098341_1200x1200.jpg?v=1784036541,2026-08-21T01:46:34.185561+00:00,59f35c31-a86c-44d9-adbe-e27e1d03b535,200,image/jpeg,1.0.0,3e34fcc1f81f02140a9aeb3dffbf6928ff7b3681d71132812fe844a9493b9ae4,3e34fcc1f81f02140a9aeb3dffbf6928ff7b3681d71132812fe844a9493b9ae4,1200,1200,RGB,UNIFORM_RGB,REDISTRIBUTION_PROHIBITED,ACCEPTED,,data\raw\amarket_full\041554098341_3e34fcc1f81f.jpg
4b4a4edaa958e364bb6dbf8627ce7a292135d1ba3bdaf69c1080d085b0445fda,084773611519,Mejillones Choritos Robinson Crusoe En Aceite X 190G,Mejillones Choritos Robinson Crusoe En Aceite X 190G,AMARKET,https://amarket.com.bo/collections/lo-nuevo/products/084773611519,https://amarket.com.bo/cdn/shop/files/084773611519_1200x1200.jpg?v=1780379819,2026-08-21T01:48:26.249890+00:00,59f35c31-a86c-44d9-adbe-e27e1d03b535,200,image/jpeg,1.0.0,50b5754b348b86cbdffe8ccb4dd1677c5131388ed2a54c4395d8cfd344a737a3,50b5754b348b86cbdffe8ccb4dd1677c5131388ed2a54c4395d8cfd344a737a3,1000,1000,RGB,UNIFORM_RGB,REDISTRIBUTION_PROHIBITED,ACCEPTED,,data\raw\amarket_full\084773611519_50b5754b348b.jpg
4b5df0a8b2783273da5dcb1ca920aa703e1ad9bbd2f3064c38c3b444aab59d0a,7509552992281,Shampoo Elvive Collagen Lifter X 680Ml,Descripción:El Shampoo Elvive Colágeno Lifter Engrosador de L'Oréal Paris está especialmente desarrollado para cabellos finos delgados y con falta de volumen. Su fórmula con tecnología inspirada en el colágeno ayuda a aportar una sensación de mayor densidad y cuerpo dejando el cabello con una apariencia más gruesa lige,AMARKET,https://amarket.com.bo/collections/lo-nuevo/products/7509552992281,https://amarket.com.bo/cdn/shop/files/7509552992281_1200x1200.jpg?v=1787205949,2026-08-21T01:55:22.096921+00:00,59f35c31-a86c-44d9-adbe-e27e1d03b535,200,image/jpeg,1.0.0,4e60d0705a03f6c0881fab7568011ed39284680d340a4ac4cdcf2b366044dd44,4e60d0705a03f6c0881fab7568011ed39284680d340a4ac4cdcf2b366044dd44,1200,1200,RGB,UNIFORM_RGB,REDISTRIBUTION_PROHIBITED,ACCEPTED,,data\raw\amarket_full\7509552992281_4e60d0705a03.jpg
4bb4107c7ed87fb2508dddbc5e5bab55d0d95756bb7e35f90086b7211fdcdcdf,7702032008919,Café Colcafe Instantáneo Clásico Suave X 50G,Café Colcafe Instantáneo Clásico Suave X 50G,AMARKET,https://amarket.com.bo/collections/lo-nuevo/products/7702032008919,https://amarket.com.bo/cdn/shop/files/7702032008919_1200x1200.jpg?v=1780379822,2026-08-21T01:56:06.620126+00:00,59f35c31-a86c-44d9-adbe-e27e1d03b535,200,image/jpeg,1.0.0,54a94451e841df2ac68b9244688a5b8aaecbc4bca8ee5a6d1e19df72f59c3241,54a94451e841df2ac68b9244688a5b8aaecbc4bca8ee5a6d1e19df72f59c3241,1000,1000,RGB,UNIFORM_RGB,REDISTRIBUTION_PROHIBITED,ACCEPTED,,data\raw\amarket_full\7702032008919_54a94451e841.jpg
4c3d15769e59446495639a96a943f7223ce18c92fea5d256bbc174c3df78261b,7702032117444,Café Instantáneo Colcafe Descafeinado Ligero X 90G,Café Instantáneo Colcafe Descafeinado Ligero X 90G,AMARKET,https://amarket.com.bo/collections/lo-nuevo/products/7702032117444,https://amarket.com.bo/cdn/shop/files/7702032117444_1200x1200.jpg?v=1780466144,2026-08-21T01:56:16.645923+00:00,59f35c31-a86c-44d9-adbe-e27e1d03b535,200,image/jpeg,1.0.0,08585d73daa3b8cdd2093cda93f72c0a967b195134f3d2f04fd52a1bbbf6076c,08585d73daa3b8cdd2093cda93f72c0a967b195134f3d2f04fd52a1bbbf6076c,1000,1000,RGB,UNIFORM_RGB,REDISTRIBUTION_PROHIBITED,ACCEPTED,,data\raw\amarket_full\7702032117444_08585d73daa3.jpg
4c4081523fb30c8f2233b4a410df4948ef7536e2b8f8649ac14bd7339ecb1d47,7771228000587,Aceite De Oliva Campo Verde Virgen Extra X 250Ml,Aceite De Oliva Campo Verde Virgen Extra X 250Ml,AMARKET,https://amarket.com.bo/collections/lo-nuevo/products/7771228000587,https://amarket.com.bo/cdn/shop/files/7771228000587_1200x1200.jpg?v=1773985042,2026-08-21T01:59:58.553536+00:00,59f35c31-a86c-44d9-adbe-e27e1d03b535,200,image/jpeg,1.0.0,9d04bbacdebdc6dab9271e5b36b1b775e52302d5e9e56c43446923be96db6cd8,9d04bbacdebdc6dab9271e5b36b1b775e52302d5e9e56c43446923be96db6cd8,1200,1200,RGB,UNIFORM_RGB,REDISTRIBUTION_PROHIBITED,ACCEPTED,,data\raw\amarket_full\7771228000587_9d04bbacdebd.jpg
4cd8d2dbdc0d5f87170dc4055723eeaebe1de40c1dfcb884ae4428fc15dea29b,7771609005286,Powerade Mundial Citrus Kick X 473Ml,Powerade Mundial Citrus Kick X 473Ml,AMARKET,https://amarket.com.bo/collections/lo-nuevo/products/7771609005286,https://amarket.com.bo/cdn/shop/files/7771609005286_1200x1200.jpg?v=1776691027,2026-08-21T02:01:43.332544+00:00,59f35c31-a86c-44d9-adbe-e27e1d03b535,200,image/jpeg,1.0.0,21f43ef98c616f309e0b36fe1e51df0a874883effc656288cdc7c3eda87ac0b8,21f43ef98c616f309e0b36fe1e51df0a874883effc656288cdc7c3eda87ac0b8,1200,1200,RGB,UNIFORM_RGB,REDISTRIBUTION_PROHIBITED,ACCEPTED,,data\raw\amarket_full\7771609005286_21f43ef98c61.jpg
4cdfde08522c848d906705a3ea52085ab97c62544b3e3b421a71857fe918dfec,7899620665101,Pote De Vidrio Hermético Ou Fresh Lock Negro 725Ml,Canjea tu cartilla con 30 stickers de la colección Los Imperdibles + Bs 69 y podrás canjear este Pote de vidrio hermético Fresh Lock Negro de 725 ml.,AMARKET,https://amarket.com.bo/collections/lo-nuevo/products/7899620665101,https://amarket.com.bo/cdn/shop/files/7899620665101_1200x1200.jpg?v=1787205855,2026-08-21T02:19:52.045692+00:00,59f35c31-a86c-44d9-adbe-e27e1d03b535,200,image/jpeg,1.0.0,91a3d48971df1629053708001b526f46e4777508c56dc4d0e10bdd11a51e9136,91a3d48971df1629053708001b526f46e4777508c56dc4d0e10bdd11a51e9136,1200,1200,RGB,UNIFORM_RGB,REDISTRIBUTION_PROHIBITED,ACCEPTED,,data\raw\amarket_full\7899620665101_91a3d48971df.jpg
4ce3a2dc9e4d4eeb75526660f70ba8f60b16fd84bad42d1c4cd9a9bd24aec2b1,7774904408820,Detergente Líquido Todo Brillo Bebé Ropa Delicada X 1.7L,Detergente Líquido Todo Brillo Bebé Ropa Delicada X 1.7L,AMARKET,https://amarket.com.bo/collections/lo-nuevo/products/7774904408820,https://amarket.com.bo/cdn/shop/files/7774904408820_1200x1200.jpg?v=1787204945,2026-08-21T02:06:33.426233+00:00,59f35c31-a86c-44d9-adbe-e27e1d03b535,200,image/jpeg,1.0.0,37811d65d569e9bfc4bc19f33f05b0779d1c57764f2fd94aef1f94517791be16,37811d65d569e9bfc4bc19f33f05b0779d1c57764f2fd94aef1f94517791be16,1200,1200,RGB,UNIFORM_RGB,REDISTRIBUTION_PROHIBITED,ACCEPTED,,data\raw\amarket_full\7774904408820_37811d65d569.jpg
4d41ec6e4af5c30764006f34bfd72aebe422a538e58baaf4d9718e850378cd9f,041554098228,Labial Maybelline Super Stay Matte Ink Tono Nro.505 Entertainer,Descripción:El Labial Líquido Super Stay Matte Ink de Maybelline está diseñado para ofrecer un color intenso alta cobertura y un acabado mate impecable de larga duración. Su fórmula de alta pigmentación proporciona un resultado uniforme desde la primera aplicación mientras que su tecnología de larga fijación ayuda a ma,AMARKET,https://amarket.com.bo/collections/lo-nuevo/products/041554098228,https://amarket.com.bo/cdn/shop/files/041554098228_1200x1200.jpg?v=1787205132,2026-08-21T01:46:21.389660+00:00,59f35c31-a86c-44d9-adbe-e27e1d03b535,200,image/jpeg,1.0.0,c1288cfeba863f1007b39071def7d2cd27ac569d861700913b5179ce52b9e453,c1288cfeba863f1007b39071def7d2cd27ac569d861700913b5179ce52b9e453,1200,1200,RGB,UNIFORM_RGB,REDISTRIBUTION_PROHIBITED,ACCEPTED,,data\raw\amarket_full\041554098228_c1288cfeba86.jpg
4d820b4ef9e5e0e02a85866cab04e2adb9d62bc10d545e96a477033830f77f36,7896183912505,Fideos Instantáneos Zaeli Pimienta Suave X 85G,Fideos Instantáneos Zaeli Pimienta Suave X 85G,AMARKET,https://amarket.com.bo/collections/lo-nuevo/products/7896183912505,https://amarket.com.bo/cdn/shop/files/7896183912505_1200x1200.jpg?v=1780379822,2026-08-21T02:16:09.999761+00:00,59f35c31-a86c-44d9-adbe-e27e1d03b535,200,image/jpeg,1.0.0,920664d8abe0f482f73aff22426fcfc9eb188b76b0af3c64c8c848deb167ed46,920664d8abe0f482f73aff22426fcfc9eb188b76b0af3c64c8c848deb167ed46,1000,1000,RGB,UNIFORM_RGB,REDISTRIBUTION_PROHIBITED,ACCEPTED,,data\raw\amarket_full\7896183912505_920664d8abe0.jpg
4dcf92b84e0d890509f58db22a3fc257728d58d8ebe4693fe66e232aa3396ee7,7896451912916,Gomitas Docile Gelatines Plátanos X 15G,Gomitas Docile Gelatines Plátanos X 15G,AMARKET,https://amarket.com.bo/collections/lo-nuevo/products/7896451912916,https://amarket.com.bo/cdn/shop/files/7896451912916_1200x1200.jpg?v=1787205097,2026-08-21T02:17:39.532658+00:00,59f35c31-a86c-44d9-adbe-e27e1d03b535,200,image/jpeg,1.0.0,370cb58e47cee205ec05197e23abf06be093bef2b0fe5f784779b1b611d077c1,370cb58e47cee205ec05197e23abf06be093bef2b0fe5f784779b1b611d077c1,1200,1200,RGB,UNIFORM_RGB,REDISTRIBUTION_PROHIBITED,ACCEPTED,,data\raw\amarket_full\7896451912916_370cb58e47ce.jpg
4dd91d2cb1ede15c4f3247bfe7ffae7dad8e4054982831ddf828a8b8566b17c8,3997800000668,Miel Irupana Propo Miel Anti Ch'aja X 330G,DescripciónPropo Miel Irupana es una mezcla de miel de abeja y propóleo que posee un delicioso sabor conservando las propiedades de la miel y el propóleo. Contenido: 330 gramos.,AMARKET,https://amarket.com.bo/collections/lo-nuevo/products/3997800000668,https://amarket.com.bo/cdn/shop/files/3997800000668_1200x1200.jpg?v=1779429537,2026-08-21T01:50:54.333234+00:00,59f35c31-a86c-44d9-adbe-e27e1d03b535,200,image/jpeg,1.0.0,4d3ef31e79d9157e6532fcb9d9479f3c45c554b2516b3f97dbe041573cb18e0b,4d3ef31e79d9157e6532fcb9d9479f3c45c554b2516b3f97dbe041573cb18e0b,1200,1200,RGB,UNIFORM_RGB,REDISTRIBUTION_PROHIBITED,ACCEPTED,,data\raw\amarket_full\3997800000668_4d3ef31e79d9.jpg
4e24edc97236bca639d5dba48d7122cb323a813585b79b54509baf64bf755c1e,7509552961751,Sombra Líquida De Ojos Resist Papaya Intensa X 5Ml,Descripción:La Sombra Líquida Vogue Resist 12H es un maquillaje para ojos de larga duración que ofrece un acabado metálico intenso y brillante. Su fórmula de secado rápido proporciona una alta pigmentación y una apariencia luminosa desde la primera aplicación ayudando a crear looks impactantes para cualquier ocasión. S,AMARKET,https://amarket.com.bo/collections/lo-nuevo/products/7509552961751,https://amarket.com.bo/cdn/shop/files/7509552961751_1200x1200.jpg?v=1782454292,2026-08-21T01:54:05.186423+00:00,59f35c31-a86c-44d9-adbe-e27e1d03b535,200,image/jpeg,1.0.0,e8f5d346c0ef0a9f3ce22eaea02932d854ef9a6bfb4ac7d67df1ec5697890406,e8f5d346c0ef0a9f3ce22eaea02932d854ef9a6bfb4ac7d67df1ec5697890406,1200,1200,RGB,UNIFORM_RGB,REDISTRIBUTION_PROHIBITED,ACCEPTED,,data\raw\amarket_full\7509552961751_e8f5d346c0ef.jpg
4f9cec603cc5bf3e34cbce3ad9e4aec660af192f8792a8ba4f81de3b70af5c4e,7774904407113,Ambientador Todo Brillo Lavanda X 500Ml,Ambientador Todo Brillo Brisa Marina X 500Ml,AMARKET,https://amarket.com.bo/collections/lo-nuevo/products/7774904407113,https://amarket.com.bo/cdn/shop/files/7774904407113_1200x1200.jpg?v=1787205151,2026-08-21T02:06:02.090844+00:00,59f35c31-a86c-44d9-adbe-e27e1d03b535,200,image/jpeg,1.0.0,9f1062ea0574c17fa5f43294668fccc8d9932d78c6aa2a3eeef3fd5540840d66,9f1062ea0574c17fa5f43294668fccc8d9932d78c6aa2a3eeef3fd5540840d66,1200,1200,RGB,UNIFORM_RGB,REDISTRIBUTION_PROHIBITED,ACCEPTED,,data\raw\amarket_full\7774904407113_9f1062ea0574.jpg
4fd9e0822fde2098b3861db41e0fa79c55526dfd280af52df179d4e570017ce0,7771259210276,Papas Fritas Mexican Food Clásicas X 100G,DescripciónDisfruta el sabor tradicional y crujiente de las Papas Fritas Mexican Food Clásicas X 100G. Elaboradas para ofrecer una textura dorada y crocante en cada bocado son el snack ideal para compartir acompañar tus comidas o disfrutar en cualquier momento del día.Características: Sabor: Clásico. Textura crujiente,AMARKET,https://amarket.com.bo/collections/lo-nuevo/products/7771259210276,https://amarket.com.bo/cdn/shop/files/7771259210276_1200x1200.jpg?v=1787203318,2026-08-21T02:00:34.213454+00:00,59f35c31-a86c-44d9-adbe-e27e1d03b535,200,image/jpeg,1.0.0,868ac70621a7a61abc93cf036921710aaca106293806b31f6a6566edafe6a0d8,868ac70621a7a61abc93cf036921710aaca106293806b31f6a6566edafe6a0d8,1200,1200,RGB,UNIFORM_RGB,REDISTRIBUTION_PROHIBITED,ACCEPTED,,data\raw\amarket_full\7771259210276_868ac70621a7.jpg
503426bb2f91a4049ad52fe35317f5b18550e83f1695ebd3ad1210bceb9e47b5,7899620679290,Pote De Vidrio Hermético Ou Fresh Lock Negro 1.25L,Canjea tu cartilla con 40 stickers de la colección Los Imperdibles + Bs 109 y podrás canjear este Pote de vidrio hermético Fresh Lock Negro de 1.25 Litros.,AMARKET,https://amarket.com.bo/collections/lo-nuevo/products/7899620679290,https://amarket.com.bo/cdn/shop/files/7899620679290_1200x1200.jpg?v=1783060018,2026-08-21T02:20:01.755433+00:00,59f35c31-a86c-44d9-adbe-e27e1d03b535,200,image/jpeg,1.0.0,7507176bb9b8eaa8a61c1c6889ca83a6a1ae8b491331333fe44c413ecd0310ce,7507176bb9b8eaa8a61c1c6889ca83a6a1ae8b491331333fe44c413ecd0310ce,1200,1200,RGB,UNIFORM_RGB,REDISTRIBUTION_PROHIBITED,ACCEPTED,,data\raw\amarket_full\7899620679290_7507176bb9b8.jpg
50a25caec7002dc278318482ec0ed20779cd8342ea546f93475de72e7e41012c,7773401007819,Galleta Rosquitas Mabels Sabor Coco X 230G,Galleta Rosquitas Mabels Sabor Coco X 230G,AMARKET,https://amarket.com.bo/collections/lo-nuevo/products/7773401007819,https://amarket.com.bo/cdn/shop/files/7773401007819_1200x1200.jpg?v=1777442073,2026-08-21T02:03:50.776613+00:00,59f35c31-a86c-44d9-adbe-e27e1d03b535,200,image/jpeg,1.0.0,744f52237d45bf63bee082d55d0f49cecb87636e8718e669303496f67c33afaf,744f52237d45bf63bee082d55d0f49cecb87636e8718e669303496f67c33afaf,1200,1200,RGB,UNIFORM_RGB,REDISTRIBUTION_PROHIBITED,ACCEPTED,,data\raw\amarket_full\7773401007819_744f52237d45.jpg
50a3dbe6af305783e1f37d3a427cb9aded7f37d06431199066a64b51fc5b1cb3,7896115700408,Talco Tralala Baby Hidrata Aloe Vera X 160G,Descripción:Este producto es un talco en polvo para el cuidado diario de la piel del bebé formulado para ayudar a mantener la piel seca suave y protegida frente a la humedad. Su textura ultrafina facilita una aplicación uniforme creando una barrera protectora que contribuye a prevenir irritaciones asociadas al uso del,AMARKET,https://amarket.com.bo/collections/lo-nuevo/products/7896115700408,https://amarket.com.bo/cdn/shop/files/7896115700408_1200x1200.jpg?v=1782540602,2026-08-21T02:14:49.681752+00:00,59f35c31-a86c-44d9-adbe-e27e1d03b535,200,image/jpeg,1.0.0,aa98502fc0308bfa1dd36ea84c11c781fba45d81b2f78251ba2d906418273e5a,aa98502fc0308bfa1dd36ea84c11c781fba45d81b2f78251ba2d906418273e5a,1200,1200,RGB,UNIFORM_RGB,REDISTRIBUTION_PROHIBITED,ACCEPTED,,data\raw\amarket_full\7896115700408_aa98502fc030.jpg
5109c568073baaeb5ddf4807eb97208c1e3a6f7914cef725edf4b2317d1f363c,7509552961812,Esmalte Vogue Efecto Gel Tono Cacao X 14Ml,Descripción:El Esmalte Vogue Efecto Gel ofrece un acabado brillante con efecto gel y colores intensos proporcionando una apariencia de manicure profesional sin necesidad de lámparas UV. Su fórmula de secado rápido ayuda a lograr un color uniforme y una duración de hasta 12 días además de contribuir al fortalecimiento d,AMARKET,https://amarket.com.bo/collections/lo-nuevo/products/7509552961812,https://amarket.com.bo/cdn/shop/files/7509552961812_1200x1200.jpg?v=1787206169,2026-08-21T01:54:15.352939+00:00,59f35c31-a86c-44d9-adbe-e27e1d03b535,200,image/jpeg,1.0.0,485162bc6ccd1028ad3d82c32b368de94a1b708227003d5f64b1e79f8d6f9aff,485162bc6ccd1028ad3d82c32b368de94a1b708227003d5f64b1e79f8d6f9aff,1200,1200,RGB,UNIFORM_RGB,REDISTRIBUTION_PROHIBITED,ACCEPTED,,data\raw\amarket_full\7509552961812_485162bc6ccd.jpg
51357bf2143dd0a8f87f5b24cb737b5c1a20dc679b990291cb4308225f34c6f3,7891150099456,Mascara Capilar Sedal  Rizos Definidos X 300G,Mascara Capilar Sedal Rizos Definidos X 300G,AMARKET,https://amarket.com.bo/collections/lo-nuevo/products/7891150099456,https://amarket.com.bo/cdn/shop/files/7891150099456_1200x1200.jpg?v=1787204843,2026-08-21T02:11:56.951064+00:00,59f35c31-a86c-44d9-adbe-e27e1d03b535,200,image/jpeg,1.0.0,b2aca1464c7b32032dce655b97c14a92b3bfd50321b520c8163567bc226013ca,b2aca1464c7b32032dce655b97c14a92b3bfd50321b520c8163567bc226013ca,1200,1200,RGB,UNIFORM_RGB,REDISTRIBUTION_PROHIBITED,ACCEPTED,,data\raw\amarket_full\7891150099456_b2aca1464c7b.jpg
51f7fe388c8b819d1f76e2a21e284cbaf893fdb3995591093762c0dcf089d6bb,7770109740147,Arroz Texturizado Purisima Rebozador X 400G,Descripción:El Arroz Texturizado Purísima Rebozador 400 g es un producto elaborado a partir de arroz procesado y texturizado diseñado para utilizarse como rebozador en diferentes preparaciones culinarias. Su textura permite recubrir alimentos antes de freírlos o cocinarlos ayudando a lograr una capa externa crujiente y,AMARKET,https://amarket.com.bo/collections/lo-nuevo/products/7770109740147,https://amarket.com.bo/cdn/shop/files/7770109740147_1200x1200.jpg?v=1787203489,2026-08-21T01:59:02.690425+00:00,59f35c31-a86c-44d9-adbe-e27e1d03b535,200,image/jpeg,1.0.0,9e93c43f70bc6566130db4f8873051d2ba7d1459a263302b7de360d911a6c797,9e93c43f70bc6566130db4f8873051d2ba7d1459a263302b7de360d911a6c797,1200,1200,RGB,UNIFORM_RGB,REDISTRIBUTION_PROHIBITED,ACCEPTED,,data\raw\amarket_full\7770109740147_9e93c43f70bc.jpg
52141bbcc23ccbee0ccb03d109a0f04157af31f981264998debb4248dddad1ed,7898080664808,Energizante Baly Sabor Frutos Tropicales X 473Ml,Descripción:El Energizante Baly sabor Frutos Tropicales es una bebida energética no alcohólica que combina el frescor jugoso de los frutos tropicales con una fórmula diseñada para ofrecer energía y vitalidad al ritmo de tu día. Refrescante práctico y listo para acompañarte donde quieras es ideal para quienes buscan un,AMARKET,https://amarket.com.bo/collections/lo-nuevo/products/7898080664808,https://amarket.com.bo/cdn/shop/files/7898080664808_1200x1200.jpg?v=1771046665,2026-08-21T02:18:57.286127+00:00,59f35c31-a86c-44d9-adbe-e27e1d03b535,200,image/jpeg,1.0.0,e98b075219db1697c579e9701cd0e5995a98994556430dd935e44d4cd733d654,e98b075219db1697c579e9701cd0e5995a98994556430dd935e44d4cd733d654,1200,1200,RGB,UNIFORM_RGB,REDISTRIBUTION_PROHIBITED,ACCEPTED,,data\raw\amarket_full\7898080664808_e98b075219db.jpg
53245b3ca9237a07888d90c4ba146a4024fcb302347e97b5683aa54d4f892954,7899567245015,Salchicha Bordon Tipo Viena Lata X 300G,DescripciónLa Salchicha Bordon Tipo Viena en lata 300 g es un producto en conserva listo para servir y preparar en diversas recetas cotidianas. Está elaborada por la reconocida marca Bordon en formato práctico que facilita su almacenamiento y uso en panes guisos o platos rápidos.Características: Producto listo para ser,AMARKET,https://amarket.com.bo/collections/lo-nuevo/products/7899567245015,https://amarket.com.bo/cdn/shop/files/7899567245015_1200x1200.jpg?v=1787203438,2026-08-21T02:19:48.739748+00:00,59f35c31-a86c-44d9-adbe-e27e1d03b535,200,image/jpeg,1.0.0,4620e25ed3800bd20beffdbada49247bc4da7944c2eaa01d0d0668fa6473366e,4620e25ed3800bd20beffdbada49247bc4da7944c2eaa01d0d0668fa6473366e,1200,1200,RGB,UNIFORM_RGB,REDISTRIBUTION_PROHIBITED,ACCEPTED,,data\raw\amarket_full\7899567245015_4620e25ed380.jpg
534e2cc3d96076fb2047b15874c71b6bef47064a0091272c4bcb76441be9fb61,8901023025082,Aromatizante Ambiental Aer Power Brisa Marina X 10G,Descripción:El Aromatizante Ambiental Aer Power Brisa Marina 10 g es un ambientador diseñado para perfumar espacios interiores con una fragancia fresca inspirada en la brisa marina. Su formato compacto permite colocarlo fácilmente en diferentes ambientes como habitaciones baños u oficinas ayudando a mantener un entorno,AMARKET,https://amarket.com.bo/collections/lo-nuevo/products/8901023025082,https://amarket.com.bo/cdn/shop/files/8901023025082_1200x1200.jpg?v=1773898462,2026-08-21T02:21:53.935496+00:00,59f35c31-a86c-44d9-adbe-e27e1d03b535,200,image/jpeg,1.0.0,20a3a66db9f2028176506c9c4821874195de539dc4c005c2aebf52c06bc7e385,20a3a66db9f2028176506c9c4821874195de539dc4c005c2aebf52c06bc7e385,1200,1200,RGB,UNIFORM_RGB,REDISTRIBUTION_PROHIBITED,ACCEPTED,,data\raw\amarket_full\8901023025082_20a3a66db9f2.jpg
5371abef52f3cb6e8828550e36cd94731eacf9aa3dd4c432fe7c24866c77ca66,041554096064,Mascara Pestañas Maybelline Colossal Bubble Nro.801 X 10Ml,DescripciónLa Máscara de Pestañas Maybelline Colossal Bubble Washable Very Black está diseñada para aportar volumen aireado definición y separación elegante en cada aplicación. Su fórmula modulable permite construir capas sin grumos ni sensación pesada logrando pestañas más voluminosas y definidas durante todo el día.B,AMARKET,https://amarket.com.bo/collections/lo-nuevo/products/041554096064,https://amarket.com.bo/cdn/shop/files/041554096064_1200x1200.jpg?v=1787204938,2026-08-21T01:45:57.431414+00:00,59f35c31-a86c-44d9-adbe-e27e1d03b535,200,image/jpeg,1.0.0,f028136c0bb4eb60fc2c68a488efe17134d2703a2ae522264536c64927dcf61c,f028136c0bb4eb60fc2c68a488efe17134d2703a2ae522264536c64927dcf61c,1200,1200,RGB,UNIFORM_RGB,REDISTRIBUTION_PROHIBITED,ACCEPTED,,data\raw\amarket_full\041554096064_f028136c0bb4.jpg
545b00f9c7863d3683889ece5e117710bf7cad2a9b3992c74585e581e92eb5d3,7770109740161,Pimienta Negra Condimento Bolivia En Polvo X 60G,Descripción:La Pimienta Negra en Polvo Condimentos Bolivia 60 g es una especia obtenida de granos de pimienta negra finamente molidos utilizada para aportar aroma y sabor intenso a diferentes preparaciones culinarias. Puede incorporarse en carnes sopas salsas y diversos platos para realzar su sabor. Presentación de 60,AMARKET,https://amarket.com.bo/collections/lo-nuevo/products/7770109740161,https://amarket.com.bo/cdn/shop/files/7770109740161_1200x1200.jpg?v=1787203493,2026-08-21T01:59:09.732500+00:00,59f35c31-a86c-44d9-adbe-e27e1d03b535,200,image/jpeg,1.0.0,5a3474eb3ad9587af861141ad8668de57716fd4fc638369c0d9e130a89b83f15,5a3474eb3ad9587af861141ad8668de57716fd4fc638369c0d9e130a89b83f15,1200,1200,RGB,UNIFORM_RGB,REDISTRIBUTION_PROHIBITED,ACCEPTED,,data\raw\amarket_full\7770109740161_5a3474eb3ad9.jpg
54989765530f4a10ffdb2965a79d750eeebf688fa87443feb35e1bf15ed4e20b,850071452006,Arena Sanitaria Para Gatos Powerkatz X 4Kg,DescripciónArena sanitaria para gatos hecha con bentonida. Con su fórmula Americana y tecnología Power Clean alta capacidad de absorción y control de olores. Ayuda a mantener el arenero limpio y seco por más tiempo brindando mayor higiene y comodidad para tu mascota gracias. Fácil de usar y práctica para el cuidado dia,AMARKET,https://amarket.com.bo/collections/lo-nuevo/products/850071452006,https://amarket.com.bo/cdn/shop/files/850071452006_1200x1200.jpg?v=1780120665,2026-08-21T02:21:20.887849+00:00,59f35c31-a86c-44d9-adbe-e27e1d03b535,200,image/jpeg,1.0.0,65070099e03b34fbfc8ceb279eaa684e74af98dd8982500cdce44576693d1a7d,65070099e03b34fbfc8ceb279eaa684e74af98dd8982500cdce44576693d1a7d,1200,1200,RGB,UNIFORM_RGB,REDISTRIBUTION_PROHIBITED,ACCEPTED,,data\raw\amarket_full\850071452006_65070099e03b.jpg
54992e1217901c59b5a08a22b84d3b59fdcef2f6e5df659f6f8be5db9accb026,4059729522061,Lipgloss Essence So Cherry Happy Peptide Tono 02 X 10Ml,Descripción:El Brillo Labial con Péptidos Essence Cosmetics combina maquillaje y cuidado para brindar unos labios visiblemente más suaves hidratados y con un acabado ultra brillante. Su fórmula con péptidos hidratantes y agentes emolientes ayuda a mejorar la apariencia de los labios proporcionando un efecto visual de m,AMARKET,https://amarket.com.bo/collections/lo-nuevo/products/4059729522061,https://amarket.com.bo/cdn/shop/files/4059729522061_1200x1200.jpg?v=1787205472,2026-08-21T01:51:21.644048+00:00,59f35c31-a86c-44d9-adbe-e27e1d03b535,200,image/jpeg,1.0.0,bb0ae0c614e33b326751f88e019063ab49f4829ee8dd7a1e9408e520a1677a72,bb0ae0c614e33b326751f88e019063ab49f4829ee8dd7a1e9408e520a1677a72,1200,1200,RGB,UNIFORM_RGB,REDISTRIBUTION_PROHIBITED,ACCEPTED,,data\raw\amarket_full\4059729522061_bb0ae0c614e3.jpg
54ef5b433d2c7659ee24af64ad69a57f5bad8560b5201820d9ce0223707b1fff,7509552982688,Brillo Labial Vogue Boombastic Tono Atómica X 6.8Ml,Descripción:El Brillo Labial Vogue Boombastic proporciona un efecto de volumen instantáneo con un acabado ultra brillante que realza la apariencia natural de los labios. Su fórmula genera una sensación de calor al aplicarse ofreciendo un efecto voluminizador visible y una textura cómoda para lucir unos labios con mayor,AMARKET,https://amarket.com.bo/collections/lo-nuevo/products/7509552982688,https://amarket.com.bo/cdn/shop/files/7509552982688_1200x1200.jpg?v=1787206050,2026-08-21T01:54:44.722401+00:00,59f35c31-a86c-44d9-adbe-e27e1d03b535,200,image/jpeg,1.0.0,637cdf8c8001f1b2a6375c5e04984eaca7aa60e83e91747569548e7f75b78298,637cdf8c8001f1b2a6375c5e04984eaca7aa60e83e91747569548e7f75b78298,1200,1200,RGB,UNIFORM_RGB,REDISTRIBUTION_PROHIBITED,ACCEPTED,,data\raw\amarket_full\7509552982688_637cdf8c8001.jpg
5548d8811808679af808babc0f6f27e3f4a0e86527538175d10e9328b4b2ed8b,309973978010,Delineador Para Ojos Revlon Colorstay Tono 201 Black Noir,DescripciónEl Delineador para Ojos Revlon ColorStay Tono 201 Black Noir es un lápiz delineador diseñado para lograr líneas definidas con color negro intenso y acabado duradero. Su fórmula se desliza suavemente sobre la piel permitiendo crear desde trazos precisos hasta estilos más difuminados con facilidad. Ofrece una,AMARKET,https://amarket.com.bo/collections/lo-nuevo/products/309973978010,https://amarket.com.bo/cdn/shop/files/309973978010_1200x1200.jpg?v=1787204226,2026-08-21T01:49:41.082948+00:00,59f35c31-a86c-44d9-adbe-e27e1d03b535,200,image/jpeg,1.0.0,ba86916b3fc6c37ace03cf2ccf1b7fac62d9184eda4c73b838d3f277cf7d2c77,ba86916b3fc6c37ace03cf2ccf1b7fac62d9184eda4c73b838d3f277cf7d2c77,1200,1200,RGB,UNIFORM_RGB,REDISTRIBUTION_PROHIBITED,ACCEPTED,,data\raw\amarket_full\309973978010_ba86916b3fc6.jpg
55c3f50713ff343219032dbb60002420a29cc5a80cb741ea9b45aed839fe09b8,7896451907189,Pastillas Docile Minty Rolly Frutilla X 29G,Pastillas Docile Minty Rolly Frutilla X 29G,AMARKET,https://amarket.com.bo/collections/lo-nuevo/products/7896451907189,https://amarket.com.bo/cdn/shop/files/7896451907189_1200x1200.jpg?v=1781071351,2026-08-21T02:16:32.795010+00:00,59f35c31-a86c-44d9-adbe-e27e1d03b535,200,image/jpeg,1.0.0,13918b00ebe5dbc3d515f64ba9072e57fff516624e930dddc494f9be8393a765,13918b00ebe5dbc3d515f64ba9072e57fff516624e930dddc494f9be8393a765,1200,1200,RGB,UNIFORM_RGB,REDISTRIBUTION_PROHIBITED,ACCEPTED,,data\raw\amarket_full\7896451907189_13918b00ebe5.jpg
5664f4409afc5ea139876a47864e7a937ebdaa643c44c21436d7369336c67556,7772115002769,Pack Johnnie Walker Etiqueta Negra 1L + Vaso,"Conforme a la Ley N.° 259, la venta de bebidas alcohólicas está restringida entre las 03:00 am y las 09:00 am. Los pedidos realizados durante ese horario se despacharán a partir de las 09:00 amDescripción:El Pack Johnnie Walker Etiqueta Negra 1 L + Vaso incluye una botella de whisky Johnnie Walker Black Label de 1 litr",AMARKET,https://amarket.com.bo/collections/lo-nuevo/products/7772115002769,https://amarket.com.bo/cdn/shop/files/7772115002769_1200x1200.jpg?v=1787203718,2026-08-21T02:02:21.955596+00:00,59f35c31-a86c-44d9-adbe-e27e1d03b535,200,image/jpeg,1.0.0,09d3c334beff7a712129c7d9b02403c4e3cb1460bcdbaa30e3698dab5bc1d371,09d3c334beff7a712129c7d9b02403c4e3cb1460bcdbaa30e3698dab5bc1d371,1200,1200,RGB,UNIFORM_RGB,REDISTRIBUTION_PROHIBITED,ACCEPTED,,data\raw\amarket_full\7772115002769_09d3c334beff.jpg
5676f851a1e7b3707d2b983351274d274f1c2a94f20d575fe21c7307c58243b3,041554098167,Labial Maybelline Mb Teddy Tint Nro.110 Faux Freckle,Descripción:El Tinte Labial Super Stay Teddy Tint de Maybelline está diseñado para brindar un color suave modulable y de larga duración con un acabado mate aterciopelado de efecto difuminado. Su innovadora tecnología Teddy Fluff proporciona una sensación ultraligera y cómoda ideal para acompañarte durante todo el día s,AMARKET,https://amarket.com.bo/collections/lo-nuevo/products/041554098167,https://amarket.com.bo/cdn/shop/files/041554098167_1200x1200.jpg?v=1781330258,2026-08-21T01:46:14.631508+00:00,59f35c31-a86c-44d9-adbe-e27e1d03b535,200,image/jpeg,1.0.0,e0b688f1612e58dd68ba85b222bd3ccd62a75a1bea8ee5251fb77c09bd105ea8,e0b688f1612e58dd68ba85b222bd3ccd62a75a1bea8ee5251fb77c09bd105ea8,1200,1200,RGB,UNIFORM_RGB,REDISTRIBUTION_PROHIBITED,ACCEPTED,,data\raw\amarket_full\041554098167_e0b688f1612e.jpg
56b3dd6b75500d4f1cd40b85e3079b07715d81460e3aa1504c9e75aa3ea795a4,041554096231,Mascara Pestañas Maybelline Colossal Bubble Nro.871 X 8.75Ml,DescripciónLa Máscara de Pestañas Maybelline Colossal Bubble Washable Very Black está diseñada para aportar volumen aireado definición y separación elegante en cada aplicación. Su fórmula modulable permite construir capas sin grumos ni sensación pesada logrando pestañas más voluminosas y definidas durante todo el día.B,AMARKET,https://amarket.com.bo/collections/lo-nuevo/products/041554096231,https://amarket.com.bo/cdn/shop/files/041554096231_1200x1200.jpg?v=1787204940,2026-08-21T01:46:00.813759+00:00,59f35c31-a86c-44d9-adbe-e27e1d03b535,200,image/jpeg,1.0.0,b719fd050314680712dcfc37d1be65d9f00e7f676cd1240229f1ecc3c84bada0,b719fd050314680712dcfc37d1be65d9f00e7f676cd1240229f1ecc3c84bada0,1200,1200,RGB,UNIFORM_RGB,REDISTRIBUTION_PROHIBITED,ACCEPTED,,data\raw\amarket_full\041554096231_b719fd050314.jpg
56f2e61692925b5511188067fe893547ea127d8d0d2af560fad1bc765fb588c5,7771501000501,Ron Añejo Kayana Oro 5 Años X 1L,"Conforme a la Ley N.° 259, la venta de bebidas alcohólicas está restringida entre las 03:00 am y las 09:00 am. Los pedidos realizados durante ese horario se despacharán a partir de las 09:00 amDescripción:El Licor de Ron Kayana 1 L es una bebida alcohólica ideal para disfrutar sola o como base en una amplia variedad de",AMARKET,https://amarket.com.bo/collections/lo-nuevo/products/7771501000501,https://amarket.com.bo/cdn/shop/files/7771501000501_1200x1200.jpg?v=1782799678,2026-08-21T02:01:36.149810+00:00,59f35c31-a86c-44d9-adbe-e27e1d03b535,200,image/jpeg,1.0.0,1b21fe1bddccff2a9fbf6d3476f9768d311c145a5b0df028c107e52fdabce1b5,1b21fe1bddccff2a9fbf6d3476f9768d311c145a5b0df028c107e52fdabce1b5,1200,1200,RGB,UNIFORM_RGB,REDISTRIBUTION_PROHIBITED,ACCEPTED,,data\raw\amarket_full\7771501000501_1b21fe1bddcc.jpg
571ca75363280a6dbfee6e838d8350df2ed61e4b23223110dd2b423d44a03c10,8901030971921,Loción Vaseline Cocoa Glow X 600Ml,Descripción:Las lociones corporales de Vaseline están diseñadas para proporcionar hidratación diaria ayudando a reparar calmar y proteger la piel seca o deshidratada. Su fórmula de rápida absorción ayuda a sellar la humedad natural de la piel brindando una sensación de suavidad y confort sin dejar residuos grasos.Benef,AMARKET,https://amarket.com.bo/collections/lo-nuevo/products/8901030971921,https://amarket.com.bo/cdn/shop/files/8901030971921_1200x1200.jpg?v=1787205213,2026-08-21T02:22:13.137106+00:00,59f35c31-a86c-44d9-adbe-e27e1d03b535,200,image/jpeg,1.0.0,bca3327e471583b335806075b3f8c20f457c888ef5acf7c6ad07d41797d5d5cf,bca3327e471583b335806075b3f8c20f457c888ef5acf7c6ad07d41797d5d5cf,1200,1200,RGB,UNIFORM_RGB,REDISTRIBUTION_PROHIBITED,ACCEPTED,,data\raw\amarket_full\8901030971921_bca3327e4715.jpg
57510a55fb31743bf3169f99f4d11a9a9b4c67451fb767b145bd4bd38199107e,7773435930411,Pan Molde Con Avena Samuel X 300G,DescripciónEl Pan Molde con Avena Samuel es un pan suave elaborado con avena ideal para preparar sándwiches y tostadas dentro de tu alimentación diaria. Su textura esponjosa y sabor equilibrado lo hacen práctico para desayunos y meriendas. Presentación de 300 g.,AMARKET,https://amarket.com.bo/collections/lo-nuevo/products/7773435930411,https://amarket.com.bo/cdn/shop/files/7773435930411_1200x1200.jpg?v=1787203272,2026-08-21T02:04:51.148988+00:00,59f35c31-a86c-44d9-adbe-e27e1d03b535,200,image/jpeg,1.0.0,3b14208453f936572beca501a193c07d56be96d0564f8af433e6238cdc32b293,3b14208453f936572beca501a193c07d56be96d0564f8af433e6238cdc32b293,1200,1200,RGB,UNIFORM_RGB,REDISTRIBUTION_PROHIBITED,ACCEPTED,,data\raw\amarket_full\7773435930411_3b14208453f9.jpg
58767935154950b9c8bb6d1ef0b5df1dadeb2b5adbc777ebceabd052335dfba4,041554094121,Corrector Maybelline Instant Age Rewind Eraser Nro.151,Descripción:El Corrector Instant Age Rewind de Maybelline es un corrector de color y tratamiento que ayuda a neutralizar visiblemente el enrojecimiento la decoloración y otras imperfecciones del tono de la piel en pocos minutos. Su fórmula ligera y de larga duración se combina con la icónica esponja Micro-Correctora pa,AMARKET,https://amarket.com.bo/collections/lo-nuevo/products/041554094121,https://amarket.com.bo/cdn/shop/files/041554094121_1200x1200.jpg?v=1781330257,2026-08-21T01:45:50.595620+00:00,59f35c31-a86c-44d9-adbe-e27e1d03b535,200,image/jpeg,1.0.0,8bf91868cb4bb51676058cfe4a097fa000a91ed1f9483252206e684fc1f02656,8bf91868cb4bb51676058cfe4a097fa000a91ed1f9483252206e684fc1f02656,1200,1200,RGB,UNIFORM_RGB,REDISTRIBUTION_PROHIBITED,ACCEPTED,,data\raw\amarket_full\041554094121_8bf91868cb4b.jpg
596a9e6b411b740339fb03359a8e93c1ff7ba13258db2fcfd18efcd0fd6520fb,7509552992144,Crema Para Peinar Elvive Collagen Lifter X 300Ml,Descripción:El Tratamiento Leave-In Elvive Colágeno Lifter Engrosador de L'Oréal Paris está formulado para cabellos finos delgados y sin volumen. Su tecnología inspirada en el colágeno ayuda a proporcionar una apariencia de mayor grosor y densidad en la fibra capilar aportando cuerpo y volumen sin dejar el cabello pesa,AMARKET,https://amarket.com.bo/collections/lo-nuevo/products/7509552992144,https://amarket.com.bo/cdn/shop/files/7509552992144_1200x1200.jpg?v=1783546311,2026-08-21T01:55:18.828535+00:00,59f35c31-a86c-44d9-adbe-e27e1d03b535,200,image/jpeg,1.0.0,171f4552b6e25933b6bd4b1820e47049405abea474d1ad96e0aaccc6ed66fc92,171f4552b6e25933b6bd4b1820e47049405abea474d1ad96e0aaccc6ed66fc92,1200,1200,RGB,UNIFORM_RGB,REDISTRIBUTION_PROHIBITED,ACCEPTED,,data\raw\amarket_full\7509552992144_171f4552b6e2.jpg
5a756edb408aaf5471c54b130bfcf02a8fb4024a12e79938ce78a3569bad488e,7891150102965,Shampoo Dove Reconstrucción+Aminoacido X 190Ml,Shampoo Dove Reconstrucción+Aminoacido X 190Ml,AMARKET,https://amarket.com.bo/collections/lo-nuevo/products/7891150102965,https://amarket.com.bo/cdn/shop/files/7891150102965_1200x1200.jpg?v=1787204846,2026-08-21T02:12:18.281294+00:00,59f35c31-a86c-44d9-adbe-e27e1d03b535,200,image/jpeg,1.0.0,4d4261cc9efda4e6fc332ac2ad289cf226ee826db082dacd3db193009ec0c969,4d4261cc9efda4e6fc332ac2ad289cf226ee826db082dacd3db193009ec0c969,1200,1200,RGB,UNIFORM_RGB,REDISTRIBUTION_PROHIBITED,ACCEPTED,,data\raw\amarket_full\7891150102965_4d4261cc9efd.jpg
5ac39c91b5aedcdfbb15b9d5bd3b8c15236e72033ce1d8bb9f258ae72cb4929e,7896451927927,Gomitas Docile Gelatines Unicornio X 80G,Gomitas Docile Gelatines Unicornio X 80G,AMARKET,https://amarket.com.bo/collections/lo-nuevo/products/7896451927927,https://amarket.com.bo/cdn/shop/files/7896451927927_1200x1200.jpg?v=1781071357,2026-08-21T02:17:55.022984+00:00,59f35c31-a86c-44d9-adbe-e27e1d03b535,200,image/jpeg,1.0.0,28304755a114d93dc688bfc0067fe6c052f5129531893878f128d16e1361af15,28304755a114d93dc688bfc0067fe6c052f5129531893878f128d16e1361af15,1200,1200,RGB,UNIFORM_RGB,REDISTRIBUTION_PROHIBITED,ACCEPTED,,data\raw\amarket_full\7896451927927_28304755a114.jpg
5b02045f9148070a154c933daef6f27b1b9ed9589b68e07c6ca590ad302591d6,7771259758051,Bebida Tradicional Pura Vida Mocochinchi Botella X 2L,Bebida Tradicional Pura Vida Mocochinchi Botella X 2L,AMARKET,https://amarket.com.bo/collections/lo-nuevo/products/7771259758051,https://amarket.com.bo/cdn/shop/files/7771259758051_1200x1200.jpg?v=1781330247,2026-08-21T02:00:52.169455+00:00,59f35c31-a86c-44d9-adbe-e27e1d03b535,200,image/jpeg,1.0.0,1e3cbd27fdd047ab8de1eb1ec111dc23966e223f339d89fff8fea8442bcc81b8,1e3cbd27fdd047ab8de1eb1ec111dc23966e223f339d89fff8fea8442bcc81b8,1200,1200,RGB,UNIFORM_RGB,REDISTRIBUTION_PROHIBITED,ACCEPTED,,data\raw\amarket_full\7771259758051_1e3cbd27fdd0.jpg
5b118b8dd36085a352ae7e8ca6a1676c42f4ce9cfa0ed41adc0cdbe6b1054fee,7509552961799,Sombra Líquida De Ojos Resist Coco Vibrante X 5Ml,Descripción:La Sombra Líquida Vogue Resist 12H es un maquillaje para ojos de larga duración que ofrece un acabado metálico intenso y brillante. Su fórmula de secado rápido proporciona una alta pigmentación y una apariencia luminosa desde la primera aplicación ayudando a crear looks impactantes para cualquier ocasión. S,AMARKET,https://amarket.com.bo/collections/lo-nuevo/products/7509552961799,https://amarket.com.bo/cdn/shop/files/7509552961799_1200x1200.jpg?v=1782454291,2026-08-21T01:54:12.354181+00:00,59f35c31-a86c-44d9-adbe-e27e1d03b535,200,image/jpeg,1.0.0,341a429942ed525c78ec335b4b28bffadb43dea59e7d4f1e79c750c72cd9b62c,341a429942ed525c78ec335b4b28bffadb43dea59e7d4f1e79c750c72cd9b62c,1200,1200,RGB,UNIFORM_RGB,REDISTRIBUTION_PROHIBITED,ACCEPTED,,data\raw\amarket_full\7509552961799_341a429942ed.jpg
5c495765e83ef15d228f67c18dcb72e28f21cbb0146a7980303720e8f492b066,7773400002617,Galletas Dulces La Francesa Cookie Zatt X 500G,Galletas Dulces La Francesa Cookie Zatt X 500G,AMARKET,https://amarket.com.bo/collections/lo-nuevo/products/7773400002617,https://amarket.com.bo/cdn/shop/files/7773400002617_1200x1200.jpg?v=1787205816,2026-08-21T02:03:21.965309+00:00,59f35c31-a86c-44d9-adbe-e27e1d03b535,200,image/jpeg,1.0.0,3e8c4297830cf03d85a3cee1ddff66c27b2ca3f539435431e9c7abeb02200a25,3e8c4297830cf03d85a3cee1ddff66c27b2ca3f539435431e9c7abeb02200a25,1200,1200,RGB,UNIFORM_RGB,REDISTRIBUTION_PROHIBITED,ACCEPTED,,data\raw\amarket_full\7773400002617_3e8c4297830c.jpg
5ce4f026ab749ef2486a76fc2736f5bdd237127fc2146923ee4451ce3ad3e3d2,7896902323486,Set Protector Solar Sunless Fps60 Con Base/Sin Color + Balsamo Labial,DescripciónEl Set Protector Solar Sunless Antimanchas FPS 60 con Base Y Sin Color + Bálsamo Labial Dr. Selby combina protección solar facial y cuidado de los labios en un práctico set para la rutina diaria. El protector solar ayuda a proteger la piel frente a la exposición solar y ofrece opciones con base y sin color m,AMARKET,https://amarket.com.bo/collections/lo-nuevo/products/7896902323486,https://amarket.com.bo/cdn/shop/files/7896902323486_1200x1200.jpg?v=1787206273,2026-08-21T02:18:43.549741+00:00,59f35c31-a86c-44d9-adbe-e27e1d03b535,200,image/jpeg,1.0.0,212d31b5a47abf16548a1cf40c99dcb85a740f65a04da48cb7db23c166383c67,212d31b5a47abf16548a1cf40c99dcb85a740f65a04da48cb7db23c166383c67,1200,1200,RGB,UNIFORM_RGB,REDISTRIBUTION_PROHIBITED,ACCEPTED,,data\raw\amarket_full\7896902323486_212d31b5a47a.jpg
5d51ab9ed8bb53d9c4a45d9d3f0c3585f1ebd2da6e040fd7d0f7525b9fb34f5e,7798178800715,Malvaviscos Buffys Twister Sabor Fresa Bolsa X 450G,Malvaviscos Buffys Twister Sabor Fresa Bolsa X 450G,AMARKET,https://amarket.com.bo/collections/lo-nuevo/products/7798178800715,https://amarket.com.bo/cdn/shop/files/7798178800715_1200x1200.jpg?v=1787205901,2026-08-21T02:09:44.927184+00:00,59f35c31-a86c-44d9-adbe-e27e1d03b535,200,image/jpeg,1.0.0,f08bf0ff87c56a7e0ec5b67c0282f9f4d3f6e1e5c9d2b46f6a91200034705a67,f08bf0ff87c56a7e0ec5b67c0282f9f4d3f6e1e5c9d2b46f6a91200034705a67,1200,1200,RGB,UNIFORM_RGB,REDISTRIBUTION_PROHIBITED,ACCEPTED,,data\raw\amarket_full\7798178800715_f08bf0ff87c5.jpg
5d5370335d2865c6408113ad97c6c9332fd2e2b38da21ccfe88a7d8c714df42f,9001063,Bolsa De Basura Plásticos Carmen Negra 78X96 75L X 10 Unidades,Bolsa De Basura Plásticos Carmen Negra 78X96 75L X 10 Unidades,AMARKET,https://amarket.com.bo/collections/lo-nuevo/products/9001063,https://amarket.com.bo/cdn/shop/files/9001063_1200x1200.jpg?v=1776203995,2026-08-21T02:22:52.454818+00:00,59f35c31-a86c-44d9-adbe-e27e1d03b535,200,image/jpeg,1.0.0,c1699d7a42227fdc04b731c75ce2ff321a49733355c3b76a279af5b28ef40079,c1699d7a42227fdc04b731c75ce2ff321a49733355c3b76a279af5b28ef40079,1200,1200,RGB,UNIFORM_RGB,REDISTRIBUTION_PROHIBITED,ACCEPTED,,data\raw\amarket_full\9001063_c1699d7a4222.jpg
5d738119b25a6678fcb15b03c664f140e4c7e7088c65d6455a849359219e78fb,7774904460026,Ambientador Todo Brillo Brisa Marina X 500Ml,Ambientador Todo Brillo Brisa Marina X 500Ml,AMARKET,https://amarket.com.bo/collections/lo-nuevo/products/7774904460026,https://amarket.com.bo/cdn/shop/files/7774904460026_1200x1200.jpg?v=1781589521,2026-08-21T02:06:40.707951+00:00,59f35c31-a86c-44d9-adbe-e27e1d03b535,200,image/jpeg,1.0.0,90619af4986cfc91e834dac13cd5c24557dfd11313cc9c7fcc4275ba82ff575f,90619af4986cfc91e834dac13cd5c24557dfd11313cc9c7fcc4275ba82ff575f,1200,1200,RGB,UNIFORM_RGB,REDISTRIBUTION_PROHIBITED,ACCEPTED,,data\raw\amarket_full\7774904460026_90619af4986c.jpg
5dbbf80ac0c96f0c40441214c5f52210ea866ddf2444b3b70457993282f3a92f,309973174306,Labial Líquido Revlon Colorstay Lipstick Tono Miracle Mauve,DescripciónEl labial líquido de larga duración ofrece un color ligeramente satinado que se mantiene intacto hasta por 24 horas incluso después de comer o beber. Su fórmula está diseñada para brindar un acabado uniforme y duradero ideal para el uso diario o eventos especiales.Beneficios: Duración de hasta 24 horas. Resi,AMARKET,https://amarket.com.bo/collections/lo-nuevo/products/309973174306,https://amarket.com.bo/cdn/shop/files/309973174306_1200x1200.jpg?v=1787204564,2026-08-21T01:49:30.549599+00:00,59f35c31-a86c-44d9-adbe-e27e1d03b535,200,image/jpeg,1.0.0,e03e4a743289bcd03ad3203be92e076f9500935a05fe7664e22d4a9bd4a3ff9f,e03e4a743289bcd03ad3203be92e076f9500935a05fe7664e22d4a9bd4a3ff9f,1200,1200,RGB,UNIFORM_RGB,REDISTRIBUTION_PROHIBITED,ACCEPTED,,data\raw\amarket_full\309973174306_e03e4a743289.jpg
5e161a3e4cfe6dc4c321a5b1a5f6866fc5514c35a93626e78cd3061ca2be00b3,7896451912886,Gomitas Docile Gelatines Dientes Vampiro X 15G,Gomitas Docile Gelatines Dientes Vampiro X 15G,AMARKET,https://amarket.com.bo/collections/lo-nuevo/products/7896451912886,https://amarket.com.bo/cdn/shop/files/7896451912886_1fc21b93-ffd1-486b-a656-78c19c74d083_1200x1200.jpg?v=1787205097,2026-08-21T02:17:30.064448+00:00,59f35c31-a86c-44d9-adbe-e27e1d03b535,200,image/jpeg,1.0.0,b6a3f1b13b05c4a23d27beaf3d478f0168cad6e2ac17ef00f3dbaaeeb82452aa,b6a3f1b13b05c4a23d27beaf3d478f0168cad6e2ac17ef00f3dbaaeeb82452aa,1200,1200,RGB,UNIFORM_RGB,REDISTRIBUTION_PROHIBITED,ACCEPTED,,data\raw\amarket_full\7896451912886_b6a3f1b13b05.jpg
5e29cc1c1baf3839735c78bcceeb00dd458d449c9a9b8a04416e66ee9456383c,7896451912527,Tubitos Docile Sticks Coloridas Ácido X 15G,Tubitos Docile Sticks Coloridas Ácido X 15G,AMARKET,https://amarket.com.bo/collections/lo-nuevo/products/7896451912527,https://amarket.com.bo/cdn/shop/files/7896451912527_1200x1200.jpg?v=1787205107,2026-08-21T02:17:23.685619+00:00,59f35c31-a86c-44d9-adbe-e27e1d03b535,200,image/jpeg,1.0.0,981182dceb93dc59a1a7642e9f2bd8f658328148db7f05b560f324a77236356a,981182dceb93dc59a1a7642e9f2bd8f658328148db7f05b560f324a77236356a,1200,1200,RGB,UNIFORM_RGB,REDISTRIBUTION_PROHIBITED,ACCEPTED,,data\raw\amarket_full\7896451912527_981182dceb93.jpg
5fc1b4145ddfda881fc190c3f89eea3a82307994425cda36e8b0d9a50f128499,6941696111387,Vape Waka Creator Crystal Strawberry Grape Frost 12000 Puffs,Vape Waka Creator Crystal Strawberry Grape Frost 12000 Puffs,AMARKET,https://amarket.com.bo/collections/lo-nuevo/products/6941696111387,https://amarket.com.bo/cdn/shop/files/6941696111387_1200x1200.jpg?v=1787204871,2026-08-21T01:52:08.969720+00:00,59f35c31-a86c-44d9-adbe-e27e1d03b535,200,image/jpeg,1.0.0,498598b394c1eca900d034928c2d41215bea5d56121a6cfc0ff7deb4f28e1b3c,498598b394c1eca900d034928c2d41215bea5d56121a6cfc0ff7deb4f28e1b3c,1200,1200,RGB,UNIFORM_RGB,REDISTRIBUTION_PROHIBITED,ACCEPTED,,data\raw\amarket_full\6941696111387_498598b394c1.jpg
606f645427234db0d28196cd3b6f0cb54cd1f15c6d6b52459e38bf4e49fbf3a8,7506306256934,Desodorante Spray Axe Marshmallow Smoke X 150Ml,Desodorante Spray Axe Marshmallow Smoke X 150Ml,AMARKET,https://amarket.com.bo/collections/lo-nuevo/products/7506306256934,https://amarket.com.bo/cdn/shop/files/7506306256934_1200x1200.jpg?v=1787204840,2026-08-21T01:53:37.415389+00:00,59f35c31-a86c-44d9-adbe-e27e1d03b535,200,image/jpeg,1.0.0,0cd58b1988ede5413cdddf12d9f2930be279d3b962765ce90e480e056df83d8c,0cd58b1988ede5413cdddf12d9f2930be279d3b962765ce90e480e056df83d8c,1200,1200,RGB,UNIFORM_RGB,REDISTRIBUTION_PROHIBITED,ACCEPTED,,data\raw\amarket_full\7506306256934_0cd58b1988ed.jpg
6097d02c8c9c7249e6a16d3655604290092e6306d5695596ea5df0c21e4ca857,7773435950143,Nachos De Almendra Gogreen Sabor Neutro X 100G,Nachos saludables sin gluten.,AMARKET,https://amarket.com.bo/collections/lo-nuevo/products/7773435950143,https://amarket.com.bo/cdn/shop/files/7773435950143_1200x1200.jpg?v=1787204820,2026-08-21T02:04:54.623090+00:00,59f35c31-a86c-44d9-adbe-e27e1d03b535,200,image/jpeg,1.0.0,388bd558ea069a8b518cc5ebab5f7157f2dc93f1b7e042c04f8c72e28c7d5f44,388bd558ea069a8b518cc5ebab5f7157f2dc93f1b7e042c04f8c72e28c7d5f44,1200,1200,RGB,UNIFORM_RGB,REDISTRIBUTION_PROHIBITED,ACCEPTED,,data\raw\amarket_full\7773435950143_388bd558ea06.jpg
61266148f2e4aa834b309c91ec03f09c453881eaaf04d37cdd4ba6947448f26c,6972815396156,Kefir Miloko Con Probióticos Sabor Chocolate X 150G,DescripciónEl Miloko Kéfir con Probióticos Sabor Chocolate 150 g es una bebida láctea fermentada que combina el sabor delicioso del chocolate con los beneficios del kéfir y sus probióticos. Contiene azúcares naturales lo que aporta un dulzor ligero y agradable sin resultar empalagoso. Ideal para disfrutar en el desayun,AMARKET,https://amarket.com.bo/collections/lo-nuevo/products/6972815396156,https://amarket.com.bo/cdn/shop/files/6972815396156_1200x1200.jpg?v=1787204681,2026-08-21T01:52:41.350030+00:00,59f35c31-a86c-44d9-adbe-e27e1d03b535,200,image/jpeg,1.0.0,1d16f16b0da878dd9541fea20412cd045162a9d51b1637bc2e0d1be510bc8978,1d16f16b0da878dd9541fea20412cd045162a9d51b1637bc2e0d1be510bc8978,1200,1200,RGB,UNIFORM_RGB,REDISTRIBUTION_PROHIBITED,ACCEPTED,,data\raw\amarket_full\6972815396156_1d16f16b0da8.jpg
613a203c078113624b22f63f01a8d2cb1e03a80c45983ca5367e2514330d7a09,7899808802915,Bowl Gourmet 360 Plasutil Con Tapa Blanco X 1.4L,Bowl Gourmet 360 Plasutil Con Tapa Blanco X 1.4L,AMARKET,https://amarket.com.bo/collections/lo-nuevo/products/7899808802915,https://amarket.com.bo/cdn/shop/files/7899808802915_1200x1200.jpg?v=1775108421,2026-08-21T02:20:18.170492+00:00,59f35c31-a86c-44d9-adbe-e27e1d03b535,200,image/jpeg,1.0.0,1f71a945f722133a0190c01e9598148c14231e75c1d21f8aa69df135952cc8e7,1f71a945f722133a0190c01e9598148c14231e75c1d21f8aa69df135952cc8e7,1200,1200,RGB,UNIFORM_RGB,REDISTRIBUTION_PROHIBITED,ACCEPTED,,data\raw\amarket_full\7899808802915_1f71a945f722.jpg
61c9b3931ded65794ca551d23ef53564594bc4fc0797af792f33596a2acaa880,8901030971877,Loción Vaseline Deep Moisture X 600Ml,Descripción:La Loción Corporal Vaseline es un humectante de uso diario formulado para hidratar reparar y proteger la piel seca o deshidratada. Su tecnología con microgotas de Vaseline Jelly® ayuda a retener la humedad natural de la piel proporcionando una hidratación profunda y duradera sin dejar sensación grasosa. Su,AMARKET,https://amarket.com.bo/collections/lo-nuevo/products/8901030971877,https://amarket.com.bo/cdn/shop/files/8901030971877_1200x1200.jpg?v=1787205210,2026-08-21T02:22:10.040552+00:00,59f35c31-a86c-44d9-adbe-e27e1d03b535,200,image/jpeg,1.0.0,d230602ad4aeb31d8ede3a4430313a4dffb776f040f95a03eb60491d8485a4d3,d230602ad4aeb31d8ede3a4430313a4dffb776f040f95a03eb60491d8485a4d3,1200,1200,RGB,UNIFORM_RGB,REDISTRIBUTION_PROHIBITED,ACCEPTED,,data\raw\amarket_full\8901030971877_d230602ad4ae.jpg
6201c540c7101ec0ab9bdc1eebfbe87e4016bf2927a3a18831416bec7b27721d,7503037746246,Refresco En Polvo Zuko Sabor Naranja X 13G,Mezcla en polvo para preparar bebida instantánea sabor a naranja.,AMARKET,https://amarket.com.bo/collections/lo-nuevo/products/7503037746246,https://amarket.com.bo/cdn/shop/files/7503037746246_1200x1200.jpg?v=1787204832,2026-08-21T01:53:10.100163+00:00,59f35c31-a86c-44d9-adbe-e27e1d03b535,200,image/jpeg,1.0.0,944b86bbe600e33029a7ea9398e5f62b889ff784cd7219bbffa2f82965fc53c6,944b86bbe600e33029a7ea9398e5f62b889ff784cd7219bbffa2f82965fc53c6,1200,1200,RGB,UNIFORM_RGB,REDISTRIBUTION_PROHIBITED,ACCEPTED,,data\raw\amarket_full\7503037746246_944b86bbe600.jpg
62271fcdd3d7eb4bbb5f2e1f1b370fd9a95f906a5b936fa1d633f8d254743555,7896451912404,Gomitas Docile Gelatines Sandia Ácida X 80G,Gomitas Docile Gelatines Sandia Ácida X 80G,AMARKET,https://amarket.com.bo/collections/lo-nuevo/products/7896451912404,https://amarket.com.bo/cdn/shop/files/7896451912404_1200x1200.jpg?v=1787205104,2026-08-21T02:17:05.129816+00:00,59f35c31-a86c-44d9-adbe-e27e1d03b535,200,image/jpeg,1.0.0,52241c85406b670cee53a88bfac89d8c63cd283ce5002a5c94364b2a0dce74e9,52241c85406b670cee53a88bfac89d8c63cd283ce5002a5c94364b2a0dce74e9,1200,1200,RGB,UNIFORM_RGB,REDISTRIBUTION_PROHIBITED,ACCEPTED,,data\raw\amarket_full\7896451912404_52241c85406b.jpg
623c299a1f64765620d4bede878299dc0263836b0a4c1c62297ab801077c1d13,7509552957228,Labial Líquido Vogue Resist Fugaz X 3Ml,Descripción:El Labial Líquido Vogue Resist está diseñado para ofrecer un color intenso acabado mate y una duración excepcional durante todo el día. Su fórmula indeleble e impermeable proporciona una cobertura uniforme desde la primera aplicación manteniéndose intacta frente al agua el roce los besos y las comidas. Grac,AMARKET,https://amarket.com.bo/collections/lo-nuevo/products/7509552957228,https://amarket.com.bo/cdn/shop/files/7509552957228_1200x1200.jpg?v=1781330259,2026-08-21T01:53:58.099991+00:00,59f35c31-a86c-44d9-adbe-e27e1d03b535,200,image/jpeg,1.0.0,57678befae669d21519f35bcc73f8a952515f74bad381209cbb22a95a2c744f5,57678befae669d21519f35bcc73f8a952515f74bad381209cbb22a95a2c744f5,1200,1200,RGB,UNIFORM_RGB,REDISTRIBUTION_PROHIBITED,ACCEPTED,,data\raw\amarket_full\7509552957228_57678befae66.jpg
62407b27a23f5c58ca1dbe92bbf1cbac905898b464a5cc6146b433d46a134688,7798178800654,Malvaviscos Buffys Sabor Frutal Bolsa X 200G,Malvaviscos Buffys Sabor Frutal Bolsa X 200G,AMARKET,https://amarket.com.bo/collections/lo-nuevo/products/7798178800654,https://amarket.com.bo/cdn/shop/files/7798178800654_1200x1200.jpg?v=1783404799,2026-08-21T02:09:37.835391+00:00,59f35c31-a86c-44d9-adbe-e27e1d03b535,200,image/jpeg,1.0.0,91379010765786a732754d6bdecf43dc8320be1c1663cac0c22deb6f0225cf71,91379010765786a732754d6bdecf43dc8320be1c1663cac0c22deb6f0225cf71,1200,1200,RGB,UNIFORM_RGB,REDISTRIBUTION_PROHIBITED,ACCEPTED,,data\raw\amarket_full\7798178800654_913790107657.jpg
6241953cf2efbac13a9c85e2db49156d1cb8132a82a78baea4c2884749b7739c,7896058516302,Gomitas Gomets Sabor Frutas Tubo X 96G,Gomitas Gomets Sabor Frutas Tubo X 96G,AMARKET,https://amarket.com.bo/collections/lo-nuevo/products/7896058516302,https://amarket.com.bo/cdn/shop/files/7896058516302_1200x1200.jpg?v=1787205794,2026-08-21T02:14:26.978882+00:00,59f35c31-a86c-44d9-adbe-e27e1d03b535,200,image/jpeg,1.0.0,ac83ef6e894011f30c06fe84acbc8b5a113b962f39223d76e1da992386be820d,ac83ef6e894011f30c06fe84acbc8b5a113b962f39223d76e1da992386be820d,1200,1200,RGB,UNIFORM_RGB,REDISTRIBUTION_PROHIBITED,ACCEPTED,,data\raw\amarket_full\7896058516302_ac83ef6e8940.jpg
628f4adc3d1ca621584752f8eb59323a111800594551f4d234997981b44788ac,7896451906342,Pastillas Docile Minty Rolly Menta X 29G,Pastillas Docile Minty Rolly Menta X 29G,AMARKET,https://amarket.com.bo/collections/lo-nuevo/products/7896451906342,https://amarket.com.bo/cdn/shop/files/7896451906342_1200x1200.jpg?v=1787205097,2026-08-21T02:16:26.618880+00:00,59f35c31-a86c-44d9-adbe-e27e1d03b535,200,image/jpeg,1.0.0,39917093a210dd64798a5ec2e59400cdd751ec1d77c2ede3755562579ab25c32,39917093a210dd64798a5ec2e59400cdd751ec1d77c2ede3755562579ab25c32,1200,1200,RGB,UNIFORM_RGB,REDISTRIBUTION_PROHIBITED,ACCEPTED,,data\raw\amarket_full\7896451906342_39917093a210.jpg
62964bb8a83e0344cb4cb817a7f9779dda306694793d4d5f1f647deb7c84c2f1,7896451901385,Pastillas Docile Minty Cereza X 17G,Pastillas Docile Minty Cereza X 17G,AMARKET,https://amarket.com.bo/collections/lo-nuevo/products/7896451901385,https://amarket.com.bo/cdn/shop/files/7896451901385_1200x1200.jpg?v=1787205100,2026-08-21T02:16:19.623103+00:00,59f35c31-a86c-44d9-adbe-e27e1d03b535,200,image/jpeg,1.0.0,50aebdff786d2226c2d70a24e0d2423b0c562222e710c77d3b41ef5030e9723f,50aebdff786d2226c2d70a24e0d2423b0c562222e710c77d3b41ef5030e9723f,1200,1200,RGB,UNIFORM_RGB,REDISTRIBUTION_PROHIBITED,ACCEPTED,,data\raw\amarket_full\7896451901385_50aebdff786d.jpg
62d218bb02dbd211be6f58c487eb887ce21550fcb57c2b1006b8dc3fe353ec62,7770109841363,Galleta Wafer Tita Rellena Chocolate Coco X 110G,Galleta Wafer Tita Rellena Chocolate Coco X 110G,AMARKET,https://amarket.com.bo/collections/lo-nuevo/products/7770109841363,https://amarket.com.bo/cdn/shop/files/7770109841363_1200x1200.jpg?v=1781245771,2026-08-21T01:59:26.847353+00:00,59f35c31-a86c-44d9-adbe-e27e1d03b535,200,image/jpeg,1.0.0,af32881bc465b3e594cedadc1fe342db565c08e3d05b899f60de7889778cb663,af32881bc465b3e594cedadc1fe342db565c08e3d05b899f60de7889778cb663,1200,1200,RGB,UNIFORM_RGB,REDISTRIBUTION_PROHIBITED,ACCEPTED,,data\raw\amarket_full\7770109841363_af32881bc465.jpg
632ed8af215bd6d2bca6160b8f4e6361769d4b0d43184e07a12b8dd38292721d,7770108600169,Azúcar Refinado Aguai X 5.5 Kg,Azúcar Refinado Aguai X 5.5 Kg,AMARKET,https://amarket.com.bo/collections/lo-nuevo/products/7770108600169,https://amarket.com.bo/cdn/shop/files/7770108600169_1200x1200.jpg?v=1778219732,2026-08-21T01:58:01.610534+00:00,59f35c31-a86c-44d9-adbe-e27e1d03b535,200,image/jpeg,1.0.0,f7579242734a69f196307f931d9a5d141ea27f23055988e95feae54dd1929c81,f7579242734a69f196307f931d9a5d141ea27f23055988e95feae54dd1929c81,1200,1200,RGB,UNIFORM_RGB,REDISTRIBUTION_PROHIBITED,ACCEPTED,,data\raw\amarket_full\7770108600169_f7579242734a.jpg
634f58efa6d72e3f1a4af78e28c3c026e248085b89b1c7dccb0db39384a83543,6942108482101,Vape Waka Pocket Grape 6000 Puffs,Vape Waka Pocket Grape 6000 Puffs,AMARKET,https://amarket.com.bo/collections/lo-nuevo/products/6942108482101,https://amarket.com.bo/cdn/shop/files/6942108482101_1200x1200.jpg?v=1776691126,2026-08-21T01:52:29.344938+00:00,59f35c31-a86c-44d9-adbe-e27e1d03b535,200,image/jpeg,1.0.0,5bd7cbaacd7797e572cd912da989acc2266cf3da3d53572b7041a07c517f9351,5bd7cbaacd7797e572cd912da989acc2266cf3da3d53572b7041a07c517f9351,1200,1200,RGB,UNIFORM_RGB,REDISTRIBUTION_PROHIBITED,ACCEPTED,,data\raw\amarket_full\6942108482101_5bd7cbaacd77.jpg
63b4c361f548e76a31170f30ec563365ecbaf4cdcfa5ef95d7003348c928f03b,7770000850020,Dulce De Leche Chané Con Chocolate X 300G,Descripción:Dulce de leche con chocolate elaborado a base de leche descremada y cacao al 70% especialmente formulado para quienes buscan disfrutar de un sabor intenso con menos azúcar. Combina la cremosidad y el sabor tradicional del dulce de leche con las notas profundas y características del cacao ofreciendo una expe,AMARKET,https://amarket.com.bo/collections/lo-nuevo/products/7770000850020,https://amarket.com.bo/cdn/shop/files/7770000850020_d4cfd80b-f9d2-42b9-8a73-8df670b9bfde_1200x1200.jpg?v=1787205167,2026-08-21T01:57:16.070520+00:00,59f35c31-a86c-44d9-adbe-e27e1d03b535,200,image/jpeg,1.0.0,08b2103af76824aa9de5bf97397574cf289ed647b9ce510787420e402f13e990,08b2103af76824aa9de5bf97397574cf289ed647b9ce510787420e402f13e990,1200,1200,RGB,UNIFORM_RGB,REDISTRIBUTION_PROHIBITED,ACCEPTED,,data\raw\amarket_full\7770000850020_08b2103af768.jpg
643791e88e16a7dd82c92ba8a2fffb7206e7a3b9eea209561bba3f69fa7cc9d7,7891150102972,Shampoo Dove Reconstrucción+Aminoácido X 370Ml,DescripciónEl Shampoo Dove Reconstrucción + Aminoácido 370 ml está formulado para ayudar a reparar los signos visibles del daño en cabellos debilitados resecos o expuestos a procesos químicos y herramientas de calor. Su fórmula incorpora Tecnología Bio-Protein y aminoácidos desarrollada para fortalecer la fibra capilar,AMARKET,https://amarket.com.bo/collections/lo-nuevo/products/7891150102972,https://amarket.com.bo/cdn/shop/files/7891150102972_1200x1200.jpg?v=1787204834,2026-08-21T02:12:21.668005+00:00,59f35c31-a86c-44d9-adbe-e27e1d03b535,200,image/jpeg,1.0.0,9326326d831998234701f8808333f7a37ef3ad414b3e7bcac8dfb38978d29cbd,9326326d831998234701f8808333f7a37ef3ad414b3e7bcac8dfb38978d29cbd,1200,1200,RGB,UNIFORM_RGB,REDISTRIBUTION_PROHIBITED,ACCEPTED,,data\raw\amarket_full\7891150102972_9326326d8319.jpg
64cb867148e1cf2986e3fd67d7b1ca40c53a4871105067474381708d9123526c,7896451911582,Gomitas Docile Docigoma Frutales Tubo X 30G,Gomitas Docile Docigoma Frutales Tubo X 30G,AMARKET,https://amarket.com.bo/collections/lo-nuevo/products/7896451911582,https://amarket.com.bo/cdn/shop/files/7896451911582_1200x1200.jpg?v=1787205100,2026-08-21T02:17:01.418277+00:00,59f35c31-a86c-44d9-adbe-e27e1d03b535,200,image/jpeg,1.0.0,bc8f340c6fb2ffd8db259267dc7081f0e91d9525fdbd2a0ce6a6a066b87752a1,bc8f340c6fb2ffd8db259267dc7081f0e91d9525fdbd2a0ce6a6a066b87752a1,1200,1200,RGB,UNIFORM_RGB,REDISTRIBUTION_PROHIBITED,ACCEPTED,,data\raw\amarket_full\7896451911582_bc8f340c6fb2.jpg
64cd5d3f4bcf6b23f0d5a21c574e72bbd95d92754ff8cc5124238f415e083419,7772116160260,Chuflay Colibri By San Pedro Lata X 269Ml,"Conforme a la Ley N.° 259, la venta de bebidas alcohólicas está restringida entre las 03:00 am y las 09:00 am. Los pedidos realizados durante ese horario se despacharán a partir de las 09:00 amChuflay Colibri By San Pedro Lata X 269Ml",AMARKET,https://amarket.com.bo/collections/lo-nuevo/products/7772116160260,https://amarket.com.bo/cdn/shop/files/7772116160260_1200x1200.jpg?v=1778133293,2026-08-21T02:02:39.431773+00:00,59f35c31-a86c-44d9-adbe-e27e1d03b535,200,image/jpeg,1.0.0,b10aa970e4d6e125fc8a7e34a44fba47b9d6ea1cd50ad0adccb9afb79866d6d1,b10aa970e4d6e125fc8a7e34a44fba47b9d6ea1cd50ad0adccb9afb79866d6d1,1200,1200,RGB,UNIFORM_RGB,REDISTRIBUTION_PROHIBITED,ACCEPTED,,data\raw\amarket_full\7772116160260_b10aa970e4d6.jpg
64d81e6331ace05c5409607061a5633784b31eb86a923b52fa53cef3773bc905,7793147571283,Cerveza Heineken Lata X 710Ml,"Conforme a la Ley N.° 259, la venta de bebidas alcohólicas está restringida entre las 03:00 am y las 09:00 am. Los pedidos realizados durante ese horario se despacharán a partir de las 09:00 amDescripciónLa Cerveza Heineken en lata de 710 ml es una bebida alcohólica tipo lager elaborada con agua malta de cebada lúpulo",AMARKET,https://amarket.com.bo/collections/lo-nuevo/products/7793147571283,https://amarket.com.bo/cdn/shop/files/7793147571283_1200x1200.jpg?v=1770096145,2026-08-21T02:09:17.057353+00:00,59f35c31-a86c-44d9-adbe-e27e1d03b535,200,image/jpeg,1.0.0,1666b76b1915c9d299fdb2e77372cb52db418dcd62d1c28553932a8720c0ad24,1666b76b1915c9d299fdb2e77372cb52db418dcd62d1c28553932a8720c0ad24,1200,1200,RGB,UNIFORM_RGB,REDISTRIBUTION_PROHIBITED,ACCEPTED,,data\raw\amarket_full\7793147571283_1666b76b1915.jpg
64f1bdfa3c8a45bdb79b7fe92ebd5206559f53ea1d8c3e7672d7ced06e190fc4,7702032253869,Café Preparado 3En1 Colcafe Con Azúcar X 380G,Café Preparado 3En1 Colcafe Con Azúcar X 380G,AMARKET,https://amarket.com.bo/collections/lo-nuevo/products/7702032253869,https://amarket.com.bo/cdn/shop/files/7702032253869_1200x1200.jpg?v=1787205042,2026-08-21T01:56:23.553018+00:00,59f35c31-a86c-44d9-adbe-e27e1d03b535,200,image/jpeg,1.0.0,4fe49f42ccb9e3725c8261f41de40ca8b7995dca970730d2b7c1dcd3c54f5e0d,4fe49f42ccb9e3725c8261f41de40ca8b7995dca970730d2b7c1dcd3c54f5e0d,1200,1200,RGB,UNIFORM_RGB,REDISTRIBUTION_PROHIBITED,ACCEPTED,,data\raw\amarket_full\7702032253869_4fe49f42ccb9.jpg
64fec55c3b6968d162eae04afe4f63cabd77b4fe5cd2600418741da47eb004b5,7896115700019,Shampoo Tralala Kids Hidrakids X 480Ml,Descripción:El Shampoo Tralalá Kids HidraKids está especialmente formulado para el cuidado diario del cabello infantil. Su fórmula limpia delicadamente mientras proporciona hidratación ayudando a mantener el cabello suave manejable y fácil de peinar. Además deja un agradable aroma convirtiéndose en el aliado ideal para,AMARKET,https://amarket.com.bo/collections/lo-nuevo/products/7896115700019,https://amarket.com.bo/cdn/shop/files/7896115700019_1200x1200.jpg?v=1787205953,2026-08-21T02:14:39.767520+00:00,59f35c31-a86c-44d9-adbe-e27e1d03b535,200,image/jpeg,1.0.0,cbe31f1d2eaac554c3a538edf0e8d54c2611df6d354e36b66aa137b491731df5,cbe31f1d2eaac554c3a538edf0e8d54c2611df6d354e36b66aa137b491731df5,1200,1200,RGB,UNIFORM_RGB,REDISTRIBUTION_PROHIBITED,ACCEPTED,,data\raw\amarket_full\7896115700019_cbe31f1d2eaa.jpg
653db12830898494863fd4887647547f61892c4c9b2bd9b4ab79476b311a74b3,7772314690033,Aji Molido 1918 Colorado X 30G,Aji Molido 1918 Colorado X 30G,AMARKET,https://amarket.com.bo/collections/lo-nuevo/products/7772314690033,https://amarket.com.bo/cdn/shop/files/7772314690033_1200x1200.jpg?v=1787203728,2026-08-21T02:02:49.849253+00:00,59f35c31-a86c-44d9-adbe-e27e1d03b535,200,image/jpeg,1.0.0,8f1ed3576f2ee14964f5c2b04b30ff3aa9a94105daa89fecfbd3910fe2e2d864,8f1ed3576f2ee14964f5c2b04b30ff3aa9a94105daa89fecfbd3910fe2e2d864,1200,1200,RGB,UNIFORM_RGB,REDISTRIBUTION_PROHIBITED,ACCEPTED,,data\raw\amarket_full\7772314690033_8f1ed3576f2e.jpg
6598fb8ad99c8e22209e51b900d2fc617974bf2da89afcb27bd7888250c4cf23,0658325435092,Maestro Pippox Mantequilla X 20G,Maestro Pippox Mantequilla X 20G,AMARKET,https://amarket.com.bo/collections/lo-nuevo/products/0658325435092,https://amarket.com.bo/cdn/shop/files/0658325435092_1200x1200.jpg?v=1787204730,2026-08-21T01:47:00.602778+00:00,59f35c31-a86c-44d9-adbe-e27e1d03b535,200,image/jpeg,1.0.0,dae838c95a07831219e446442820125aeec61fa1dec7659e216975ca58bed7ef,dae838c95a07831219e446442820125aeec61fa1dec7659e216975ca58bed7ef,1200,1200,RGB,UNIFORM_RGB,REDISTRIBUTION_PROHIBITED,ACCEPTED,,data\raw\amarket_full\0658325435092_dae838c95a07.jpg
669122d9e4f62bdb569bcfa9a23417affe7b3c2c6719f4813840ebd0f8437341,7896451912497,Tubitos Docile Sticks Frutilla X 15G,Tubitos Docile Sticks Frutilla X 15G,AMARKET,https://amarket.com.bo/collections/lo-nuevo/products/7896451912497,https://amarket.com.bo/cdn/shop/files/7896451912497_1200x1200.jpg?v=1787205110,2026-08-21T02:17:17.400172+00:00,59f35c31-a86c-44d9-adbe-e27e1d03b535,200,image/jpeg,1.0.0,03a3017dc94e97e2847120d12712fe4b6e02fefdcacd87ff51571613efeb5bcf,03a3017dc94e97e2847120d12712fe4b6e02fefdcacd87ff51571613efeb5bcf,1200,1200,RGB,UNIFORM_RGB,REDISTRIBUTION_PROHIBITED,ACCEPTED,,data\raw\amarket_full\7896451912497_03a3017dc94e.jpg
66d5d5084ad1ffa0f1456855dced545279b13a45e4ebca3b21fafaa2248a4745,4059729521866,Rubor Essence So Cherry Happy Tono 01 Love You Cherry Much,Descripción:El Rubor Compacto Essence Cosmetics aporta un toque de color natural y un acabado luminoso que realza las mejillas proporcionando una apariencia fresca y saludable. Su textura en polvo sedoso se difumina fácilmente sobre la piel permitiendo un acabado uniforme y modulable ideal tanto para maquillajes natura,AMARKET,https://amarket.com.bo/collections/lo-nuevo/products/4059729521866,https://amarket.com.bo/cdn/shop/files/4059729521866_1200x1200.jpg?v=1782540595,2026-08-21T01:51:04.776776+00:00,59f35c31-a86c-44d9-adbe-e27e1d03b535,200,image/jpeg,1.0.0,c337c0dd23c4a8c4e346b7425e14c583f98382a6ca84df9c1d8ab457c80f2b42,c337c0dd23c4a8c4e346b7425e14c583f98382a6ca84df9c1d8ab457c80f2b42,1200,1200,RGB,UNIFORM_RGB,REDISTRIBUTION_PROHIBITED,ACCEPTED,,data\raw\amarket_full\4059729521866_c337c0dd23c4.jpg
675e2b80f9602912610d2e49726c81ec2c56e83af3e05c58e48fceb65fbc902c,7798178800838,Malvaviscos Buffys Sabor Tradicional Bolsa X 200G,Malvaviscos Buffys Sabor Tradicional Bolsa X 200G,AMARKET,https://amarket.com.bo/collections/lo-nuevo/products/7798178800838,https://amarket.com.bo/cdn/shop/files/7798178800838_1200x1200.jpg?v=1787205904,2026-08-21T02:09:55.475492+00:00,59f35c31-a86c-44d9-adbe-e27e1d03b535,200,image/jpeg,1.0.0,c93d77dbfd8058ae86ff899cf86c8ad30e3b9b6d5f79b939cecbc8848329fc5e,c93d77dbfd8058ae86ff899cf86c8ad30e3b9b6d5f79b939cecbc8848329fc5e,1200,1200,RGB,UNIFORM_RGB,REDISTRIBUTION_PROHIBITED,ACCEPTED,,data\raw\amarket_full\7798178800838_c93d77dbfd80.jpg
688179814c563987796b400d816d773d51ef8d1051c55b79a9486721a006655e,7771259757078,Néctar Pura Vida Durazno Con Adición Vitamina C X 1L,DescripciónEl Néctar Pura Vida Durazno con Adición de Vitamina C X 1 L es una bebida refrescante con sabor a manzana elaborada a partir de pulpa y/o jugos concentrados de fruta y agua tratada con la adición de vitamina C para aportar un beneficio extra a tu día.Características: Marca: Pil Pura Vida. Tipo: Néctar de dur,AMARKET,https://amarket.com.bo/collections/lo-nuevo/products/7771259757078,https://amarket.com.bo/cdn/shop/files/7771259757078_1200x1200.jpg?v=1769193183,2026-08-21T02:00:45.401041+00:00,59f35c31-a86c-44d9-adbe-e27e1d03b535,200,image/jpeg,1.0.0,073eda712bb3ad527a26c71cd158fe309c1087159eefdc33ed05eb12f81f004d,073eda712bb3ad527a26c71cd158fe309c1087159eefdc33ed05eb12f81f004d,1200,1200,RGB,UNIFORM_RGB,REDISTRIBUTION_PROHIBITED,ACCEPTED,,data\raw\amarket_full\7771259757078_073eda712bb3.jpg
68aa750b54752f9d2fca03402071872cf8a644c58d1f12b0fade9485b3571a92,7891150103115,Acondicionador Dove Nutrición+Tri Oleos X 370Ml,Descripción:El Acondicionador Dove Nutrición + Tri Óleos está formulado para nutrir intensamente el cabello seco opaco y dañado. Su fórmula combina la Tecnología Bio-Protein con óleos nutritivos que ayudan a reparar regenerar y proteger la cutícula capilar reduciendo los signos visibles del daño. Además sella la fibra,AMARKET,https://amarket.com.bo/collections/lo-nuevo/products/7891150103115,https://amarket.com.bo/cdn/shop/files/7891150103115_1200x1200.jpg?v=1781330267,2026-08-21T02:12:32.266566+00:00,59f35c31-a86c-44d9-adbe-e27e1d03b535,200,image/jpeg,1.0.0,47739f14dc8f4480515b32fb192dfce07f65a7e9c6b3f8229a171a336cd65008,47739f14dc8f4480515b32fb192dfce07f65a7e9c6b3f8229a171a336cd65008,1200,1200,RGB,UNIFORM_RGB,REDISTRIBUTION_PROHIBITED,ACCEPTED,,data\raw\amarket_full\7891150103115_47739f14dc8f.jpg
68b8504bd27d5e9f23850106e8bb229ac0fcfe12c9ef8d9121eb89fb647ac858,7898142867666,Tableta De Chocolate Arcor Blanco X 70G,Tableta De Chocolate Arcor Blanco X 70G,AMARKET,https://amarket.com.bo/collections/lo-nuevo/products/7898142867666,https://amarket.com.bo/cdn/shop/files/7898142867666_1200x1200.jpg?v=1778133287,2026-08-21T02:19:19.964796+00:00,59f35c31-a86c-44d9-adbe-e27e1d03b535,200,image/jpeg,1.0.0,43f3d41654876c8fa69455daaf45637bae99666bcf4f16df17682b323832db48,43f3d41654876c8fa69455daaf45637bae99666bcf4f16df17682b323832db48,1200,1200,RGB,UNIFORM_RGB,REDISTRIBUTION_PROHIBITED,ACCEPTED,,data\raw\amarket_full\7898142867666_43f3d4165487.jpg
68c6d68f0ae004bded1069ec02a39a1c274b99984b13e363b3988a5fdeaa327e,7770110170063,Pizza Precocida Bahrem Pepperoni Y Queso X 550G,DescripciónProducto listo para hornear y servir. Producto congelado.Recomendaciones Mantener congelado a -18°C. Apto para Parrilla Horno y Airfryer. Modo de Uso Precalentar el horno a temperatura máxima por 15 minutos. Colocar la pizza en el centro del horno. Hornea tu pizza de 12 a 15 minutos observa que el queso se d,AMARKET,https://amarket.com.bo/collections/lo-nuevo/products/7770110170063,https://amarket.com.bo/cdn/shop/files/7770110170063_1200x1200.jpg?v=1787204767,2026-08-21T01:59:34.137103+00:00,59f35c31-a86c-44d9-adbe-e27e1d03b535,200,image/jpeg,1.0.0,a0d3700db43069f39eee340d4181d2628f284f7cd262894921ab47f461e65029,a0d3700db43069f39eee340d4181d2628f284f7cd262894921ab47f461e65029,1200,1200,RGB,UNIFORM_RGB,REDISTRIBUTION_PROHIBITED,ACCEPTED,,data\raw\amarket_full\7770110170063_a0d3700db430.jpg
6aa777817c96a7d0e2ea97f3d2d0c0a3ab158cd6ce15c67b8d7fbf704f37daba,7898142867642,Tableta De Chocolate Arcor Leche X 70G,Tableta De Chocolate Arcor Leche X 70G,AMARKET,https://amarket.com.bo/collections/lo-nuevo/products/7898142867642,https://amarket.com.bo/cdn/shop/files/7898142867642_1200x1200.jpg?v=1787204819,2026-08-21T02:19:16.681373+00:00,59f35c31-a86c-44d9-adbe-e27e1d03b535,200,image/jpeg,1.0.0,d7031aa4d5beee85a5a94fd01aa8eccf70debdca0b874626e869b915508ba43e,d7031aa4d5beee85a5a94fd01aa8eccf70debdca0b874626e869b915508ba43e,1200,1200,RGB,UNIFORM_RGB,REDISTRIBUTION_PROHIBITED,ACCEPTED,,data\raw\amarket_full\7898142867642_d7031aa4d5be.jpg
6acfadea356e5d94d26290d7a5a9319e91f561bb839b42964a76a9cb9606e4fd,7798186033013,Mini Marshmallows Gongys Sabor Vainilla X 200G,Mini Marshmallows Gongys Sabor Vainilla X 200G,AMARKET,https://amarket.com.bo/collections/lo-nuevo/products/7798186033013,https://amarket.com.bo/cdn/shop/files/7798186033013_1200x1200.jpg?v=1781762193,2026-08-21T02:10:30.686509+00:00,59f35c31-a86c-44d9-adbe-e27e1d03b535,200,image/jpeg,1.0.0,fdcd3d7f5daf708e94d1050bb3b5fde59bf288b6e9b40b5345bb539c35114afd,fdcd3d7f5daf708e94d1050bb3b5fde59bf288b6e9b40b5345bb539c35114afd,1200,1200,RGB,UNIFORM_RGB,REDISTRIBUTION_PROHIBITED,ACCEPTED,,data\raw\amarket_full\7798186033013_fdcd3d7f5daf.jpg
6bdfcc36d1307736e4c623e0aff5087c257494212c8dba247fca76962cd717e0,7772314690095,Pimienta Negra 1918 En Polvo X 30G,Pimienta Negra 1918 En Polvo X 30G,AMARKET,https://amarket.com.bo/collections/lo-nuevo/products/7772314690095,https://amarket.com.bo/cdn/shop/files/7772314690095_1200x1200.jpg?v=1773985048,2026-08-21T02:03:04.044324+00:00,59f35c31-a86c-44d9-adbe-e27e1d03b535,200,image/jpeg,1.0.0,98f1a09dc9d49c016b930935438b0c992783bb8dbe55c60d0cdd5c288a13e96d,98f1a09dc9d49c016b930935438b0c992783bb8dbe55c60d0cdd5c288a13e96d,1200,1200,RGB,UNIFORM_RGB,REDISTRIBUTION_PROHIBITED,ACCEPTED,,data\raw\amarket_full\7772314690095_98f1a09dc9d4.jpg
6be1011e719a480bbb23357f27729c61c9d1118b1fd78acaa41b28d9066d4e5c,1000000000555,Pack Crema Peinar+Shampoo+Acondicionador Oliva Y Argán,DescripciónPack Especial Algabo Sin Sal Oliva &amp; Argán formulado para brindar hidratación profunda nutrición y suavidad al cabello. Su combinación de ingredientes nutritivos ayuda a mantener la salud capilar sin los efectos resecantes asociados a los productos con cloruro de sodio. Es ideal para cabellos secos dañad,AMARKET,https://amarket.com.bo/collections/lo-nuevo/products/1000000000555,https://amarket.com.bo/cdn/shop/files/1000000000555_1200x1200.jpg?v=1787205055,2026-08-21T01:48:48.523635+00:00,59f35c31-a86c-44d9-adbe-e27e1d03b535,200,image/jpeg,1.0.0,75696df693cd4166f42bbb1c8ee9f2cc4a36a806f1bb06a99f2c0ae6cb9b7d46,75696df693cd4166f42bbb1c8ee9f2cc4a36a806f1bb06a99f2c0ae6cb9b7d46,1200,1200,RGB,UNIFORM_RGB,REDISTRIBUTION_PROHIBITED,ACCEPTED,,data\raw\amarket_full\1000000000555_75696df693cd.jpg
6dd0118f78f637574841111b9bf4a7c603e41fea232910ecf0d27b9a26bb0d97,7896902286795,Protector Solar Farmax Sunless Stick Fps50 Clara X 12G,Descripción:El Protector Solar Sunless Stick FPS 50 Tono Claro combina una alta protección solar de amplio espectro contra los rayos UVA y UVB con un suave tono beige claro que ayuda a unificar visualmente el tono de la piel. Su práctico formato en barra permite una aplicación rápida uniforme y sin complicaciones siend,AMARKET,https://amarket.com.bo/collections/lo-nuevo/products/7896902286795,https://amarket.com.bo/cdn/shop/files/7896902286795_1200x1200.jpg?v=1787205141,2026-08-21T02:18:04.608789+00:00,59f35c31-a86c-44d9-adbe-e27e1d03b535,200,image/jpeg,1.0.0,dc96973d72491feb5d50b30201c1874fdf661d25a1c5a2027280fd82a0334be4,dc96973d72491feb5d50b30201c1874fdf661d25a1c5a2027280fd82a0334be4,1200,1200,RGB,UNIFORM_RGB,REDISTRIBUTION_PROHIBITED,ACCEPTED,,data\raw\amarket_full\7896902286795_dc96973d7249.jpg
6e06d706d8406cd82a8ab723e5eb7ac8e264ad9ad067341b70f79d9662bb9e16,7891150101777,Serum+Oleo Sedal Toque De Seda Amino-Silk X 65Ml,Serum+Oleo Sedal Toque De Seda Amino-Silk X 65Ml,AMARKET,https://amarket.com.bo/collections/lo-nuevo/products/7891150101777,https://amarket.com.bo/cdn/shop/files/7891150101777_1200x1200.jpg?v=1778305962,2026-08-21T02:12:11.428282+00:00,59f35c31-a86c-44d9-adbe-e27e1d03b535,200,image/jpeg,1.0.0,a6e129392f05de0e80db32208a471a91f15bff32518d755f568635816e46e3aa,a6e129392f05de0e80db32208a471a91f15bff32518d755f568635816e46e3aa,1200,1200,RGB,UNIFORM_RGB,REDISTRIBUTION_PROHIBITED,ACCEPTED,,data\raw\amarket_full\7891150101777_a6e129392f05.jpg
6f18f16ed85f3da6a4d30622f6a7cae12ac73a3a8592a9101754cf6a5ee01b94,7702025120192,Galletas Ducales Crakers X 241G,Galletas Ducales Crakers X 241G,AMARKET,https://amarket.com.bo/collections/lo-nuevo/products/7702025120192,https://amarket.com.bo/cdn/shop/files/7702025120192_1200x1200.jpg?v=1780466138,2026-08-21T01:55:46.244141+00:00,59f35c31-a86c-44d9-adbe-e27e1d03b535,200,image/jpeg,1.0.0,aa0bfe28922dc37d2f28d4ffaf01cf62a8db90d7b9c9ec2f176f868b968439f2,aa0bfe28922dc37d2f28d4ffaf01cf62a8db90d7b9c9ec2f176f868b968439f2,1000,1000,RGB,UNIFORM_RGB,REDISTRIBUTION_PROHIBITED,ACCEPTED,,data\raw\amarket_full\7702025120192_aa0bfe28922d.jpg
6fa9bd028adf3e5809198df2a8565c556a381514c538710785228c389e119a11,7898943163219,Pack Atún Sólido Robinson Crusoe En Aceite 2 X 80G,Pack Atún Sólido Robinson Crusoe En Aceite 2 X 80G,AMARKET,https://amarket.com.bo/collections/lo-nuevo/products/7898943163219,https://amarket.com.bo/cdn/shop/files/7898943163219_035f4f10-117f-4e9b-a3a6-440f86a30ded_1200x1200.jpg?v=1784268741,2026-08-21T02:19:42.383519+00:00,59f35c31-a86c-44d9-adbe-e27e1d03b535,200,image/jpeg,1.0.0,66eced68e9c8bbbdcb2e8fa68fd56091ab638074d0373bae25455d44e32cc1d5,66eced68e9c8bbbdcb2e8fa68fd56091ab638074d0373bae25455d44e32cc1d5,1200,1200,RGB,UNIFORM_RGB,REDISTRIBUTION_PROHIBITED,ACCEPTED,,data\raw\amarket_full\7898943163219_66eced68e9c8.jpg
700909cb3595084f472d3680dfd56c1cc5f3a741188d2b9778c8e566af309055,9001064,Bolsa De Basura Plásticos Carmen Negra 50X65 25L X 10 Unidades,Bolsa De Basura Plásticos Carmen Negra 50X65 25L X 10 Unidades,AMARKET,https://amarket.com.bo/collections/lo-nuevo/products/9001064,https://amarket.com.bo/cdn/shop/files/9001064_1200x1200.jpg?v=1776203995,2026-08-21T02:22:55.734377+00:00,59f35c31-a86c-44d9-adbe-e27e1d03b535,200,image/jpeg,1.0.0,39612bb815ae98bf4fa986305d62d96ee9ebf6f4fadddb07a8e714a51dfca235,39612bb815ae98bf4fa986305d62d96ee9ebf6f4fadddb07a8e714a51dfca235,1200,1200,RGB,UNIFORM_RGB,REDISTRIBUTION_PROHIBITED,ACCEPTED,,data\raw\amarket_full\9001064_39612bb815ae.jpg
7152352429e90c8362c992d1e2367ac774739d58150b82929b23d8de9e8b77c7,0658325435078,Nacho Nax Sabor Queso X 200G,Nacho Nax Sabor Queso X 200G,AMARKET,https://amarket.com.bo/collections/lo-nuevo/products/0658325435078,https://amarket.com.bo/cdn/shop/files/0658325435078_1200x1200.jpg?v=1777442077,2026-08-21T01:46:56.968873+00:00,59f35c31-a86c-44d9-adbe-e27e1d03b535,200,image/jpeg,1.0.0,08548eea4c4accf201b928266a9f544cb5a7bded4095a5b3c8a30a564121e849,08548eea4c4accf201b928266a9f544cb5a7bded4095a5b3c8a30a564121e849,1200,1200,RGB,UNIFORM_RGB,REDISTRIBUTION_PROHIBITED,ACCEPTED,,data\raw\amarket_full\0658325435078_08548eea4c4a.jpg
71d8a2aa0b321a235aaf2184b2dbfff597b91b3e43f8315903244e138b4b1306,7506306241176,Desodorante Aerosol Invisible Care Dove Serum Pro Ceramidas X 150Ml,Desodorante Aerosol Invisible Care Dove Serum Pro Ceramidas X 150Ml,AMARKET,https://amarket.com.bo/collections/lo-nuevo/products/7506306241176,https://amarket.com.bo/cdn/shop/files/7506306241176_1200x1200.jpg?v=1778305953,2026-08-21T01:53:13.679291+00:00,59f35c31-a86c-44d9-adbe-e27e1d03b535,200,image/jpeg,1.0.0,1e41fe1b9c0b09a7eb0c5643b3ae0570c56ca9a6374f2eb27a31b950aee87bf5,1e41fe1b9c0b09a7eb0c5643b3ae0570c56ca9a6374f2eb27a31b950aee87bf5,1200,1200,RGB,UNIFORM_RGB,REDISTRIBUTION_PROHIBITED,ACCEPTED,,data\raw\amarket_full\7506306241176_1e41fe1b9c0b.jpg
7316bba71b5b2f85b1af85e726f41dc674445305dfc2df064be59da775ad2516,6971549925601,Ramen Sopa Instantánea Al Toke Pollo X 85G,Ramen Sopa Instantánea Al Toke Pollo X 85G,AMARKET,https://amarket.com.bo/collections/lo-nuevo/products/6971549925601,https://amarket.com.bo/cdn/shop/files/6971549925601_1200x1200.jpg?v=1785999440,2026-08-21T01:52:35.154186+00:00,59f35c31-a86c-44d9-adbe-e27e1d03b535,200,image/jpeg,1.0.0,f694ed5a22b0b201ecb598d8964451edfc88a7240ab5258d378976834a1e6653,f694ed5a22b0b201ecb598d8964451edfc88a7240ab5258d378976834a1e6653,1200,1200,RGB,UNIFORM_RGB,REDISTRIBUTION_PROHIBITED,ACCEPTED,,data\raw\amarket_full\6971549925601_f694ed5a22b0.jpg
737bf2d70e44d6dc9fed6ecf49beb0751faa985c000159a457e2edf3e4d8e855,7774904408097,Tampico Vegi Frut Fresa Mora Remolacha X 500Ml,Bebida refrescante Tampico Vegi Frut Con Fresa Mora y Remolacha.,AMARKET,https://amarket.com.bo/collections/lo-nuevo/products/7774904408097,https://amarket.com.bo/cdn/shop/files/7774904408097_1200x1200.jpg?v=1787204870,2026-08-21T02:06:09.047706+00:00,59f35c31-a86c-44d9-adbe-e27e1d03b535,200,image/jpeg,1.0.0,09a8b0daf14805d725b1fa61c7d18c2c40dbfc0010b8a05aad79525c7fde350c,09a8b0daf14805d725b1fa61c7d18c2c40dbfc0010b8a05aad79525c7fde350c,1200,1200,RGB,UNIFORM_RGB,REDISTRIBUTION_PROHIBITED,ACCEPTED,,data\raw\amarket_full\7774904408097_09a8b0daf148.jpg
7406f9fc8286f1a202f6f27376c24b9106b23342ed377fdbd9ae0b85fba485e0,041554094145,Corrector Maybelline Instant Age Rewind Eraser Nro.159,Descripción:El Corrector de Color Instant Age Rewind de Maybelline está diseñado para neutralizar imperfecciones específicas del tono de la piel antes de la aplicación del corrector o la base. Disponible en tono verde para corregir rojeces y tono naranja para contrarrestar ojeras profundas manchas oscuras e hiperpigmen,AMARKET,https://amarket.com.bo/collections/lo-nuevo/products/041554094145,https://amarket.com.bo/cdn/shop/files/041554094145_1200x1200.jpg?v=1781330256,2026-08-21T01:45:54.046071+00:00,59f35c31-a86c-44d9-adbe-e27e1d03b535,200,image/jpeg,1.0.0,f1dac89e09de22032aff11b46be99833f7a574b4d9957bea72dc500106e1ef00,f1dac89e09de22032aff11b46be99833f7a574b4d9957bea72dc500106e1ef00,1200,1200,RGB,UNIFORM_RGB,REDISTRIBUTION_PROHIBITED,ACCEPTED,,data\raw\amarket_full\041554094145_f1dac89e09de.jpg
74d60d0b393f08368dc9fcb7abd89cdaa62dd260c5bd8199d283c14b98c41b43,7896451909213,Malvavisco Docile Colores Bolsa X 50G,Malvavisco Docile Colores Bolsa X 50G,AMARKET,https://amarket.com.bo/collections/lo-nuevo/products/7896451909213,https://amarket.com.bo/cdn/shop/files/7896451909213_1200x1200.jpg?v=1787205103,2026-08-21T02:16:52.231887+00:00,59f35c31-a86c-44d9-adbe-e27e1d03b535,200,image/jpeg,1.0.0,cbae8935e43fe817a28d75057769751112ffdadb1bee711857222a90cf5a8389,cbae8935e43fe817a28d75057769751112ffdadb1bee711857222a90cf5a8389,1200,1200,RGB,UNIFORM_RGB,REDISTRIBUTION_PROHIBITED,ACCEPTED,,data\raw\amarket_full\7896451909213_cbae8935e43f.jpg
752fd25a04908edd6bdbdb851dbd0e94fd56b6eccc05d4982fa44b3be2e18032,7896902289482,Jabón Líquido Farmax Hidraderm Sandía X 150Ml,DescripciónJabón Exfoliante Hidraderm Sandía Farmax formulado para brindar una limpieza profunda mientras elimina células muertas y ayuda a destapar los poros. Sus microesferas exfoliantes dejan la piel suave renovada y con un agradable aroma a sandía.Beneficios: Limpieza profunda y exfoliación suave. Ayuda a eliminar,AMARKET,https://amarket.com.bo/collections/lo-nuevo/products/7896902289482,https://amarket.com.bo/cdn/shop/files/7896902289482_1200x1200.jpg?v=1787204993,2026-08-21T02:18:14.560580+00:00,59f35c31-a86c-44d9-adbe-e27e1d03b535,200,image/jpeg,1.0.0,8fd812c01606c95baa4b2f71f534b17a307384f86b247fa0b2517736cfbde7bc,8fd812c01606c95baa4b2f71f534b17a307384f86b247fa0b2517736cfbde7bc,1200,1200,RGB,UNIFORM_RGB,REDISTRIBUTION_PROHIBITED,ACCEPTED,,data\raw\amarket_full\7896902289482_8fd812c01606.jpg
75a2bca15e9afce4f7031a87a3ac8f09a3830507c70dceea4445349cfcd2d682,7771224000376,Helado Delizia Capuccino Vainilla Café X 160Ml,Helado Delizia Capuccino Vainilla Café X 160Ml,AMARKET,https://amarket.com.bo/collections/lo-nuevo/products/7771224000376,https://amarket.com.bo/cdn/shop/files/7771224000376_1200x1200.jpg?v=1786542469,2026-08-21T01:59:44.666760+00:00,59f35c31-a86c-44d9-adbe-e27e1d03b535,200,image/jpeg,1.0.0,24ab848d2b9f380b0539e13b602fc839c6b4810fe50372d5c0066b2eeabb8736,24ab848d2b9f380b0539e13b602fc839c6b4810fe50372d5c0066b2eeabb8736,1200,1200,RGB,UNIFORM_RGB,REDISTRIBUTION_PROHIBITED,ACCEPTED,,data\raw\amarket_full\7771224000376_24ab848d2b9f.jpg
75ab3c860893751751508d56adcad4c88d50e82fedc1a12f035a21b78b7c5b4a,6971549925595,Ramen Al Toke Sopa Instantánea Carne X 85G,Ramen Al Toke Sopa Instantánea Carne X 85G,AMARKET,https://amarket.com.bo/collections/lo-nuevo/products/6971549925595,https://amarket.com.bo/cdn/shop/files/6971549925595_1200x1200.jpg?v=1785999435,2026-08-21T01:52:32.236071+00:00,59f35c31-a86c-44d9-adbe-e27e1d03b535,200,image/jpeg,1.0.0,e74f97de21739b37e9d68db7a10692dadde47da1bee93a8e218efc942f661f45,e74f97de21739b37e9d68db7a10692dadde47da1bee93a8e218efc942f661f45,1200,1200,RGB,UNIFORM_RGB,REDISTRIBUTION_PROHIBITED,ACCEPTED,,data\raw\amarket_full\6971549925595_e74f97de2173.jpg
75e8a467b1f4385710325ce7fcd1e572446d7bdf0a87d324435c6f5d95767da3,7770109841301,Galleta Wafer Tita Rellena Frutilla X 110G,Galleta Wafer Tita Rellena Frutilla X 110G,AMARKET,https://amarket.com.bo/collections/lo-nuevo/products/7770109841301,https://amarket.com.bo/cdn/shop/files/7770109841301_1200x1200.jpg?v=1787205130,2026-08-21T01:59:19.989909+00:00,59f35c31-a86c-44d9-adbe-e27e1d03b535,200,image/jpeg,1.0.0,543e34e6465182bae1e602d391b14cbbfdbe35ce67b58f0e4c8e70d13ab06f6d,543e34e6465182bae1e602d391b14cbbfdbe35ce67b58f0e4c8e70d13ab06f6d,1200,1200,RGB,UNIFORM_RGB,REDISTRIBUTION_PROHIBITED,ACCEPTED,,data\raw\amarket_full\7770109841301_543e34e64651.jpg
75f978c1cffb398fe82edbb2e2b3262d282e32d7b81248ec0aec284a5db49ddd,7501027232311,Crema Loreal Revitalift Cuidado Día X 50Ml,DescripciónLa Crema de Día Revitalift Clásico Anti-Arrugas + Extra Firmeza de L'Oréal Paris es un tratamiento facial antiedad de uso diario diseñado para combatir los signos visibles del envejecimiento. Su fórmula hidratante ayuda a reducir la apariencia de las arrugas mejorar la firmeza de la piel y restaurar su elast,AMARKET,https://amarket.com.bo/collections/lo-nuevo/products/7501027232311,https://amarket.com.bo/cdn/shop/files/7501027232311_1200x1200.jpg?v=1787205067,2026-08-21T01:52:48.295881+00:00,59f35c31-a86c-44d9-adbe-e27e1d03b535,200,image/jpeg,1.0.0,ebcaafb7f18e88883ceff98fa6b5850b2a7a3719ff4f4e022bf7c48c0990d140,ebcaafb7f18e88883ceff98fa6b5850b2a7a3719ff4f4e022bf7c48c0990d140,1200,1200,RGB,UNIFORM_RGB,REDISTRIBUTION_PROHIBITED,ACCEPTED,,data\raw\amarket_full\7501027232311_ebcaafb7f18e.jpg
762c47af2de15ce6da8d681f0619bee4f9c62f05b994cce80893fc6a68cfde5d,7896183903534,Vinagre De Manzana Zaeli Botella X 500Ml,Vinagre De Manzana Zaeli Botella X 500Ml,AMARKET,https://amarket.com.bo/collections/lo-nuevo/products/7896183903534,https://amarket.com.bo/cdn/shop/files/7896183903534_1200x1200.jpg?v=1780379808,2026-08-21T02:15:50.292259+00:00,59f35c31-a86c-44d9-adbe-e27e1d03b535,200,image/jpeg,1.0.0,c5b14d24ffaafd553005e023e24fcd3600eb7a6fc390a1c90fb70c43b3c1de64,c5b14d24ffaafd553005e023e24fcd3600eb7a6fc390a1c90fb70c43b3c1de64,1000,1000,RGB,UNIFORM_RGB,REDISTRIBUTION_PROHIBITED,ACCEPTED,,data\raw\amarket_full\7896183903534_c5b14d24ffaa.jpg
7670f5f3f50e6eeb1aa057bd8c5e9c590210052ee76476d7f183ffab299faab5,7798178800845,Malvaviscos Buffys Bolsa Sabor Tradicional X 450G,Malvaviscos Buffys Bolsa Sabor Tradicional X 450G,AMARKET,https://amarket.com.bo/collections/lo-nuevo/products/7798178800845,https://amarket.com.bo/cdn/shop/files/7798178800845_1200x1200.jpg?v=1783404790,2026-08-21T02:09:58.851475+00:00,59f35c31-a86c-44d9-adbe-e27e1d03b535,200,image/jpeg,1.0.0,cb937d9b398270c62eb1efab820db545fbf1479ec82833228581a5b3a7b048f6,cb937d9b398270c62eb1efab820db545fbf1479ec82833228581a5b3a7b048f6,1200,1200,RGB,UNIFORM_RGB,REDISTRIBUTION_PROHIBITED,ACCEPTED,,data\raw\amarket_full\7798178800845_cb937d9b3982.jpg
7696fccefefd5151f8c7857d399c924f7ff6450c15fbcd37e76fa721628eb4fb,7793742007118,Serum Facial Dermaglos Ácido Hialurónico X 30Ml,Su efectiva fórmula de textura liviana y rápida absorción hidrata en profundidad tonifica y reafirma la piel dejándola suave y saludable.,AMARKET,https://amarket.com.bo/collections/lo-nuevo/products/7793742007118,https://amarket.com.bo/cdn/shop/files/7793742007118_1200x1200.jpg?v=1780552626,2026-08-21T02:09:23.716266+00:00,59f35c31-a86c-44d9-adbe-e27e1d03b535,200,image/jpeg,1.0.0,1fd85a5cc960e8213fb0befcd4f5db56614209ca48fc25381e16488b5bf56fdc,1fd85a5cc960e8213fb0befcd4f5db56614209ca48fc25381e16488b5bf56fdc,1200,1200,RGB,UNIFORM_RGB,REDISTRIBUTION_PROHIBITED,ACCEPTED,,data\raw\amarket_full\7793742007118_1fd85a5cc960.jpg
7734e24ccfbb94d16eab4388b5eb1588f7d8f24d9ed6735868a936abf97905a1,041554098211,Labial Maybelline Super Stay Matte Ink Tono Nro.500 Insider,Descripción:El Labial Líquido Super Stay Matte Ink de Maybelline está diseñado para ofrecer un color intenso alta cobertura y un acabado mate impecable de larga duración. Su fórmula de alta pigmentación proporciona un resultado uniforme desde la primera aplicación mientras que su tecnología de larga fijación ayuda a ma,AMARKET,https://amarket.com.bo/collections/lo-nuevo/products/041554098211,https://amarket.com.bo/cdn/shop/files/041554098211_1200x1200.jpg?v=1781330251,2026-08-21T01:46:18.060992+00:00,59f35c31-a86c-44d9-adbe-e27e1d03b535,200,image/jpeg,1.0.0,e8a0960eb977e03b992980fd087589c474a87ced14f11aaf08535d7e029603e4,e8a0960eb977e03b992980fd087589c474a87ced14f11aaf08535d7e029603e4,1200,1200,RGB,UNIFORM_RGB,REDISTRIBUTION_PROHIBITED,ACCEPTED,,data\raw\amarket_full\041554098211_e8a0960eb977.jpg
77752498e60569e7257b304cb27d8cd7cb287e2f045865eecb16c1178b7a6758,650240073526,Shampoo Tio Nacho Reparación Profunda X 415Ml,Descripción:El Shampoo Tío Nacho Keratina Vegetal Reparación Profunda está formulado para ayudar a reparar y fortalecer el cabello dañado. Su fórmula con queratina vegetal limpia suavemente mientras contribuye a revitalizar la fibra capilar reduciendo la apariencia de las puntas abiertas y dejando el cabello con un asp,AMARKET,https://amarket.com.bo/collections/lo-nuevo/products/650240073526,https://amarket.com.bo/cdn/shop/files/650240073526_1200x1200.jpg?v=1787205960,2026-08-21T01:51:38.364356+00:00,59f35c31-a86c-44d9-adbe-e27e1d03b535,200,image/jpeg,1.0.0,53b41dbe6ff3e0c4545c0e2e3ec2ccc4300a3724c3dd0b29c043a4a44883efb9,53b41dbe6ff3e0c4545c0e2e3ec2ccc4300a3724c3dd0b29c043a4a44883efb9,1200,1200,RGB,UNIFORM_RGB,REDISTRIBUTION_PROHIBITED,ACCEPTED,,data\raw\amarket_full\650240073526_53b41dbe6ff3.jpg
7779387bccef6a9ccfdd6b0fc63721151aab2629797914e3b9099aaa2af94227,7898080664372,Energizante Baly Sabor Sandia X 250Ml,Descripción:El Energizante Baly sabor Sandía es una bebida energética no alcohólica que combina el frescor jugoso de la sandía con una fórmula diseñada para ofrecer energía y vitalidad al ritmo de tu día. Refrescante práctico y listo para acompañarte donde quieras es ideal para quienes buscan un sabor afrutado distinto,AMARKET,https://amarket.com.bo/collections/lo-nuevo/products/7898080664372,https://amarket.com.bo/cdn/shop/files/7898080664372_1200x1200.jpg?v=1771046665,2026-08-21T02:18:53.795524+00:00,59f35c31-a86c-44d9-adbe-e27e1d03b535,200,image/jpeg,1.0.0,db94fb882916ea8218847e8bc0a0b0efc8248a91ede991bef7760f2dbe02caab,db94fb882916ea8218847e8bc0a0b0efc8248a91ede991bef7760f2dbe02caab,1200,1200,RGB,UNIFORM_RGB,REDISTRIBUTION_PROHIBITED,ACCEPTED,,data\raw\amarket_full\7898080664372_db94fb882916.jpg
7788700087124dae8f07f66bdf2a4b37c426015a10d90bbd61c87a441b914ca8,4891228530136,Rasuradora Schick Quattro 4 Titanium X Unidad,Rasuradora Schick Quattro 4 Titanium X Unidad,AMARKET,https://amarket.com.bo/collections/lo-nuevo/products/4891228530136,https://amarket.com.bo/cdn/shop/files/4891228530136_1200x1200.jpg?v=1787204947,2026-08-21T01:51:34.756668+00:00,59f35c31-a86c-44d9-adbe-e27e1d03b535,200,image/jpeg,1.0.0,a17918017203dc0ad18755231b18d218ae99b2e0d0ca74330d3e284a87ca7b72,a17918017203dc0ad18755231b18d218ae99b2e0d0ca74330d3e284a87ca7b72,1200,1200,RGB,UNIFORM_RGB,REDISTRIBUTION_PROHIBITED,ACCEPTED,,data\raw\amarket_full\4891228530136_a17918017203.jpg
77910990017afa6d57fae0b3cdfcac75ca688a4967825eb9de1f4108c61bd6c2,7771228000594,Mermelada Campo Verde Frutas Tropicales X 410G,DescripciónLa Mermelada de Frutas Tropicales Campo Verde 410 g es una conserva elaborada a base de una mezcla de frutas tropicales con una textura untuosa y sabor característico. Su presentación de 410 g es ideal para untar en panes tostadas o utilizar en diferentes preparaciones dulces.,AMARKET,https://amarket.com.bo/collections/lo-nuevo/products/7771228000594,https://amarket.com.bo/cdn/shop/files/7771228000594_1200x1200.jpg?v=1774294951,2026-08-21T02:00:02.272689+00:00,59f35c31-a86c-44d9-adbe-e27e1d03b535,200,image/jpeg,1.0.0,5bf07cbdafe1793d59835dafd75de220dcc06c4d4d80c71a1e24d0e4b0146de1,5bf07cbdafe1793d59835dafd75de220dcc06c4d4d80c71a1e24d0e4b0146de1,1200,1200,RGB,UNIFORM_RGB,REDISTRIBUTION_PROHIBITED,ACCEPTED,,data\raw\amarket_full\7771228000594_5bf07cbdafe1.jpg
78f80124aafeab72a51607e0739eebbcbc79048ec9a3ad6c94be39c4c5e57b92,7896115704475,Shampoo Tralala Baby Hidrata Aloe Vera X 250Ml,Descripción:El Shampoo Trá Lá Lá Baby Hidratante Aloe Vera 250 ml está especialmente formulado para la limpieza suave del cabello y cuero cabelludo de bebés y niños. Su fórmula con extracto de aloe vera ayuda a brindar una sensación de frescura y bienestar durante el baño mientras limpia delicadamente sin irritar los o,AMARKET,https://amarket.com.bo/collections/lo-nuevo/products/7896115704475,https://amarket.com.bo/cdn/shop/files/7896115704475_1200x1200.jpg?v=1782540602,2026-08-21T02:15:16.418728+00:00,59f35c31-a86c-44d9-adbe-e27e1d03b535,200,image/jpeg,1.0.0,abe909ba6432bd5e0befbd1ea0683b8b19c96a62646a25460cec7191090b6a1c,abe909ba6432bd5e0befbd1ea0683b8b19c96a62646a25460cec7191090b6a1c,1200,1200,RGB,UNIFORM_RGB,REDISTRIBUTION_PROHIBITED,ACCEPTED,,data\raw\amarket_full\7896115704475_abe909ba6432.jpg
793dee725d51f3c4389e73d1a302c5d91ba78457c7b23ac3f01019b7dfb9f0ef,7509552972610,Labial Líquido Vogue Resist Esplendida X 3Ml,Descripción:El Labial Líquido Vogue Resist está diseñado para ofrecer un color intenso acabado mate y una duración excepcional durante todo el día. Su fórmula indeleble e impermeable proporciona una cobertura uniforme desde la primera aplicación manteniéndose intacta frente al agua el roce los besos y las comidas. Grac,AMARKET,https://amarket.com.bo/collections/lo-nuevo/products/7509552972610,https://amarket.com.bo/cdn/shop/files/7509552972610_1200x1200.jpg?v=1787205138,2026-08-21T01:54:37.438550+00:00,59f35c31-a86c-44d9-adbe-e27e1d03b535,200,image/jpeg,1.0.0,321f36d92f3040a800cc7a16b8a4416707f522bb044a0a35cc2917cfe588e327,321f36d92f3040a800cc7a16b8a4416707f522bb044a0a35cc2917cfe588e327,1200,1200,RGB,UNIFORM_RGB,REDISTRIBUTION_PROHIBITED,ACCEPTED,,data\raw\amarket_full\7509552972610_321f36d92f30.jpg
7974550c485c0603858ed71d0871d2aa74c04e07f63d688d69bb738267592702,7773800002996,Pack Cigarrillos L&M Double Forward 2X20 Unidades,Pack Cigarrillos L&amp;M Double Forward 2X20 Unidades,AMARKET,https://amarket.com.bo/collections/lo-nuevo/products/7773800002996,https://amarket.com.bo/cdn/shop/files/7773800002996_1200x1200.jpg?v=1777096405,2026-08-21T02:05:33.959573+00:00,59f35c31-a86c-44d9-adbe-e27e1d03b535,200,image/jpeg,1.0.0,7b53bcbf32fe6706063451b37f0e9743cd59dcbeb1acaa31557252572de3e89b,7b53bcbf32fe6706063451b37f0e9743cd59dcbeb1acaa31557252572de3e89b,1200,1200,RGB,UNIFORM_RGB,REDISTRIBUTION_PROHIBITED,ACCEPTED,,data\raw\amarket_full\7773800002996_7b53bcbf32fe.jpg
7989f1c77286a4236b2ebedf349252e7bf0318e4b6d18b397db80c9a7aa7db1b,9001112,Fridosa Tapa De Asado Especial Envasado Al Vacio,Fridosa Tapa De Asado Especial Envasado Al Vacio,AMARKET,https://amarket.com.bo/collections/lo-nuevo/products/9001112,https://amarket.com.bo/cdn/shop/files/9001112_1200x1200.jpg?v=1787205947,2026-08-21T02:23:05.796989+00:00,59f35c31-a86c-44d9-adbe-e27e1d03b535,200,image/jpeg,1.0.0,d62fd916999b7fbce5d4cc7a0538c49a504e600be97d8387be45cc87a249c396,d62fd916999b7fbce5d4cc7a0538c49a504e600be97d8387be45cc87a249c396,1200,1200,RGB,UNIFORM_RGB,REDISTRIBUTION_PROHIBITED,ACCEPTED,,data\raw\amarket_full\9001112_d62fd916999b.jpg
799b882ead4a5a1e0c3712b878ee51b67b8275578b2259e6fbd6a28e302758a9,7771259690504,Nachos Dr. Picks Sabor Pizza X 56G,Nachos Dr. Picks Sabor Pizza X 56G,AMARKET,https://amarket.com.bo/collections/lo-nuevo/products/7771259690504,https://amarket.com.bo/cdn/shop/files/7771259690504_1200x1200.jpg?v=1783404801,2026-08-21T02:00:37.817932+00:00,59f35c31-a86c-44d9-adbe-e27e1d03b535,200,image/jpeg,1.0.0,50ca85193130cc45dd7d87c9411d29eefeb6fc3a3fd823842a3bdac58c1261b2,50ca85193130cc45dd7d87c9411d29eefeb6fc3a3fd823842a3bdac58c1261b2,1200,1200,RGB,UNIFORM_RGB,REDISTRIBUTION_PROHIBITED,ACCEPTED,,data\raw\amarket_full\7771259690504_50ca85193130.jpg
79a6e1fef9fa2c153ae3ba99246d714316beefe9593258cb34f691b389139971,7896058500899,Gomitas Dori Sabor Banana X 13G,Gomitas Dori Sabor Banana X 13G,AMARKET,https://amarket.com.bo/collections/lo-nuevo/products/7896058500899,https://amarket.com.bo/cdn/shop/files/7896058500899_1200x1200.jpg?v=1782799696,2026-08-21T02:13:53.327355+00:00,59f35c31-a86c-44d9-adbe-e27e1d03b535,200,image/jpeg,1.0.0,a7f0bf2beea0d2b1dfa59435d70cd8097147e54e72efd60c71dee10bc7f34a02,a7f0bf2beea0d2b1dfa59435d70cd8097147e54e72efd60c71dee10bc7f34a02,1200,1200,RGB,UNIFORM_RGB,REDISTRIBUTION_PROHIBITED,ACCEPTED,,data\raw\amarket_full\7896058500899_a7f0bf2beea0.jpg
79f385fe7bf9bb2cb32e201b445af56e1c0635268c10607ba41ada6a1a035a9b,7899706197762,Protector Solar Loreal Uv Defender Fps50+ Con Color X 40G,DescripciónEl L'Oréal Paris UV Defender Fluido con Color FPS 50+ Tono Claro es un protector solar facial de uso diario diseñado para proteger la piel frente a los rayos UVA y UVB mientras ayuda a unificar el tono con un acabado natural y ligero. Su fórmula 3 en 1 combina protección solar acción anticontaminación y resi,AMARKET,https://amarket.com.bo/collections/lo-nuevo/products/7899706197762,https://amarket.com.bo/cdn/shop/files/7899706197762_1200x1200.jpg?v=1787204864,2026-08-21T02:20:08.358499+00:00,59f35c31-a86c-44d9-adbe-e27e1d03b535,200,image/jpeg,1.0.0,4338670ee0ecf14f485fda18746f21285afbfb181010c447085ebd48df8e7dd0,4338670ee0ecf14f485fda18746f21285afbfb181010c447085ebd48df8e7dd0,1200,1200,RGB,UNIFORM_RGB,REDISTRIBUTION_PROHIBITED,ACCEPTED,,data\raw\amarket_full\7899706197762_4338670ee0ec.jpg
7a2db58a80dfe1d608f91d8314afbf68a54b6ece9f1359e4d0b1bcedd8f69e4e,7773800002811,Pack Cigarrilos L&M Splash 2X20 Unidades,Pack Cigarrilos L&amp;M Splash 2X20 Unidades,AMARKET,https://amarket.com.bo/collections/lo-nuevo/products/7773800002811,https://amarket.com.bo/cdn/shop/files/7773800002811_1200x1200.jpg?v=1787204692,2026-08-21T02:05:30.498078+00:00,59f35c31-a86c-44d9-adbe-e27e1d03b535,200,image/jpeg,1.0.0,e7b10f8549df9c5504821e0dc08533236f195f342147e1572720b4729363884c,e7b10f8549df9c5504821e0dc08533236f195f342147e1572720b4729363884c,1200,1200,RGB,UNIFORM_RGB,REDISTRIBUTION_PROHIBITED,ACCEPTED,,data\raw\amarket_full\7773800002811_e7b10f8549df.jpg
7a39a3e74c0831b03d90096cabfabd432664b37361c951d566a3bac51479e601,8410412608022,Set Facial Babaria Ácido Hialurónico Crema+Serum+Neceser,Descripción:Set de Ácido Hialurónico compuesto por una crema facial y un sérum ultra hidratante diseñado para proporcionar una hidratación profunda y ayudar a mejorar la firmeza elasticidad y luminosidad de la piel. La combinación de ambos productos potencia la acción del ácido hialurónico favoreciendo una piel más sua,AMARKET,https://amarket.com.bo/collections/lo-nuevo/products/8410412608022,https://amarket.com.bo/cdn/shop/files/8410412608022_1200x1200.jpg?v=1787205153,2026-08-21T02:21:14.743721+00:00,59f35c31-a86c-44d9-adbe-e27e1d03b535,200,image/jpeg,1.0.0,bb9613c2daa43233912694b37b18243cbf21039226af54b2db79005a76fa0c5d,bb9613c2daa43233912694b37b18243cbf21039226af54b2db79005a76fa0c5d,1200,1200,RGB,UNIFORM_RGB,REDISTRIBUTION_PROHIBITED,ACCEPTED,,data\raw\amarket_full\8410412608022_bb9613c2daa4.jpg
7a57e443af74a43668f893542ab18f044f42e4e6dd2e1477dc436a3a3fcbf7ce,7896042041377,Secador De Ensalada Plasutil  Gris X 2.8L,Secador De Ensalada Plasutil Gris X 2.8L,AMARKET,https://amarket.com.bo/collections/lo-nuevo/products/7896042041377,https://amarket.com.bo/cdn/shop/files/7896042041377_1200x1200.jpg?v=1787204077,2026-08-21T02:13:36.681054+00:00,59f35c31-a86c-44d9-adbe-e27e1d03b535,200,image/jpeg,1.0.0,6e8a13682334d1411f03bc00e28faaf762b8e48ac35e4b6c315617824dceadd6,6e8a13682334d1411f03bc00e28faaf762b8e48ac35e4b6c315617824dceadd6,1200,1200,RGB,UNIFORM_RGB,REDISTRIBUTION_PROHIBITED,ACCEPTED,,data\raw\amarket_full\7896042041377_6e8a13682334.jpg
7a65a9e41504d44397d2a616b8458896ddabd76fcd4e6d91632a0d3fdf267603,855958006693,Alimento Para Gato Inaba Churu Pollo Cangrejo X 56G,Alimento Para Gato Inaba Churu Pollo Cangrejo X 56G,AMARKET,https://amarket.com.bo/collections/lo-nuevo/products/855958006693,https://amarket.com.bo/cdn/shop/files/855958006693_d50e56b9-dc2e-4fe3-874d-701fd719be1c_1200x1200.jpg?v=1787204903,2026-08-21T02:21:27.520631+00:00,59f35c31-a86c-44d9-adbe-e27e1d03b535,200,image/jpeg,1.0.0,a1dd1d0f37a7fdebef8934a5322485ec559d03bc8a26401e04f56912ec8d1b47,a1dd1d0f37a7fdebef8934a5322485ec559d03bc8a26401e04f56912ec8d1b47,1200,1200,RGB,UNIFORM_RGB,REDISTRIBUTION_PROHIBITED,ACCEPTED,,data\raw\amarket_full\855958006693_a1dd1d0f37a7.jpg
7b07b766d964281edc7f6a7ac30731fe32d591e3c7693710031c6be275f97c16,7896183900755,Aceituna Verde En Conserva Zaeli Con Carozo X 300G,Aceituna Verde En Conserva Zaeli Con Carozo X 300G,AMARKET,https://amarket.com.bo/collections/lo-nuevo/products/7896183900755,https://amarket.com.bo/cdn/shop/files/7896183900755_1200x1200.jpg?v=1780379808,2026-08-21T02:15:29.964918+00:00,59f35c31-a86c-44d9-adbe-e27e1d03b535,200,image/jpeg,1.0.0,fcb0df9c90389bc9a9fbd6db1c5aa8b1a8a7733f6acbb98063e48ef5d3f16bc8,fcb0df9c90389bc9a9fbd6db1c5aa8b1a8a7733f6acbb98063e48ef5d3f16bc8,1000,1000,RGB,UNIFORM_RGB,REDISTRIBUTION_PROHIBITED,ACCEPTED,,data\raw\amarket_full\7896183900755_fcb0df9c9038.jpg
7b3a7a69f3e805a6bc1501804d369f61fa977efd73e0e30c081695531a939fa7,7773510140476,Yuca Precocida Polar Corte Bastón X 1Kg,Yuca Precocida Polar Corte Bastón X 1Kg,AMARKET,https://amarket.com.bo/collections/lo-nuevo/products/7773510140476,https://amarket.com.bo/cdn/shop/files/7773510140476_1200x1200.jpg?v=1787204915,2026-08-21T02:05:19.685695+00:00,59f35c31-a86c-44d9-adbe-e27e1d03b535,200,image/jpeg,1.0.0,46f4505d63857e584608af63af45397ba9952d8c183e0d5031a66000d37735de,46f4505d63857e584608af63af45397ba9952d8c183e0d5031a66000d37735de,1200,1200,RGB,UNIFORM_RGB,REDISTRIBUTION_PROHIBITED,ACCEPTED,,data\raw\amarket_full\7773510140476_46f4505d6385.jpg
7b61da93853dbdf993d5964cedf118a5105bb7a7086c5c12f46a455c0ee735c4,048107256302,Proteína Gnc Weight Gainer Double Chocolate X 927G,Características: Marca: Gnc. Sabor: Double Chocolate. Contenido neto: 927 G. Variedad: Weight Gainer.,AMARKET,https://amarket.com.bo/collections/lo-nuevo/products/048107256302,https://amarket.com.bo/cdn/shop/files/048107256302_1200x1200.jpg?v=1787205966,2026-08-21T01:46:44.385159+00:00,59f35c31-a86c-44d9-adbe-e27e1d03b535,200,image/jpeg,1.0.0,c38b57d7e44e1f1dcd81fc9f06163e046985859c34f7f85151995077c5f4cc3d,c38b57d7e44e1f1dcd81fc9f06163e046985859c34f7f85151995077c5f4cc3d,1200,1200,RGB,UNIFORM_RGB,REDISTRIBUTION_PROHIBITED,ACCEPTED,,data\raw\amarket_full\048107256302_c38b57d7e44e.jpg
7b7c921cd48544d894294d425f8ec713f0adf6bea14fb193a787331ebdc3d2a3,7896183905729,Fideos Instantáneos Zaeli Carne X 85G,Fideos Instantáneos Zaeli Carne X 85G,AMARKET,https://amarket.com.bo/collections/lo-nuevo/products/7896183905729,https://amarket.com.bo/cdn/shop/files/7896183905729_1200x1200.jpg?v=1787205040,2026-08-21T02:16:00.135433+00:00,59f35c31-a86c-44d9-adbe-e27e1d03b535,200,image/jpeg,1.0.0,f9095d7efa6855e267a6737815d03d58acfc51e42ea1ffcbfa2ca4e98cbcc7ec,f9095d7efa6855e267a6737815d03d58acfc51e42ea1ffcbfa2ca4e98cbcc7ec,1000,1000,RGB,UNIFORM_RGB,REDISTRIBUTION_PROHIBITED,ACCEPTED,,data\raw\amarket_full\7896183905729_f9095d7efa68.jpg
7c840911d856d140bcd4cc69b260e2c66d188c28ac7e7ed3bd4c8d95de0b9f8f,7896451927903,Gomitas Docile Gelatines Beso X 80G,Gomitas Docile Gelatines Beso X 80G,AMARKET,https://amarket.com.bo/collections/lo-nuevo/products/7896451927903,https://amarket.com.bo/cdn/shop/files/7896451927903_1200x1200.jpg?v=1787205105,2026-08-21T02:17:51.812990+00:00,59f35c31-a86c-44d9-adbe-e27e1d03b535,200,image/jpeg,1.0.0,bf47bfd8c53b572eb69b0aa5f161105dfe7465c12eb2c0e7d5dbbe064e9714dc,bf47bfd8c53b572eb69b0aa5f161105dfe7465c12eb2c0e7d5dbbe064e9714dc,1200,1200,RGB,UNIFORM_RGB,REDISTRIBUTION_PROHIBITED,ACCEPTED,,data\raw\amarket_full\7896451927903_bf47bfd8c53b.jpg
7c9d46b701642d10ed9051a8d2dbcdda38c30a1ed09e471641a5ee4f742fc6b1,309974700115,Base Para Rostro Revlon Colorstay Vitamina E Tono 330 Natural Tan,DescripciónLa base de maquillaje de larga duración SPF 20 está diseñada para piel normal a seca ofreciendo un acabado impecable hasta por 24 horas. Enriquecida con ácido hialurónico contribuye a aumentar la hidratación de la piel ayudando a mantenerla suave fresca y con un brillo saludable. Ideal para quienes buscan un,AMARKET,https://amarket.com.bo/collections/lo-nuevo/products/309974700115,https://amarket.com.bo/cdn/shop/files/309974700115_0573abbb-c829-4e64-9e3e-5dcf2e04ca7a_1200x1200.jpg?v=1775108622,2026-08-21T01:49:59.117551+00:00,59f35c31-a86c-44d9-adbe-e27e1d03b535,200,image/jpeg,1.0.0,0f4664ea0bc70dcc9aa05859dbf6d6f930a2a3f6a5e51ca99e5d540c4705bb61,0f4664ea0bc70dcc9aa05859dbf6d6f930a2a3f6a5e51ca99e5d540c4705bb61,1200,1200,RGB,UNIFORM_RGB,REDISTRIBUTION_PROHIBITED,ACCEPTED,,data\raw\amarket_full\309974700115_0f4664ea0bc7.jpg
7da1834d2db1a1b4798c83558e45b7ca8170a9d54e0ef4298ef19b6080b524a1,7503037746192,Refresco En Polvo Zuko Sabor Piña X 13G,Mezcla en polvo para preparar bebida instantánea sabor a piña.,AMARKET,https://amarket.com.bo/collections/lo-nuevo/products/7503037746192,https://amarket.com.bo/cdn/shop/files/7503037746192_1200x1200.jpg?v=1778305940,2026-08-21T01:52:58.695430+00:00,59f35c31-a86c-44d9-adbe-e27e1d03b535,200,image/jpeg,1.0.0,c4605faf1d5b772f8c55afc5bb1e09252e9cd53e73aab6d427e852d6a41cc4e0,c4605faf1d5b772f8c55afc5bb1e09252e9cd53e73aab6d427e852d6a41cc4e0,1200,1200,RGB,UNIFORM_RGB,REDISTRIBUTION_PROHIBITED,ACCEPTED,,data\raw\amarket_full\7503037746192_c4605faf1d5b.jpg
7dabbc6d9bb633efd9d71b88515d366b29b4219469d17994bf6d2b61b6cf6a64,7896058503067,Caramelos Dori Hortela Mint X 500G,Caramelos Dori Hortela Mint X 500G,AMARKET,https://amarket.com.bo/collections/lo-nuevo/products/7896058503067,https://amarket.com.bo/cdn/shop/files/7896058503067_1200x1200.jpg?v=1782799688,2026-08-21T02:14:10.205440+00:00,59f35c31-a86c-44d9-adbe-e27e1d03b535,200,image/jpeg,1.0.0,ba111134140186d56838aa4f0673dae49df1b3b5df3bb83c5dbfe4fdd934dfdd,ba111134140186d56838aa4f0673dae49df1b3b5df3bb83c5dbfe4fdd934dfdd,1200,1200,RGB,UNIFORM_RGB,REDISTRIBUTION_PROHIBITED,ACCEPTED,,data\raw\amarket_full\7896058503067_ba1111341401.jpg
7db87da94915d5a4680abfc3ca3ee2f417210a757343ee0d3d952d1998e80097,7896451901361,Pastillas Docile Minty Frutilla X 17G,Pastillas Docile Minty Frutilla X 17G,AMARKET,https://amarket.com.bo/collections/lo-nuevo/products/7896451901361,https://amarket.com.bo/cdn/shop/files/7896451901361_1200x1200.jpg?v=1781071351,2026-08-21T02:16:16.342350+00:00,59f35c31-a86c-44d9-adbe-e27e1d03b535,200,image/jpeg,1.0.0,3c076dce153dc1c9f7a4d9fcb44efd61a56f8edb40b3fecd839f807b0cddaa68,3c076dce153dc1c9f7a4d9fcb44efd61a56f8edb40b3fecd839f807b0cddaa68,1200,1200,RGB,UNIFORM_RGB,REDISTRIBUTION_PROHIBITED,ACCEPTED,,data\raw\amarket_full\7896451901361_3c076dce153d.jpg
7e1f01b7f8ac53f92e539cf3d368f3a8b0da6d33043409e23803f3babf69ec8c,7702191523537,Shampoo Sedal Toque De Seda Amino-Silk X 650Ml,Shampoo Sedal Toque De Seda Amino-Silk X 650Ml,AMARKET,https://amarket.com.bo/collections/lo-nuevo/products/7702191523537,https://amarket.com.bo/cdn/shop/files/7702191523537_1200x1200.jpg?v=1787204842,2026-08-21T01:56:40.808320+00:00,59f35c31-a86c-44d9-adbe-e27e1d03b535,200,image/jpeg,1.0.0,8e8a9394547ac01048e9d8aa73cda3da705f4d550ec6c1612dd1b642b5b47fb8,8e8a9394547ac01048e9d8aa73cda3da705f4d550ec6c1612dd1b642b5b47fb8,1200,1200,RGB,UNIFORM_RGB,REDISTRIBUTION_PROHIBITED,ACCEPTED,,data\raw\amarket_full\7702191523537_8e8a9394547a.jpg
7e3e4ed889e15266f74c58b55b46053a7cb766aefa4c6733b53bf3ab2c592f56,1000000000500,Pack Toallitas Humedas Number 1 Baby Suave 4 X 90 Unidades,DescripciónLas toallitas húmedas Number One ofrecen una limpieza diaria suave resistente y segura para la piel sensible del bebé gracias a su fórmula sin alcohol. Son ideales para el cambio de pañal manteniendo la piel hidratada fresca y protegida. Además su empaque con cierre adhesivo asegura la humedad y vienen en pr,AMARKET,https://amarket.com.bo/collections/lo-nuevo/products/1000000000500,https://amarket.com.bo/cdn/shop/files/1000000000500_1200x1200.jpg?v=1787204949,2026-08-21T01:48:41.138785+00:00,59f35c31-a86c-44d9-adbe-e27e1d03b535,200,image/jpeg,1.0.0,8b411446d59af83496e184380a5ee282645f62c53dd2ba85cdc79cdfea8f8337,8b411446d59af83496e184380a5ee282645f62c53dd2ba85cdc79cdfea8f8337,1200,1200,RGB,UNIFORM_RGB,REDISTRIBUTION_PROHIBITED,ACCEPTED,,data\raw\amarket_full\1000000000500_8b411446d59a.jpg
7e50b4005f04880a89f7f00603c93812f29e73264c2c75416cb4c7203b3ce81b,7771257081212,Salsa Brixy Pomarola X 200G,Salsa Brixy Pomarola X 200G,AMARKET,https://amarket.com.bo/collections/lo-nuevo/products/7771257081212,https://amarket.com.bo/cdn/shop/files/7771257081212_1200x1200.jpg?v=1787204899,2026-08-21T02:00:16.413328+00:00,59f35c31-a86c-44d9-adbe-e27e1d03b535,200,image/jpeg,1.0.0,080fb63ddfc82fb43ca808ab9ea132412859fb231c705c4670eb9ef1882a0187,080fb63ddfc82fb43ca808ab9ea132412859fb231c705c4670eb9ef1882a0187,1200,1200,RGB,UNIFORM_RGB,REDISTRIBUTION_PROHIBITED,ACCEPTED,,data\raw\amarket_full\7771257081212_080fb63ddfc8.jpg
7f3adba40273053d9ff44b06d5d6918770f1f1c266b7b7e105189b9c620b6291,8410412608015,Set Facial Babaria Vitamina C Crema+Serum+Neceser,Descripción:Set de Vitamina C compuesto por una crema facial y un sérum antioxidante diseñado para ayudar a iluminar la piel reducir la apariencia de manchas y combatir los signos del envejecimiento. La combinación de ambos productos potencia la acción de la Vitamina C proporcionando protección antioxidante frente a la,AMARKET,https://amarket.com.bo/collections/lo-nuevo/products/8410412608015,https://amarket.com.bo/cdn/shop/files/8410412608015_1200x1200.jpg?v=1787205153,2026-08-21T02:21:11.466131+00:00,59f35c31-a86c-44d9-adbe-e27e1d03b535,200,image/jpeg,1.0.0,27664bcfbedc37432b69940fd4c0791cbfcd3d92f4f42eaff815ffbe326cc3b9,27664bcfbedc37432b69940fd4c0791cbfcd3d92f4f42eaff815ffbe326cc3b9,1200,1200,RGB,UNIFORM_RGB,REDISTRIBUTION_PROHIBITED,ACCEPTED,,data\raw\amarket_full\8410412608015_27664bcfbedc.jpg
7f8555660704b2c8f2577cda950342af0ec6edf98d1685f5c61f1efbf8cf95c6,42277057,Crema Facial Nivea 7En1 Ultra Ligera Nutritiva X 100Ml,Descripción:La Crema Facial NIVEA con Aminoácidos está formulada para proporcionar hidratación y nutrición intensiva como parte del cuidado diario de la piel. Su fórmula con aminoácidos ayuda a mantener la barrera cutánea hidratada dejando la piel suave y confortable con una textura ligera y de rápida absorción que no,AMARKET,https://amarket.com.bo/collections/lo-nuevo/products/42277057,https://amarket.com.bo/cdn/shop/files/42277057_1200x1200.jpg?v=1784874489,2026-08-21T01:51:31.401680+00:00,59f35c31-a86c-44d9-adbe-e27e1d03b535,200,image/jpeg,1.0.0,53da31a86345714221eec9aa23a11a2066d11d422ae4f5def3de223030b835c6,53da31a86345714221eec9aa23a11a2066d11d422ae4f5def3de223030b835c6,1200,1200,RGB,UNIFORM_RGB,REDISTRIBUTION_PROHIBITED,ACCEPTED,,data\raw\amarket_full\42277057_53da31a86345.jpg
7f8d9d6dad2c9fbedea773181fe544a34e40f401975c91c8547537455106072a,7773510140131,Aceite De Palta Botanica X 250Ml,Aceite De Palta Botanica X 250Ml,AMARKET,https://amarket.com.bo/collections/lo-nuevo/products/7773510140131,https://amarket.com.bo/cdn/shop/files/7773510140131_1200x1200.jpg?v=1787204914,2026-08-21T02:05:05.448206+00:00,59f35c31-a86c-44d9-adbe-e27e1d03b535,200,image/jpeg,1.0.0,bc9b4e2b2bb94e60c84b39f323078489a891310804ebeaec5c5e4727d4d06bc9,bc9b4e2b2bb94e60c84b39f323078489a891310804ebeaec5c5e4727d4d06bc9,1200,1200,RGB,UNIFORM_RGB,REDISTRIBUTION_PROHIBITED,ACCEPTED,,data\raw\amarket_full\7773510140131_bc9b4e2b2bb9.jpg
7fff854bc3e06ce4533fed53d8019d26d67fda7a95d160a8de091a4ea9a9ac19,6942108418483,Waka Solo2 Strawberry Kiwi 3500 Puffs,Descripción:El WAKA Solo2 Upgraded Strawberry Kiwi es un vape desechable de alto rendimiento diseñado para ofrecer una experiencia práctica cómoda y consistente. Su combinación de fresa dulce y kiwi refrescante proporciona un equilibrio perfecto entre notas frutales intensas y un toque ligeramente ácido creando una sen,AMARKET,https://amarket.com.bo/collections/lo-nuevo/products/6942108418483,https://amarket.com.bo/cdn/shop/files/6942108418483_1200x1200.jpg?v=1787205146,2026-08-21T01:52:19.017650+00:00,59f35c31-a86c-44d9-adbe-e27e1d03b535,200,image/jpeg,1.0.0,2438700a50974d55c2b5516b6bd82f8f6263c0cbaebeebbc33105f0fc73cdc45,2438700a50974d55c2b5516b6bd82f8f6263c0cbaebeebbc33105f0fc73cdc45,1200,1200,RGB,UNIFORM_RGB,REDISTRIBUTION_PROHIBITED,ACCEPTED,,data\raw\amarket_full\6942108418483_2438700a5097.jpg
8047378c76284368ec747493798eef3150249b8d1757956d91902ba1532db193,7702026158644,Jabón Intimo Nosotras Esencial-V X 200Ml,Descripción:El Jabón Íntimo Nosotras Fórmula Esencial V está especialmente formulado para la higiene diaria de la zona íntima femenina. Contiene ingredientes de origen natural como manzanilla y ácido láctico que ayudan a limpiar cuidar y humectar la delicada piel de la zona V sin alterar su equilibrio natural. Su fórmu,AMARKET,https://amarket.com.bo/collections/lo-nuevo/products/7702026158644,https://amarket.com.bo/cdn/shop/files/7702026158644_1200x1200.jpg?v=1782454287,2026-08-21T01:55:56.503934+00:00,59f35c31-a86c-44d9-adbe-e27e1d03b535,200,image/jpeg,1.0.0,001274517d947f195a52f48505fb2743f525d4a25186d1aae91cbcc42bd705b2,001274517d947f195a52f48505fb2743f525d4a25186d1aae91cbcc42bd705b2,1200,1200,RGB,UNIFORM_RGB,REDISTRIBUTION_PROHIBITED,ACCEPTED,,data\raw\amarket_full\7702026158644_001274517d94.jpg
80c36d524f1764cf37e5f19a8499e8cc5a25442945d378a166d00a6a81de16b9,8901030971945,Loción Vaseline Cocoa Glow X 400Ml,Descripción:La Loción Corporal Vaseline es un humectante de uso diario desarrollado para hidratar profundamente reparar y proteger la piel seca o deshidratada. Su fórmula enriquecida con microgotas de Vaseline Jelly® ayuda a retener la humedad esencial de la piel fortaleciendo su barrera natural y proporcionando una se,AMARKET,https://amarket.com.bo/collections/lo-nuevo/products/8901030971945,https://amarket.com.bo/cdn/shop/files/8901030971945_1200x1200.jpg?v=1781936563,2026-08-21T02:22:16.403109+00:00,59f35c31-a86c-44d9-adbe-e27e1d03b535,200,image/jpeg,1.0.0,be1698c817bedb945dc6169faf8db3ba91302aa4b54bd04e2ef460523d5b6cbc,be1698c817bedb945dc6169faf8db3ba91302aa4b54bd04e2ef460523d5b6cbc,1200,1200,RGB,UNIFORM_RGB,REDISTRIBUTION_PROHIBITED,ACCEPTED,,data\raw\amarket_full\8901030971945_be1698c817be.jpg
80d879080f365630436e1f4a973a65cb0261e1c6c2679516a5cb45fe4f0932b9,051817502652,Mezcla En Polvo Choco Listo Fresa Doypack X 200G,Mezcla En Polvo Choco Listo Fresa Doypack X 200G,AMARKET,https://amarket.com.bo/collections/lo-nuevo/products/051817502652,https://amarket.com.bo/cdn/shop/files/051817502652_1200x1200.jpg?v=1787205037,2026-08-21T01:46:47.722366+00:00,59f35c31-a86c-44d9-adbe-e27e1d03b535,200,image/jpeg,1.0.0,e0bf5ae2c3ccebc07fefeb661c1dfd066ceda57689e26b409d95da166a23e878,e0bf5ae2c3ccebc07fefeb661c1dfd066ceda57689e26b409d95da166a23e878,1000,1000,RGB,UNIFORM_RGB,REDISTRIBUTION_PROHIBITED,ACCEPTED,,data\raw\amarket_full\051817502652_e0bf5ae2c3cc.jpg
80fc4bfb05ae710d0c02a0b2649ab31d9dcb0720e0364cbc849709d1014aa481,6941696108509,Vape Waka Go 10K 5% Nicotina Blueberry Splash,DescripciónWaka Go Blueberry Splash 10.000 Puffs es un vape desechable de alto rendimiento diseñado para brindar una experiencia prolongada y consistente. Combina el sabor dulce y refrescante del arándano con un toque fresco que ofrece una sensación suave y agradable en cada inhalación. Producto destinado para adultos,AMARKET,https://amarket.com.bo/collections/lo-nuevo/products/6941696108509,https://amarket.com.bo/cdn/shop/files/6941696108509_1200x1200.jpg?v=1774416656,2026-08-21T01:52:05.481024+00:00,59f35c31-a86c-44d9-adbe-e27e1d03b535,200,image/jpeg,1.0.0,a87d131b1e65062f2f621f7fc6a7f64208f3404ffef9ba87a535b6c9663706ac,a87d131b1e65062f2f621f7fc6a7f64208f3404ffef9ba87a535b6c9663706ac,1200,1200,RGB,UNIFORM_RGB,REDISTRIBUTION_PROHIBITED,ACCEPTED,,data\raw\amarket_full\6941696108509_a87d131b1e65.jpg
8102467892d12071bbb5c722fba2e13b80f8489b3ce2e4e5d4e4a93f77843692,7899620665125,Pote De Vidrio Hermético Ou Fresh Lock Negro 1.2L,Canjea tu cartilla con 40 stickers de la colección Los Imperdibles + Bs 109 y podrás canjear este Pote de vidrio hermético Fresh Lock Negro de 1.2 Litros.,AMARKET,https://amarket.com.bo/collections/lo-nuevo/products/7899620665125,https://amarket.com.bo/cdn/shop/files/7899620665125_1200x1200.jpg?v=1783060015,2026-08-21T02:19:55.207805+00:00,59f35c31-a86c-44d9-adbe-e27e1d03b535,200,image/jpeg,1.0.0,feb4c90c1b4cdae097c930bbe8f3ae2366935530fc11cc437205d0e008b7ea8c,feb4c90c1b4cdae097c930bbe8f3ae2366935530fc11cc437205d0e008b7ea8c,1200,1200,RGB,UNIFORM_RGB,REDISTRIBUTION_PROHIBITED,ACCEPTED,,data\raw\amarket_full\7899620665125_feb4c90c1b4c.jpg
81286d43898be53eddfc27e888ed1ec8bc31f0e9c48374cf629cee220873d730,9000211,Chicle Top Line Seven Atomic Strong X 14G,Chicle Top Line Seven Atomic Strong X 14G,AMARKET,https://amarket.com.bo/collections/lo-nuevo/products/9000211,https://amarket.com.bo/cdn/shop/files/9000211_1200x1200.jpg?v=1787205944,2026-08-21T02:22:22.736552+00:00,59f35c31-a86c-44d9-adbe-e27e1d03b535,200,image/jpeg,1.0.0,929044c3d43de3d1ee26e058498123b6d88896f1781b247cc8e31a7b82d9bb86,929044c3d43de3d1ee26e058498123b6d88896f1781b247cc8e31a7b82d9bb86,1200,1200,RGB,UNIFORM_RGB,REDISTRIBUTION_PROHIBITED,ACCEPTED,,data\raw\amarket_full\9000211_929044c3d43d.jpg
819a5c751fe2ff859c9b607368aa7fa78c0e8cc3e48fb89e249c901804b98575,77771315,Cigarrillos Crafted Marlboro X 20 Unidades,Cigarrillos Crafted Marlboro X 20 Unidades,AMARKET,https://amarket.com.bo/collections/lo-nuevo/products/77771315,https://amarket.com.bo/cdn/shop/files/77771315_1200x1200.jpg?v=1777096404,2026-08-21T02:07:04.752644+00:00,59f35c31-a86c-44d9-adbe-e27e1d03b535,200,image/jpeg,1.0.0,3598788f5fcca3b2eb572b9a479921f488624dc4a011d2ea4b6526941b084809,3598788f5fcca3b2eb572b9a479921f488624dc4a011d2ea4b6526941b084809,1200,1200,RGB,UNIFORM_RGB,REDISTRIBUTION_PROHIBITED,ACCEPTED,,data\raw\amarket_full\77771315_3598788f5fcc.jpg
81d82b230e7217e194be24e35e39dbde50cdfcd1c29e47c1ae16ca35b51f8369,7509552992076,Loción Capilar Elvive Collagen Lifter X 100Ml,Descripción:El Sérum Elvive Colágeno Lifter Engrosador de L'Oréal Paris está diseñado para cabellos finos delgados y con falta de volumen. Su fórmula ayuda a aportar una apariencia de mayor grosor y densidad a la fibra capilar proporcionando un cabello con más cuerpo movimiento y un aspecto visiblemente más abundante s,AMARKET,https://amarket.com.bo/collections/lo-nuevo/products/7509552992076,https://amarket.com.bo/cdn/shop/files/7509552992076_1200x1200.jpg?v=1787205949,2026-08-21T01:55:08.787524+00:00,59f35c31-a86c-44d9-adbe-e27e1d03b535,200,image/jpeg,1.0.0,deb047ea391c1b503212b0b8d159ba7c24883f718cfa5499ef540d992f9ae975,deb047ea391c1b503212b0b8d159ba7c24883f718cfa5499ef540d992f9ae975,1200,1200,RGB,UNIFORM_RGB,REDISTRIBUTION_PROHIBITED,ACCEPTED,,data\raw\amarket_full\7509552992076_deb047ea391c.jpg
82100984ffd25661f40b79ac1d423643ecaafc68a82c39a2c8e5af78f81a7133,7770000420100,Corazón De Pollo Nutribarf Liofilizado X 50G,Descripción:El Corazón de Pollo Liofilizado Nutribarf es un snack natural premium elaborado con 100% corazón de pollo. Gracias a su proceso de liofilización conserva el sabor aroma y nutrientes originales del ingrediente convirtiéndose en una verdadera superfood para perros. Su intenso aroma y sabor lo hacen irresistib,AMARKET,https://amarket.com.bo/collections/lo-nuevo/products/7770000420100,https://amarket.com.bo/cdn/shop/files/7770000420100_1200x1200.jpg?v=1787205166,2026-08-21T01:57:01.942569+00:00,59f35c31-a86c-44d9-adbe-e27e1d03b535,200,image/jpeg,1.0.0,c5d438b1a7ff64d21067a888862c574da550d3f647cea61d2d7bb27aed5fd870,c5d438b1a7ff64d21067a888862c574da550d3f647cea61d2d7bb27aed5fd870,1200,1200,RGB,UNIFORM_RGB,REDISTRIBUTION_PROHIBITED,ACCEPTED,,data\raw\amarket_full\7770000420100_c5d438b1a7ff.jpg
82662b318a8b56f311bf68881e3ace5701dc678b23d9096b4aaf21eaa67db9c1,7771258730379,Leche Ultrapasteurizada Eba Uht Bolsa X 900Ml,DescripciónLa Leche Ultrapasteurizada EBA UHT en bolsa 900 ml es una leche procesada mediante tratamiento UHT (ultra alta temperatura) lo que permite su conservación por más tiempo sin necesidad de refrigeración antes de abrir. Es una opción práctica para el consumo diario en bebidas o preparaciones. Presentación de 90,AMARKET,https://amarket.com.bo/collections/lo-nuevo/products/7771258730379,https://amarket.com.bo/cdn/shop/files/7771258730379_1200x1200.jpg?v=1773293868,2026-08-21T02:00:30.658973+00:00,59f35c31-a86c-44d9-adbe-e27e1d03b535,200,image/jpeg,1.0.0,d597e6f214198f55ebe169b5e44e3e97db458721e1b0f0b4820282a2743b3666,d597e6f214198f55ebe169b5e44e3e97db458721e1b0f0b4820282a2743b3666,1200,1200,RGB,UNIFORM_RGB,REDISTRIBUTION_PROHIBITED,ACCEPTED,,data\raw\amarket_full\7771258730379_d597e6f21419.jpg
830ee44eb81e653f104819a11291efaa20b360f5461340b9de729ebecddf6b11,7509552949773,Protector Solar Garnier Super Uv Fps50+ Toque Seco X 40G,Descripción:El Protector Solar Facial Garnier Super UV Express Aclara Anti-Manchas Toque Seco FPS 50+ es una crema facial de uso diario diseñada para proteger la piel de los daños causados por los rayos solares mientras ayuda a mejorar la apariencia del tono del rostro. Su fórmula enriquecida con Vitamina C contribuye,AMARKET,https://amarket.com.bo/collections/lo-nuevo/products/7509552949773,https://amarket.com.bo/cdn/shop/files/7509552949773_1200x1200.jpg?v=1782454288,2026-08-21T01:53:54.648604+00:00,59f35c31-a86c-44d9-adbe-e27e1d03b535,200,image/jpeg,1.0.0,43bab91ca10289802c1799e513524494b185ad0ece48bf54ba520bc6e1d0325e,43bab91ca10289802c1799e513524494b185ad0ece48bf54ba520bc6e1d0325e,1200,1200,RGB,UNIFORM_RGB,REDISTRIBUTION_PROHIBITED,ACCEPTED,,data\raw\amarket_full\7509552949773_43bab91ca102.jpg
83e809253f547f0d3928abcd479e8b0b4cfbe9f02f53b777cb0bf7272df4969d,7897520016399,Shampoo Procao Detox X 500Ml,Descripción:El Champú Detox Procão está especialmente desarrollado para la higiene de cachorros mayores de 6 meses. Su fórmula con extracto de té verde ayuda a eliminar la suciedad acumulada y el exceso de grasa dejando el pelaje limpio suave y con una agradable fragancia. Además sus propiedades antioxidantes contribuy,AMARKET,https://amarket.com.bo/collections/lo-nuevo/products/7897520016399,https://amarket.com.bo/cdn/shop/files/7897520016399_1200x1200.jpg?v=1784140922,2026-08-21T02:18:46.968383+00:00,59f35c31-a86c-44d9-adbe-e27e1d03b535,200,image/jpeg,1.0.0,19ac6998882d2ab371eb7b7d171c118927e453e76001dd0e28197da59f62b309,19ac6998882d2ab371eb7b7d171c118927e453e76001dd0e28197da59f62b309,1200,1200,RGB,UNIFORM_RGB,REDISTRIBUTION_PROHIBITED,ACCEPTED,,data\raw\amarket_full\7897520016399_19ac6998882d.jpg
83ee637f95865bfef98e81e900474389579ce14880f6f63c556e7dc84be2ba1a,6930862781516,Pañales Baby Vale Talla S X 30 Unidades,Descripción:Los Pañales Baby Vale Talla S están diseñados para brindar comodidad y protección al bebé durante el uso diario. Su presentación incluye 30 pañales desechables en talla S.,AMARKET,https://amarket.com.bo/collections/lo-nuevo/products/6930862781516,https://amarket.com.bo/cdn/shop/files/6930862781516_1200x1200.jpg?v=1787206058,2026-08-21T01:51:48.003999+00:00,59f35c31-a86c-44d9-adbe-e27e1d03b535,200,image/jpeg,1.0.0,e10d62971c31afc1debee41a48be4ba95f5d7bd46dc0870f8b8246342e8b86d8,e10d62971c31afc1debee41a48be4ba95f5d7bd46dc0870f8b8246342e8b86d8,1200,1200,RGB,UNIFORM_RGB,REDISTRIBUTION_PROHIBITED,ACCEPTED,,data\raw\amarket_full\6930862781516_e10d62971c31.jpg
83f3afbb4094bae1b62675161beb5bb3adfa4a6207250c9ba18d894d7ac6a5b4,7509552957235,Labial Líquido Vogue Resist Radiante X 3Ml,Descripción:El Labial Líquido Vogue Resist está diseñado para ofrecer un color intenso acabado mate y una duración excepcional durante todo el día. Su fórmula indeleble e impermeable proporciona una cobertura uniforme desde la primera aplicación manteniéndose intacta frente al agua el roce los besos y las comidas. Grac,AMARKET,https://amarket.com.bo/collections/lo-nuevo/products/7509552957235,https://amarket.com.bo/cdn/shop/files/7509552957235_1200x1200.jpg?v=1787205138,2026-08-21T01:54:01.794534+00:00,59f35c31-a86c-44d9-adbe-e27e1d03b535,200,image/jpeg,1.0.0,a0d47b29b004b7da521e642e587f0eb29290f15bce749b015d499afe427b84a6,a0d47b29b004b7da521e642e587f0eb29290f15bce749b015d499afe427b84a6,1200,1200,RGB,UNIFORM_RGB,REDISTRIBUTION_PROHIBITED,ACCEPTED,,data\raw\amarket_full\7509552957235_a0d47b29b004.jpg
84e0aff316ce7a04d442dfb2ad0d1b8a20f664a3d1ca1cd29bc19fe7adcf356b,7790010003186,Shampoo Johnson Baby Glicerina Y Vitamina B5 X 750Ml,DescripciónEl Shampoo Johnson's Clásico 750 ml está formulado para limpiar suavemente el cabello y cuero cabelludo sin irritar. Su fórmula “sin lágrimas” con pH balanceado e hipoalergénico es ideal para bebés desde el nacimiento y también para adultos con cuero cabelludo sensible o que buscan un shampoo suave de uso di,AMARKET,https://amarket.com.bo/collections/lo-nuevo/products/7790010003186,https://amarket.com.bo/cdn/shop/files/7790010003186_1200x1200.jpg?v=1779170033,2026-08-21T02:07:45.411688+00:00,59f35c31-a86c-44d9-adbe-e27e1d03b535,200,image/jpeg,1.0.0,d37e3a0682ae017a531617fce86e2d5e66884225114b3c956b4db20887eeab41,d37e3a0682ae017a531617fce86e2d5e66884225114b3c956b4db20887eeab41,1200,1200,RGB,UNIFORM_RGB,REDISTRIBUTION_PROHIBITED,ACCEPTED,,data\raw\amarket_full\7790010003186_d37e3a0682ae.jpg
8517ebcdfd2fb8e64724720010f570102f9b5676bbc6cec54a8755e65926f9ea,7509552982701,Brillo Labial Vogue Boombastic Magnética X 6.8Ml,Descripción:El Brillo Labial Vogue Boombastic proporciona un efecto de volumen instantáneo con un acabado ultra brillante que realza la apariencia natural de los labios. Su fórmula genera una sensación de calor al aplicarse ofreciendo un efecto voluminizador visible y una textura cómoda para lucir unos labios con mayor,AMARKET,https://amarket.com.bo/collections/lo-nuevo/products/7509552982701,https://amarket.com.bo/cdn/shop/files/7509552982701_1200x1200.jpg?v=1784787796,2026-08-21T01:54:51.585059+00:00,59f35c31-a86c-44d9-adbe-e27e1d03b535,200,image/jpeg,1.0.0,fcf6829cb25f7a5c5a5e25786b73b1f9e2fcf3b3a32858011acc7de9f296736e,fcf6829cb25f7a5c5a5e25786b73b1f9e2fcf3b3a32858011acc7de9f296736e,1200,1200,RGB,UNIFORM_RGB,REDISTRIBUTION_PROHIBITED,ACCEPTED,,data\raw\amarket_full\7509552982701_fcf6829cb25f.jpg
8573cf6db827c992a0e834df30961edbfba90b759f2f8eec7d2722fdf35ca75c,6941696111424,Vape Waka Creator Crystal Blueberry Frost 12000 Puffs,Vape Waka Creator Crystal Blueberry Frost 12000 Puffs,AMARKET,https://amarket.com.bo/collections/lo-nuevo/products/6941696111424,https://amarket.com.bo/cdn/shop/files/6941696111424_1200x1200.jpg?v=1778824607,2026-08-21T01:52:15.394028+00:00,59f35c31-a86c-44d9-adbe-e27e1d03b535,200,image/jpeg,1.0.0,e6056f495e8400faa956f22b539587149940b03e8dff14b032954c17af9b7645,e6056f495e8400faa956f22b539587149940b03e8dff14b032954c17af9b7645,1200,1200,RGB,UNIFORM_RGB,REDISTRIBUTION_PROHIBITED,ACCEPTED,,data\raw\amarket_full\6941696111424_e6056f495e84.jpg
85bb6682fbad27e20f42671a5e19320aea887ace535907149d70e372f9744191,7896115700392,Talco Tralala Baby Suave Lavanda X 160G,Descripción:Este producto es un talco para bebés formulado para ayudar a mantener la piel seca fresca y protegida frente a la humedad. Está diseñado para su uso diario en la rutina de cuidado infantil especialmente en zonas donde la piel requiere mayor protección como pliegues y área del pañal. Su fragancia suave a lav,AMARKET,https://amarket.com.bo/collections/lo-nuevo/products/7896115700392,https://amarket.com.bo/cdn/shop/files/7896115700392_1200x1200.jpg?v=1787205476,2026-08-21T02:14:46.450551+00:00,59f35c31-a86c-44d9-adbe-e27e1d03b535,200,image/jpeg,1.0.0,26a43529f71717d88d7fa1edea9274e351bab29c05a52cc72fd509acfb68ad51,26a43529f71717d88d7fa1edea9274e351bab29c05a52cc72fd509acfb68ad51,1200,1200,RGB,UNIFORM_RGB,REDISTRIBUTION_PROHIBITED,ACCEPTED,,data\raw\amarket_full\7896115700392_26a43529f717.jpg
8611f94d1355fd59e4ba15d1e61d7356c55c9a58321b2285652e0efdb300708b,7791293049960,Acondicionador Tresemme Keratina Antifrizz X 500Ml,Descripción:El Acondicionador TRESemmé Keratina Antifrizz está formulado para controlar el frizz de manera instantánea y mantener el cabello suave brillante y manejable. Su fórmula profesional con queratina hidrolizada y tecnología de blindaje antiestático ayuda a alinear las fibras capilares protegerlas de la humedad,AMARKET,https://amarket.com.bo/collections/lo-nuevo/products/7791293049960,https://amarket.com.bo/cdn/shop/files/7791293049960_1200x1200.jpg?v=1787205145,2026-08-21T02:08:16.416565+00:00,59f35c31-a86c-44d9-adbe-e27e1d03b535,200,image/jpeg,1.0.0,a6c3d7e18321c5c8f1f5becee5fc3bbae7b4eac69176d8d5f49295d46f8d05bf,a6c3d7e18321c5c8f1f5becee5fc3bbae7b4eac69176d8d5f49295d46f8d05bf,1200,1200,RGB,UNIFORM_RGB,REDISTRIBUTION_PROHIBITED,ACCEPTED,,data\raw\amarket_full\7791293049960_a6c3d7e18321.jpg
87805002531c1f9084e7111fcd9af8e0f0ef035bf9f389392557e214d21534e3,7770017980062,Cereal Frutinick 7 Cereales Frutal Bolsa X 22G,Descripción:El Cereal de Desayuno Sabor a Frutas combina maíz trigo avena soya y quinua para ofrecer una opción práctica y nutritiva para el desayuno. Su fórmula aporta proteínas fibra hierro y calcio nutrientes esenciales que complementan una alimentación equilibrada y ayudan a cubrir los requerimientos nutricionales,AMARKET,https://amarket.com.bo/collections/lo-nuevo/products/7770017980062,https://amarket.com.bo/cdn/shop/files/7770017980062_1200x1200.jpg?v=1784787776,2026-08-21T01:57:50.836318+00:00,59f35c31-a86c-44d9-adbe-e27e1d03b535,200,image/jpeg,1.0.0,9ccaa06c9c27fdcf5beb72d847de75bd49fb6df4ff2d7af7d0c2c12ddaaf677d,9ccaa06c9c27fdcf5beb72d847de75bd49fb6df4ff2d7af7d0c2c12ddaaf677d,1200,1200,RGB,UNIFORM_RGB,REDISTRIBUTION_PROHIBITED,ACCEPTED,,data\raw\amarket_full\7770017980062_9ccaa06c9c27.jpg
87913039a77325ece38eda8d694844a0588f43a218d98a15f5f862a18c6569f2,7896451918611,Malvavisco Docile Rosa Y Blanco Bolsa X 50G,Malvavisco Docile Rosa Y Blanco Bolsa X 50G,AMARKET,https://amarket.com.bo/collections/lo-nuevo/products/7896451918611,https://amarket.com.bo/cdn/shop/files/7896451918611_1200x1200.jpg?v=1787205101,2026-08-21T02:17:48.796537+00:00,59f35c31-a86c-44d9-adbe-e27e1d03b535,200,image/jpeg,1.0.0,9eac5c36a5d2700728d3cb696fa4622643f0163b7b11c222ca34fc38c92038e7,9eac5c36a5d2700728d3cb696fa4622643f0163b7b11c222ca34fc38c92038e7,1200,1200,RGB,UNIFORM_RGB,REDISTRIBUTION_PROHIBITED,ACCEPTED,,data\raw\amarket_full\7896451918611_9eac5c36a5d2.jpg
879699c33a62e3fd2ed591fec255c0a3af94b62a7d91d646eefd742a7531df32,7773431000293,Pan Para Hamburguesa Vikinger X 8 Unidades,DescripciónEl Pan para Hamburguesa Vikinger viene en presentación de 8 unidades con textura suave y esponjosa ideal para preparar hamburguesas caseras.,AMARKET,https://amarket.com.bo/collections/lo-nuevo/products/7773431000293,https://amarket.com.bo/cdn/shop/files/7773431000293_1200x1200.jpg?v=1787203269,2026-08-21T02:04:23.110097+00:00,59f35c31-a86c-44d9-adbe-e27e1d03b535,200,image/jpeg,1.0.0,9f3b9aef3aad2b4c913449d381ba90700fe8882c93ea9d086f8452097053fa4f,9f3b9aef3aad2b4c913449d381ba90700fe8882c93ea9d086f8452097053fa4f,1200,1200,RGB,UNIFORM_RGB,REDISTRIBUTION_PROHIBITED,ACCEPTED,,data\raw\amarket_full\7773431000293_9f3b9aef3aad.jpg
87c27c184b30a7f630d80a5c67f96b4eedcd78473df5909580d1a122915d76de,1200185060748,Stanley Quencher Protour Pink Dusk Stitch X 1.18L,DescripciónEl icónico Quencher ProTour Flip Straw incorpora una tapa a prueba de fugas con pajilla integrada que se abre fácilmente con un solo movimiento para beber cómodamente y se cierra al terminar para mayor seguridad.Beneficios: Tapa a prueba de fugas con Flip Straw. Mantiene bebidas frías hasta 11 horas. Conserv,AMARKET,https://amarket.com.bo/collections/lo-nuevo/products/1200185060748,https://amarket.com.bo/cdn/shop/files/1200185060748_1200x1200.jpg?v=1787204875,2026-08-21T01:48:59.006563+00:00,59f35c31-a86c-44d9-adbe-e27e1d03b535,200,image/jpeg,1.0.0,e2957ee1e4e7bbfc603d43c683165401dc4974ce5c6f43f2e1180242b4b45c0a,e2957ee1e4e7bbfc603d43c683165401dc4974ce5c6f43f2e1180242b4b45c0a,1200,1200,RGB,UNIFORM_RGB,REDISTRIBUTION_PROHIBITED,ACCEPTED,,data\raw\amarket_full\1200185060748_e2957ee1e4e7.jpg
88051e4df2cde6b7a0834a1668f013394115a24ff045996673da75aba0759ecd,041554098303,Barra Facial Multi-Usos Maybelline Lifter Stix Nro. 10,Descripción:La Lifter Stix Multi-Use Face Stick de Maybelline New York es una base de maquillaje en barra de textura ultra cremosa y fácil difuminado diseñada para ofrecer un acabado natural con efecto visual de lifting. Su fórmula enriquecida con aceite de semilla de arándano permite una aplicación uniforme y versátil,AMARKET,https://amarket.com.bo/collections/lo-nuevo/products/041554098303,https://amarket.com.bo/cdn/shop/files/041554098303_1200x1200.jpg?v=1784036537,2026-08-21T01:46:30.813306+00:00,59f35c31-a86c-44d9-adbe-e27e1d03b535,200,image/jpeg,1.0.0,643a5ebad07053fde6cbed1b003904f8790baf028f851126f6946c59e7738da4,643a5ebad07053fde6cbed1b003904f8790baf028f851126f6946c59e7738da4,1200,1200,RGB,UNIFORM_RGB,REDISTRIBUTION_PROHIBITED,ACCEPTED,,data\raw\amarket_full\041554098303_643a5ebad070.jpg
882cef5dd5b26ece91e33cb445873abf222c5d338ec1a32aced559f4a1200007,7791293050119,Shampoo Tresemme Liso Efecto Profesional X 500Ml,Descripción:El Shampoo TRESemmé Liso Efecto Profesional está desarrollado para quienes buscan un cabello más liso alineado y con menos volumen. Su fórmula profesional ayuda a rellenar la fibra capilar controlar el frizz y lograr un cabello visiblemente más suave y manejable desde el primer lavado. Está inspirado en tra,AMARKET,https://amarket.com.bo/collections/lo-nuevo/products/7791293050119,https://amarket.com.bo/cdn/shop/files/7791293050119_1200x1200.jpg?v=1781330268,2026-08-21T02:08:19.796220+00:00,59f35c31-a86c-44d9-adbe-e27e1d03b535,200,image/jpeg,1.0.0,8182f504dc185c935a63bce50375b2e292a2758305736438efd4863c6615e548,8182f504dc185c935a63bce50375b2e292a2758305736438efd4863c6615e548,1200,1200,RGB,UNIFORM_RGB,REDISTRIBUTION_PROHIBITED,ACCEPTED,,data\raw\amarket_full\7791293050119_8182f504dc18.jpg
88d809ec864efeec1baea6001c225e1b04af21edee0a37a0e4f16cec88a38cea,3997800006202,Caramelos Miel Y Propoleo Irupana Antichaja X 100G,Caramelos Miel Y Propoleo Irupana Antichaja X 100G,AMARKET,https://amarket.com.bo/collections/lo-nuevo/products/3997800006202,https://amarket.com.bo/cdn/shop/files/3997800006202_1200x1200.jpg?v=1787204934,2026-08-21T01:50:57.709133+00:00,59f35c31-a86c-44d9-adbe-e27e1d03b535,200,image/jpeg,1.0.0,04d06eea2be9ed7009fc899ab3ac0a6ca256aec48408a78c8b54991f51b7c13a,04d06eea2be9ed7009fc899ab3ac0a6ca256aec48408a78c8b54991f51b7c13a,1200,1200,RGB,UNIFORM_RGB,REDISTRIBUTION_PROHIBITED,ACCEPTED,,data\raw\amarket_full\3997800006202_04d06eea2be9.jpg
892aa941705083054b3c651d5d5dbdf978e85a31e2b1976604f27cd2db2883dc,7898080665805,Energizante Baly Sabor Champan X 250Ml,Descripción:El Energizante Baly Sabor Champán es una bebida energética no alcohólica de 250 ml con un perfil de sabor único e inspirado en el clásico champán. Ofrece una combinación delicada de notas frutadas y cítricas pensada para quienes buscan una experiencia energética diferente a los sabores tradicionales.Caracte,AMARKET,https://amarket.com.bo/collections/lo-nuevo/products/7898080665805,https://amarket.com.bo/cdn/shop/files/7898080665805_1200x1200.jpg?v=1771046668,2026-08-21T02:19:03.474705+00:00,59f35c31-a86c-44d9-adbe-e27e1d03b535,200,image/jpeg,1.0.0,0672df4cee9acd7716089afc6d3b299fca85ff5d4228fe52e6481074bfed4298,0672df4cee9acd7716089afc6d3b299fca85ff5d4228fe52e6481074bfed4298,1200,1200,RGB,UNIFORM_RGB,REDISTRIBUTION_PROHIBITED,ACCEPTED,,data\raw\amarket_full\7898080665805_0672df4cee9a.jpg
894193fdb3a8954dad25257e9b2e79ec6300a7ec5af46e25d53121c9acafecbf,7702032253111,Café Instantaneo Colcafe Clásico Suave X 170G,Café Instantaneo Colcafe Clásico Suave X 170G,AMARKET,https://amarket.com.bo/collections/lo-nuevo/products/7702032253111,https://amarket.com.bo/cdn/shop/files/7702032253111_1200x1200.jpg?v=1780379822,2026-08-21T01:56:19.935557+00:00,59f35c31-a86c-44d9-adbe-e27e1d03b535,200,image/jpeg,1.0.0,9a5e2636e0f9eac60f31e45faed926704499ac9786abe19822989fd4a584c6ad,9a5e2636e0f9eac60f31e45faed926704499ac9786abe19822989fd4a584c6ad,1000,1000,RGB,UNIFORM_RGB,REDISTRIBUTION_PROHIBITED,ACCEPTED,,data\raw\amarket_full\7702032253111_9a5e2636e0f9.jpg
894af15f849e1ff2eac7956701220433e4d8e3e3f17543daa41fdef61e560d04,7891151042178,Caramelo Up Date Masticables Frutal Surtido X 25G,DescripciónLos Caramelos Up Date Masticables Frutal Surtido 25 g son dulces masticables con una explosión de sabores frutales en cada bocado. Su textura suave y fácil de masticar los convierte en una opción deliciosa para disfrutar en cualquier momento del día compartir con amigos o acompañar tus meriendas.Característi,AMARKET,https://amarket.com.bo/collections/lo-nuevo/products/7891151042178,https://amarket.com.bo/cdn/shop/files/7891151042178_1200x1200.jpg?v=1787203139,2026-08-21T02:12:55.969208+00:00,59f35c31-a86c-44d9-adbe-e27e1d03b535,200,image/jpeg,1.0.0,03100a6a233b714e003db3d7ec5dd4bc67b21e1dc600299a0c32fac2013c0334,03100a6a233b714e003db3d7ec5dd4bc67b21e1dc600299a0c32fac2013c0334,1200,1200,RGB,UNIFORM_RGB,REDISTRIBUTION_PROHIBITED,ACCEPTED,,data\raw\amarket_full\7891151042178_03100a6a233b.jpg
8a0937b61df276d91dc029b451e04155bb3deb9410a5ca6aab4a611aeba402de,7774904460286,Jugo Tampico Island Punch X 2L,Jugo Tampico Island Punch Sabor Piña Plátano y Naranja X 2L,AMARKET,https://amarket.com.bo/collections/lo-nuevo/products/7774904460286,https://amarket.com.bo/cdn/shop/files/7774904460286_1200x1200.jpg?v=1782540601,2026-08-21T02:06:54.509097+00:00,59f35c31-a86c-44d9-adbe-e27e1d03b535,200,image/jpeg,1.0.0,71e654c6daea19ca43ecae6fbc2afaa39b2136f60ac9f0a490a72ac27cc232fa,71e654c6daea19ca43ecae6fbc2afaa39b2136f60ac9f0a490a72ac27cc232fa,1200,1200,RGB,UNIFORM_RGB,REDISTRIBUTION_PROHIBITED,ACCEPTED,,data\raw\amarket_full\7774904460286_71e654c6daea.jpg
8a59137009d655f802f42f9d52181ea2384cadb7a8d9b9a6a6804807341cd581,7773435930381,Pan Molde Con Mantequilla Samuel X 300G,DescripciónEl Pan Molde Samuel Mantenquilla es un pan suave y esponjoso con un toque de mantequilla que realza su sabor ideal para disfrutar en desayunos meriendas o sándwiches. Presentación de 300 g.,AMARKET,https://amarket.com.bo/collections/lo-nuevo/products/7773435930381,https://amarket.com.bo/cdn/shop/files/7773435930381_1200x1200.jpg?v=1787203272,2026-08-21T02:04:47.601989+00:00,59f35c31-a86c-44d9-adbe-e27e1d03b535,200,image/jpeg,1.0.0,8b77dd89e651d8a1fd07566062391fed10dedd39a27e6d9edd73afa7fa97a607,8b77dd89e651d8a1fd07566062391fed10dedd39a27e6d9edd73afa7fa97a607,1200,1200,RGB,UNIFORM_RGB,REDISTRIBUTION_PROHIBITED,ACCEPTED,,data\raw\amarket_full\7773435930381_8b77dd89e651.jpg
8aa2fda96140c9aaa1b9b90e66b2429d6c51b23565a124da86d40ccbbb03b51a,650240073540,Shampoo Tio Nacho Reparacion Profunda X 950Ml,Descripción:El Shampoo Tío Nacho Keratina Vegetal Reparación Profunda está desarrollado para limpiar y revitalizar el cabello dañado ayudando a mejorar su apariencia y resistencia. Su fórmula con queratina vegetal contribuye a reparar la fibra capilar reducir la apariencia de las puntas abiertas y dejar el cabello más,AMARKET,https://amarket.com.bo/collections/lo-nuevo/products/650240073540,https://amarket.com.bo/cdn/shop/files/650240073540_1200x1200.jpg?v=1787205961,2026-08-21T01:51:41.622901+00:00,59f35c31-a86c-44d9-adbe-e27e1d03b535,200,image/jpeg,1.0.0,e4e62ac79fbfa03f623dbef47e1eefb54f0459e9f12ce77f9c1a388503588898,e4e62ac79fbfa03f623dbef47e1eefb54f0459e9f12ce77f9c1a388503588898,1200,1200,RGB,UNIFORM_RGB,REDISTRIBUTION_PROHIBITED,ACCEPTED,,data\raw\amarket_full\650240073540_e4e62ac79fbf.jpg
8b2317f6b4ab762fabac86b980c5135815b047a39abcf3ed234f57f6e5bf02e5,7772314690019,Aji Molido 1918 Amarillo X 30G,Aji Molido 1918 Amarillo X 30G,AMARKET,https://amarket.com.bo/collections/lo-nuevo/products/7772314690019,https://amarket.com.bo/cdn/shop/files/7772314690019_1200x1200.jpg?v=1773985044,2026-08-21T02:02:42.946030+00:00,59f35c31-a86c-44d9-adbe-e27e1d03b535,200,image/jpeg,1.0.0,c6170a547745e0478af5401316efb72bdb5ca5b8064b5dd911f9555d046da060,c6170a547745e0478af5401316efb72bdb5ca5b8064b5dd911f9555d046da060,1200,1200,RGB,UNIFORM_RGB,REDISTRIBUTION_PROHIBITED,ACCEPTED,,data\raw\amarket_full\7772314690019_c6170a547745.jpg
8b551769dbbd2d245c78daa57822ce454b2e5d7b6e0e4084f0f1810915e77ae8,7896042077840,Secador De Ensalada Plastutil Surtido X 2.8L,Secador De Ensalada Plastutil Surtido X 2.8L,AMARKET,https://amarket.com.bo/collections/lo-nuevo/products/7896042077840,https://amarket.com.bo/cdn/shop/files/7896042077840_1200x1200.jpg?v=1775108419,2026-08-21T02:13:43.336246+00:00,59f35c31-a86c-44d9-adbe-e27e1d03b535,200,image/jpeg,1.0.0,469b0b3bbfcae7531609cec5977b2af0a4d63162d8959fcd11a88642c1943baa,469b0b3bbfcae7531609cec5977b2af0a4d63162d8959fcd11a88642c1943baa,1200,1200,RGB,UNIFORM_RGB,REDISTRIBUTION_PROHIBITED,ACCEPTED,,data\raw\amarket_full\7896042077840_469b0b3bbfca.jpg
8b63fe1025dddef0c566ad824beb7cf46e6626dd34a3c1f4a269e68d99c8af41,7896058503074,Caramelos Lua Cheia Masticables Rellenos Chantilly X 500G,Caramelos Lua Cheia Masticables Rellenos Chantilly X 500G,AMARKET,https://amarket.com.bo/collections/lo-nuevo/products/7896058503074,https://amarket.com.bo/cdn/shop/files/7896058503074_1200x1200.jpg?v=1782799690,2026-08-21T02:14:13.632030+00:00,59f35c31-a86c-44d9-adbe-e27e1d03b535,200,image/jpeg,1.0.0,d3d317f6090a33394337e33377422d9430113b84cdccb08fbf546ffd8b3deb29,d3d317f6090a33394337e33377422d9430113b84cdccb08fbf546ffd8b3deb29,1200,1200,RGB,UNIFORM_RGB,REDISTRIBUTION_PROHIBITED,ACCEPTED,,data\raw\amarket_full\7896058503074_d3d317f6090a.jpg
8bb4418a0589604c659deea5a14a33d9352c5ed48172e663745f22e4fa07e23a,7770109740123,Proteina De Soya Integra Filete X 500G,Descripción:La Proteína de Soya Integra Filete 500 g es un alimento elaborado a partir de proteína de soya texturizada en forma de filetes utilizado como alternativa vegetal a la proteína de origen animal. Este producto se obtiene del procesamiento de la soya una leguminosa reconocida por su alto contenido proteico y s,AMARKET,https://amarket.com.bo/collections/lo-nuevo/products/7770109740123,https://amarket.com.bo/cdn/shop/files/7770109740123_1200x1200.jpg?v=1772861300,2026-08-21T01:58:55.625648+00:00,59f35c31-a86c-44d9-adbe-e27e1d03b535,200,image/jpeg,1.0.0,6efb7fd4b45dd30aa1aa97f2ea9f75be4dd365036bca5f9a998860d0866e8693,6efb7fd4b45dd30aa1aa97f2ea9f75be4dd365036bca5f9a998860d0866e8693,1200,1200,RGB,UNIFORM_RGB,REDISTRIBUTION_PROHIBITED,ACCEPTED,,data\raw\amarket_full\7770109740123_6efb7fd4b45d.jpg
8bef77c327762a2cb844ac8f3471aa67b89efe2e8003390f679aa6bc23356993,0799192522864,Bocaditos Salados Mix Nax Snax X 120G,Bocaditos Salados Mix Nax Snax X 120G,AMARKET,https://amarket.com.bo/collections/lo-nuevo/products/0799192522864,https://amarket.com.bo/cdn/shop/files/0799192522864_1200x1200.jpg?v=1777442075,2026-08-21T01:48:01.595555+00:00,59f35c31-a86c-44d9-adbe-e27e1d03b535,200,image/jpeg,1.0.0,502f4a1f5a0a15f9ec9e7f7d946702e03d3f969911e59468326c290c71876643,502f4a1f5a0a15f9ec9e7f7d946702e03d3f969911e59468326c290c71876643,1200,1200,RGB,UNIFORM_RGB,REDISTRIBUTION_PROHIBITED,ACCEPTED,,data\raw\amarket_full\0799192522864_502f4a1f5a0a.jpg
8c483fde31378ca43c563cfcbf51cde96b7f9046336bd06ae70a5db338198899,7770109740178,Comino En Polvo Condimento Bolivia X 60G,Descripción:El Comino en Polvo Condimentos Bolivia 60 g es una especia obtenida de semillas de comino molidas utilizada para aportar aroma y sabor característico a diversas preparaciones culinarias. Puede incorporarse en carnes guisos sopas y salsas para realzar el sabor de los alimentos. Presentación de 60 g.,AMARKET,https://amarket.com.bo/collections/lo-nuevo/products/7770109740178,https://amarket.com.bo/cdn/shop/files/7770109740178_1200x1200.jpg?v=1773120513,2026-08-21T01:59:13.218994+00:00,59f35c31-a86c-44d9-adbe-e27e1d03b535,200,image/jpeg,1.0.0,d3f90766d4fd6024e933c90aebaf12cea79bda9448d5a91b43cc483a477850f0,d3f90766d4fd6024e933c90aebaf12cea79bda9448d5a91b43cc483a477850f0,1200,1200,RGB,UNIFORM_RGB,REDISTRIBUTION_PROHIBITED,ACCEPTED,,data\raw\amarket_full\7770109740178_d3f90766d4fd.jpg
8c60e3aa5aaa2b849460b0dd0bc76011087a49b1b3a01b099acd7b1222433765,7773510140452,Trigo Insuflado La Favorita Dulce X 130G,Trigo Insuflado La Favorita Dulce X 130G,AMARKET,https://amarket.com.bo/collections/lo-nuevo/products/7773510140452,https://amarket.com.bo/cdn/shop/files/7773510140452_1200x1200.jpg?v=1787204914,2026-08-21T02:05:16.228303+00:00,59f35c31-a86c-44d9-adbe-e27e1d03b535,200,image/jpeg,1.0.0,618ff1c4580650f113d0b638443877f15befc08116eee435f0b01fbf6aa0572c,618ff1c4580650f113d0b638443877f15befc08116eee435f0b01fbf6aa0572c,1200,1200,RGB,UNIFORM_RGB,REDISTRIBUTION_PROHIBITED,ACCEPTED,,data\raw\amarket_full\7773510140452_618ff1c45806.jpg
8d612083ad7321e9ca1a611dc81d6f1ef96d42e85571fd8ac48c4e679b681697,855958006686,Alimento Para Gato Inaba Churu Pollo Camarón X 56G,Alimento Para Gato Inaba Churu Pollo Camarón X 56G,AMARKET,https://amarket.com.bo/collections/lo-nuevo/products/855958006686,https://amarket.com.bo/cdn/shop/files/855958006686_1200x1200.jpg?v=1787204903,2026-08-21T02:21:24.224248+00:00,59f35c31-a86c-44d9-adbe-e27e1d03b535,200,image/jpeg,1.0.0,c0e47ad265d6817e6dc1ad9ea3a873517654bd915989d9763b4dc9ba85ac0207,c0e47ad265d6817e6dc1ad9ea3a873517654bd915989d9763b4dc9ba85ac0207,1200,1200,RGB,UNIFORM_RGB,REDISTRIBUTION_PROHIBITED,ACCEPTED,,data\raw\amarket_full\855958006686_c0e47ad265d6.jpg
8d93a8b1c6a27f83945d340b47fe7f675944f4fb8c8f156a155d3841408a631e,7774440391617,Eba Lleche Premium Eba Uht Bolsa X 800Mleche Premiun Uht Bolsa X 800Ml,DescripciónLa Leche Premium EBA UHT en bolsa 800 ml es una leche tratada mediante proceso UHT (ultra alta temperatura) que permite conservar sus propiedades por más tiempo sin necesidad de refrigeración antes de abrir. Es adecuada para el consumo diario y puede utilizarse en bebidas o diferentes preparaciones. Presenta,AMARKET,https://amarket.com.bo/collections/lo-nuevo/products/7774440391617,https://amarket.com.bo/cdn/shop/files/7774440391617_1200x1200.jpg?v=1787203667,2026-08-21T02:05:48.028876+00:00,59f35c31-a86c-44d9-adbe-e27e1d03b535,200,image/jpeg,1.0.0,4e795a3527ad6029ff00728704b9aa27ac2d7e9abe38ac5414ec7b6121d54c94,4e795a3527ad6029ff00728704b9aa27ac2d7e9abe38ac5414ec7b6121d54c94,1200,1200,RGB,UNIFORM_RGB,REDISTRIBUTION_PROHIBITED,ACCEPTED,,data\raw\amarket_full\7774440391617_4e795a3527ad.jpg
8dc925bff9da8cd687d5c3e39521534277b0899e448be5b30a0848dbe516cd9c,07896058500233,Gomitas Gusanitos Ácidos Dori Sabor Surtido X 60G,Gomitas Gusanitos Ácidos Dori Sabor Surtido X 60G,AMARKET,https://amarket.com.bo/collections/lo-nuevo/products/07896058500233,https://amarket.com.bo/cdn/shop/files/07896058500233_1200x1200.jpg?v=1782799690,2026-08-21T01:47:46.664732+00:00,59f35c31-a86c-44d9-adbe-e27e1d03b535,200,image/jpeg,1.0.0,64f1c89b981ac23bbe642bd20c9aff660655a26d69703c6fea72627a43de4e0f,64f1c89b981ac23bbe642bd20c9aff660655a26d69703c6fea72627a43de4e0f,1200,1200,RGB,UNIFORM_RGB,REDISTRIBUTION_PROHIBITED,ACCEPTED,,data\raw\amarket_full\07896058500233_64f1c89b981a.jpg
8eb5c7cca9061ea812b4e0001a111f1b56590ff2de10d15a27a0720f116e9dd0,3501119,Pulsera Narcissa Tipo A Surtido,Pulsera Narcissa Tipo A Surtido,AMARKET,https://amarket.com.bo/collections/lo-nuevo/products/3501119,https://amarket.com.bo/cdn/shop/files/3501119_1200x1200.jpg?v=1782712936,2026-08-21T01:50:47.695156+00:00,59f35c31-a86c-44d9-adbe-e27e1d03b535,200,image/jpeg,1.0.0,63455251accaffa8b0e7f30044536a3afc42be450c8f1f923a48849bdb64ac81,63455251accaffa8b0e7f30044536a3afc42be450c8f1f923a48849bdb64ac81,1200,1200,RGB,UNIFORM_RGB,REDISTRIBUTION_PROHIBITED,ACCEPTED,,data\raw\amarket_full\3501119_63455251acca.jpg
8ef9caea78b200a7f2d8086c944c0e69e0d2ce9e7745fd088f47c67c11e9c29c,9010082,Conservadora Tecnopor X 7L,DescripciónConservadora Tecnopor ideal para la conservación de alimentos y bebidas ya sean frias o calientes. Capacidad: 7 litros.,AMARKET,https://amarket.com.bo/collections/lo-nuevo/products/9010082,https://amarket.com.bo/cdn/shop/files/9010082_1200x1200.jpg?v=1787203821,2026-08-21T02:23:11.014954+00:00,59f35c31-a86c-44d9-adbe-e27e1d03b535,200,image/jpeg,1.0.0,757a1f9554c69fb3d1b93b1ffc6b787b574472fef8b2d7ddfc5c07ae1fa1a153,757a1f9554c69fb3d1b93b1ffc6b787b574472fef8b2d7ddfc5c07ae1fa1a153,1200,1200,RGB,UNIFORM_RGB,REDISTRIBUTION_PROHIBITED,ACCEPTED,,data\raw\amarket_full\9010082_757a1f9554c6.jpg
8f36c5528904c860251d22e42fecafd21e5c62856c88e0ed2ed77facf9aecdcb,7896770982591,Pañal Para Adulto Tena Slip Nocturno Talla L X 16 Unidades,Descripción:Este producto está diseñado para brindar protección comodidad y discreción a personas con pérdidas urinarias moderadas a severas. Su diseño tipo ropa interior permite un ajuste anatómico y seguro facilitando la movilidad y proporcionando una sensación similar a la de la ropa interior convencional. Está elab,AMARKET,https://amarket.com.bo/collections/lo-nuevo/products/7896770982591,https://amarket.com.bo/cdn/shop/files/7896770982591_1200x1200.jpg?v=1787205467,2026-08-21T02:17:58.044909+00:00,59f35c31-a86c-44d9-adbe-e27e1d03b535,200,image/jpeg,1.0.0,3625e5819aa52b846e8d82ea5161c8c90e743ef495502222c6952c680966dd32,3625e5819aa52b846e8d82ea5161c8c90e743ef495502222c6952c680966dd32,1200,1200,RGB,UNIFORM_RGB,REDISTRIBUTION_PROHIBITED,ACCEPTED,,data\raw\amarket_full\7896770982591_3625e5819aa5.jpg
8f64eec95382817d08ffad10e0b0eb1be924c676341a8b4566ce675b887392af,7770109060061,Mantequilla De Coco Coconut X 200G,Descripción:La Mantequilla de Coco Coconut 200 g es un producto elaborado a partir de coco conocido por su textura cremosa y su sabor natural característico. Puede utilizarse en distintas preparaciones culinarias tanto dulces como saladas o como ingrediente para untar cocinar o complementar recetas. Su consistencia sua,AMARKET,https://amarket.com.bo/collections/lo-nuevo/products/7770109060061,https://amarket.com.bo/cdn/shop/files/7770109060061_1200x1200.jpg?v=1772861292,2026-08-21T01:58:30.553241+00:00,59f35c31-a86c-44d9-adbe-e27e1d03b535,200,image/jpeg,1.0.0,8f75587a9de85fe63048eefcc06e9265e833622fff9dd3e83840f784ce4eb4ed,8f75587a9de85fe63048eefcc06e9265e833622fff9dd3e83840f784ce4eb4ed,1200,1200,RGB,UNIFORM_RGB,REDISTRIBUTION_PROHIBITED,ACCEPTED,,data\raw\amarket_full\7770109060061_8f75587a9de8.jpg
8f8ad07c47f01d98de8111ce17386ac5b20f3f871f03dfca2196d5be1841877a,7896058593365,Pastillas Chocolate Dori Disqueti Confitada X 40G,Pastillas Chocolate Dori Disqueti Confitada X 40G,AMARKET,https://amarket.com.bo/collections/lo-nuevo/products/7896058593365,https://amarket.com.bo/cdn/shop/files/7896058593365_1200x1200.jpg?v=1782799694,2026-08-21T02:14:33.365821+00:00,59f35c31-a86c-44d9-adbe-e27e1d03b535,200,image/jpeg,1.0.0,f89dc329a4f998624b6a3b3b6e72ab1352f07a4e5204779a4009ed4949e0c2ff,f89dc329a4f998624b6a3b3b6e72ab1352f07a4e5204779a4009ed4949e0c2ff,1200,1200,RGB,UNIFORM_RGB,REDISTRIBUTION_PROHIBITED,ACCEPTED,,data\raw\amarket_full\7896058593365_f89dc329a4f9.jpg
905d83651e7bd0e99e691fffcb583548c9baa4992d71356b6500799d93ad3070,7772115002752,Pack Johnnie Walker Etiqueta Roja 1L + Vaso,"Conforme a la Ley N.° 259, la venta de bebidas alcohólicas está restringida entre las 03:00 am y las 09:00 am. Los pedidos realizados durante ese horario se despacharán a partir de las 09:00 amDescripción:El Pack Johnnie Walker Etiqueta Roja 1 L + Vaso incluye una botella de whisky Johnnie Walker Red Label de 1 litro a",AMARKET,https://amarket.com.bo/collections/lo-nuevo/products/7772115002752,https://amarket.com.bo/cdn/shop/files/7772115002752_1200x1200.jpg?v=1787203718,2026-08-21T02:02:18.177316+00:00,59f35c31-a86c-44d9-adbe-e27e1d03b535,200,image/jpeg,1.0.0,40d82ca79543847346da5c2d5d0885fd2be38f938d32649a08d430bce1767a7c,40d82ca79543847346da5c2d5d0885fd2be38f938d32649a08d430bce1767a7c,1200,1200,RGB,UNIFORM_RGB,REDISTRIBUTION_PROHIBITED,ACCEPTED,,data\raw\amarket_full\7772115002752_40d82ca79543.jpg
911431a6cc03baaa4c6765c86a6532cb5b956febe1d96d9ccb539f0d50b00bc5,7896058259445,Galletas Tortitas Rellenas Con Mani Bon O Bon X 90G,Galletas Tortitas Rellenas Con Mani Bon O Bon X 90G,AMARKET,https://amarket.com.bo/collections/lo-nuevo/products/7896058259445,https://amarket.com.bo/cdn/shop/files/7896058259445_1200x1200.jpg?v=1787204764,2026-08-21T02:13:46.677886+00:00,59f35c31-a86c-44d9-adbe-e27e1d03b535,200,image/jpeg,1.0.0,4ede93a59872d2c14fab4bc133f3102e7828359d317421e2232240e34c42331f,4ede93a59872d2c14fab4bc133f3102e7828359d317421e2232240e34c42331f,1200,1200,RGB,UNIFORM_RGB,REDISTRIBUTION_PROHIBITED,ACCEPTED,,data\raw\amarket_full\7896058259445_4ede93a59872.jpg
9153f499a3b557a7df071b3d1a2a25187e27e5c568161d84fdfaddb9027186b5,7773435930282,Pan Molde Integral Samuel X 700G,DescripciónEl Pan Molde Integral Samuel es un pan elaborado con harina integral ideal para quienes buscan una opción práctica para sándwiches y tostadas dentro de su alimentación diaria. Su textura es suave y consistente facilitando su uso en diferentes preparaciones. Presentación de 700 g.,AMARKET,https://amarket.com.bo/collections/lo-nuevo/products/7773435930282,https://amarket.com.bo/cdn/shop/files/7773435930282_1200x1200.jpg?v=1787203269,2026-08-21T02:04:37.213559+00:00,59f35c31-a86c-44d9-adbe-e27e1d03b535,200,image/jpeg,1.0.0,d454cc506325cddd0ec37a604e6216c7694f61543749d25d85311283f1d0f4f4,d454cc506325cddd0ec37a604e6216c7694f61543749d25d85311283f1d0f4f4,1200,1200,RGB,UNIFORM_RGB,REDISTRIBUTION_PROHIBITED,ACCEPTED,,data\raw\amarket_full\7773435930282_d454cc506325.jpg
91ab28643ce2584016a524330e33ecc7f8958372a37aaf2bc3e930730e88c368,7771260681645,Yogurt Griego Delizia Pie De Limón X 170G,Yogurt Griego Delizia Pie De Limón X 170G,AMARKET,https://amarket.com.bo/collections/lo-nuevo/products/7771260681645,https://amarket.com.bo/cdn/shop/files/7771260681645_1200x1200.jpg?v=1786688074,2026-08-21T02:01:05.214393+00:00,59f35c31-a86c-44d9-adbe-e27e1d03b535,200,image/jpeg,1.0.0,8a70fd2cc5fa774c47a075d1e905b530b731d6c66f63ac4bfb0f9ae21cd2fed5,8a70fd2cc5fa774c47a075d1e905b530b731d6c66f63ac4bfb0f9ae21cd2fed5,1200,1200,RGB,UNIFORM_RGB,REDISTRIBUTION_PROHIBITED,ACCEPTED,,data\raw\amarket_full\7771260681645_8a70fd2cc5fa.jpg
91d519fe9aab04a0595ba0df4c92172d9257b26c980c6899a0d780ffbd9156f9,7771260681638,Helado De Agua Deli Pop Sabor Maracuya X 85Ml,Helado De Agua Deli Pop Sabor Maracuya X 85Ml,AMARKET,https://amarket.com.bo/collections/lo-nuevo/products/7771260681638,https://amarket.com.bo/cdn/shop/files/7771260681638_1200x1200.jpg?v=1787205147,2026-08-21T02:01:02.270083+00:00,59f35c31-a86c-44d9-adbe-e27e1d03b535,200,image/jpeg,1.0.0,f0687c4872c3d0a1e2db15ddc0fa4232a4d5c3ce401618e5372642a0995bbc72,f0687c4872c3d0a1e2db15ddc0fa4232a4d5c3ce401618e5372642a0995bbc72,1200,1200,RGB,UNIFORM_RGB,REDISTRIBUTION_PROHIBITED,ACCEPTED,,data\raw\amarket_full\7771260681638_f0687c4872c3.jpg
921e74d3ab0d273edf8eeb4be90230661b30683b945f9600bbcfb3ed3caef0cb,7891150046481,Paquete Jabón Dove 90G X 3 Unidades,Paquete Jabón Dove 90G X 3 Unidades,AMARKET,https://amarket.com.bo/collections/lo-nuevo/products/7891150046481,https://amarket.com.bo/cdn/shop/files/7891150046481_1200x1200.jpg?v=1787204843,2026-08-21T02:11:53.333531+00:00,59f35c31-a86c-44d9-adbe-e27e1d03b535,200,image/jpeg,1.0.0,65af2fac0144e6f75fa87706c45436ecee711ea591547b1c9a6a7142db8e642d,65af2fac0144e6f75fa87706c45436ecee711ea591547b1c9a6a7142db8e642d,1200,1200,RGB,UNIFORM_RGB,REDISTRIBUTION_PROHIBITED,ACCEPTED,,data\raw\amarket_full\7891150046481_65af2fac0144.jpg
9251927bd8e137de2f7cbdbdbd0225084bf41b61900aba04a6034782708f043f,7908529700254,Mostaza Salsaretti Salsaretti X 350,Mostaza Salsaretti Salsaretti X 350,AMARKET,https://amarket.com.bo/collections/lo-nuevo/products/7908529700254,https://amarket.com.bo/cdn/shop/files/7908529700254_1200x1200.jpg?v=1787205214,2026-08-21T02:20:44.584988+00:00,59f35c31-a86c-44d9-adbe-e27e1d03b535,200,image/jpeg,1.0.0,62df10ef3b599e467492bf8b9bc3d9a3f9dfa7a5c029ac0b4ca342d7835571a2,62df10ef3b599e467492bf8b9bc3d9a3f9dfa7a5c029ac0b4ca342d7835571a2,1200,1200,RGB,UNIFORM_RGB,REDISTRIBUTION_PROHIBITED,ACCEPTED,,data\raw\amarket_full\7908529700254_62df10ef3b59.jpg
9260b7459c26db2b5c8d09ca6687d71c52ecfa5ac24aacd1e421e572a8cc5237,091000009032,Labial Revlon Super Lustrous Tono 630 Raisin Rage,DescripciónEl Labial Revlon Super Lustrous es un clásico icónico que destaca por su aplicación suave y acabado confortable. Su fórmula con 80% de ingredientes acondicionadores ayuda a mantener los labios hidratados aportando una sensación cremosa y ligera en cada uso. Además contribuye a minimizar la apariencia de líne,AMARKET,https://amarket.com.bo/collections/lo-nuevo/products/091000009032,https://amarket.com.bo/cdn/shop/files/091000009032_1200x1200.jpg?v=1787204222,2026-08-21T01:48:37.566670+00:00,59f35c31-a86c-44d9-adbe-e27e1d03b535,200,image/jpeg,1.0.0,a43ed535da5cfafd20aa301b31947346569a60b6538607b01ba678f43dfc456b,a43ed535da5cfafd20aa301b31947346569a60b6538607b01ba678f43dfc456b,1200,1200,RGB,UNIFORM_RGB,REDISTRIBUTION_PROHIBITED,ACCEPTED,,data\raw\amarket_full\091000009032_a43ed535da5c.jpg
92684eb01ccb78f6785c8b5a37f7593a25aaf2bdf9345d7b4f6fb4cc39ad501a,7792070001652,Aceite De Oliva Nucete Extra Virgen Clásico X 250Ml,Aceite De Oliva Nucete Extra Virgen Clásico X 250Ml,AMARKET,https://amarket.com.bo/collections/lo-nuevo/products/7792070001652,https://amarket.com.bo/cdn/shop/files/7792070001652_1200x1200.jpg?v=1787205207,2026-08-21T02:08:33.626326+00:00,59f35c31-a86c-44d9-adbe-e27e1d03b535,200,image/jpeg,1.0.0,b9772d3c28958bcf77ad76f50bd0ef7b7946493fb79dfdc5d6359200ef8dd08d,b9772d3c28958bcf77ad76f50bd0ef7b7946493fb79dfdc5d6359200ef8dd08d,1200,1200,RGB,UNIFORM_RGB,REDISTRIBUTION_PROHIBITED,ACCEPTED,,data\raw\amarket_full\7792070001652_b9772d3c2895.jpg
92a3ce5f138b8622fbf33daa077ebbe5a0aec7ac2469c1d6066918eb0b0f4a0e,7702026160227,Toalla Femenina Tena Discreet Extra Absorción Larga X 8 Unidades,Toalla Femenina Tena Discreet Extra Absorción Larga X 8 Unidades,AMARKET,https://amarket.com.bo/collections/lo-nuevo/products/7702026160227,https://amarket.com.bo/cdn/shop/files/7702026160227_1200x1200.jpg?v=1782454285,2026-08-21T01:56:00.103838+00:00,59f35c31-a86c-44d9-adbe-e27e1d03b535,200,image/jpeg,1.0.0,e504b8acd2c0e60af18bea75dffc6c53ad73f17c6f61b76a40185f9f11b7d7db,e504b8acd2c0e60af18bea75dffc6c53ad73f17c6f61b76a40185f9f11b7d7db,1200,1200,RGB,UNIFORM_RGB,REDISTRIBUTION_PROHIBITED,ACCEPTED,,data\raw\amarket_full\7702026160227_e504b8acd2c0.jpg
92e6a9865152c391f1e548e35445e8b6a9e4192ab8caa2d9d9a7c678652a7757,7773400004178,Galletas La Francesa Saladitas Bolsa X 220G,Galletas La Francesa Saladitas Bolsa X 220G,AMARKET,https://amarket.com.bo/collections/lo-nuevo/products/7773400004178,https://amarket.com.bo/cdn/shop/files/7773400004178_1200x1200.jpg?v=1787205816,2026-08-21T02:03:40.004230+00:00,59f35c31-a86c-44d9-adbe-e27e1d03b535,200,image/jpeg,1.0.0,6973f71bdcf648d877f3017b629ea91accfa5dad6c5879d8a69ab3fbc648197b,6973f71bdcf648d877f3017b629ea91accfa5dad6c5879d8a69ab3fbc648197b,1200,1200,RGB,UNIFORM_RGB,REDISTRIBUTION_PROHIBITED,ACCEPTED,,data\raw\amarket_full\7773400004178_6973f71bdcf6.jpg
935bc0c93440e10208412e83527ab99d1b42f2d8b5cb82113fbfd5ed18d30175,7770000420094,Higado De Res Nutribarf Liofilizado X 50G,Descripción:El Hígado Liofilizado Nutribarf es un snack premium 100% natural elaborado mediante un proceso de liofilización que preserva sus nutrientes sabor y aroma de forma excepcional. Considerado uno de los alimentos más nutritivos de origen animal el hígado concentra una alta densidad de vitaminas y minerales en p,AMARKET,https://amarket.com.bo/collections/lo-nuevo/products/7770000420094,https://amarket.com.bo/cdn/shop/files/7770000420094_1200x1200.jpg?v=1787205167,2026-08-21T01:56:58.490267+00:00,59f35c31-a86c-44d9-adbe-e27e1d03b535,200,image/jpeg,1.0.0,ce732bea5ed48b031796bf761736e135b48d29ea3c8d9f54054ecf4d7abe04bf,ce732bea5ed48b031796bf761736e135b48d29ea3c8d9f54054ecf4d7abe04bf,1200,1200,RGB,UNIFORM_RGB,REDISTRIBUTION_PROHIBITED,ACCEPTED,,data\raw\amarket_full\7770000420094_ce732bea5ed4.jpg
936e1dfbef3103c04c8d3d96c7f2f044c5ba8fbff1f3f96cdfd4e13235ee5b40,074108517661,Plancha Alisadora Babyliss Pro Optima 3000 Pink,DescripciónLa Plancha Profesional Optima 3000 está diseñada para lograr un alisado perfecto ondas suaves o rizos definidos con resultados rápidos y profesionales. Sus placas de Nano Titanium distribuyen el calor de manera uniforme ayudando a dejar el cabello más suave brillante y sin frizz. Gracias a su sistema de dobl,AMARKET,https://amarket.com.bo/collections/lo-nuevo/products/074108517661,https://amarket.com.bo/cdn/shop/files/074108517661_1200x1200.jpg?v=1778910660,2026-08-21T01:47:22.319097+00:00,59f35c31-a86c-44d9-adbe-e27e1d03b535,200,image/jpeg,1.0.0,d5d66aee8ce2cf2c123719d419384346971afaed7141ddf797115151524e94df,d5d66aee8ce2cf2c123719d419384346971afaed7141ddf797115151524e94df,1200,1200,RGB,UNIFORM_RGB,REDISTRIBUTION_PROHIBITED,ACCEPTED,,data\raw\amarket_full\074108517661_d5d66aee8ce2.jpg
93c54cf33245e2a415b6fb724883b502a8e0a59a7bcb115e8b9df709ab768288,7896183901158,Condimento Completo Zaeli Con Pimienta X 300G,Condimento Completo Zaeli Con Pimienta X 300G,AMARKET,https://amarket.com.bo/collections/lo-nuevo/products/7896183901158,https://amarket.com.bo/cdn/shop/files/7896183901158_1200x1200.jpg?v=1780379808,2026-08-21T02:15:33.493707+00:00,59f35c31-a86c-44d9-adbe-e27e1d03b535,200,image/jpeg,1.0.0,b611e9b52823607a4764606a07b217b34e3a58864c5c183d44b156441effb5e4,b611e9b52823607a4764606a07b217b34e3a58864c5c183d44b156441effb5e4,1000,1000,RGB,UNIFORM_RGB,REDISTRIBUTION_PROHIBITED,ACCEPTED,,data\raw\amarket_full\7896183901158_b611e9b52823.jpg
94f5e62f06c4640bd9ee7db9d0310a970fe78cacef9036758b626bde9b87ba2d,7702025133161,Galletas Ducales Crakers X 27G,Galletas Ducales Crakers X 27G,AMARKET,https://amarket.com.bo/collections/lo-nuevo/products/7702025133161,https://amarket.com.bo/cdn/shop/files/7702025133161_1200x1200.jpg?v=1787205040,2026-08-21T01:55:49.866947+00:00,59f35c31-a86c-44d9-adbe-e27e1d03b535,200,image/jpeg,1.0.0,65990af174d4261acf6a78a867e85a94d386dd322c435bd20c5ef8e8aeab6814,65990af174d4261acf6a78a867e85a94d386dd322c435bd20c5ef8e8aeab6814,1200,1200,RGB,UNIFORM_RGB,REDISTRIBUTION_PROHIBITED,ACCEPTED,,data\raw\amarket_full\7702025133161_65990af174d4.jpg
969b5f98301fea1e88022faa7c30de25c5f5bbb4954e518864bcaf5678debe97,7770109740017,Ajo En Polvo Condimento Bolivia X 75G,Descripción:El Ajo en Polvo Condimentos Bolivia 75 g es un condimento elaborado a partir de ajo deshidratado y molido utilizado para aportar aroma y sabor característico a diversas preparaciones culinarias. Puede incorporarse fácilmente en recetas saladas salsas aderezos y diferentes platos. Presentación de 75 g.,AMARKET,https://amarket.com.bo/collections/lo-nuevo/products/7770109740017,https://amarket.com.bo/cdn/shop/files/7770109740017_1200x1200.jpg?v=1773120510,2026-08-21T01:58:34.187351+00:00,59f35c31-a86c-44d9-adbe-e27e1d03b535,200,image/jpeg,1.0.0,7d641aeb93c12cba50b9be201b7f5a2cd42f9949806acec98ecf235e878d7e2a,7d641aeb93c12cba50b9be201b7f5a2cd42f9949806acec98ecf235e878d7e2a,1200,1200,RGB,UNIFORM_RGB,REDISTRIBUTION_PROHIBITED,ACCEPTED,,data\raw\amarket_full\7770109740017_7d641aeb93c1.jpg
98443b409614cbe28ce240a5048fd3892708666e4fbd02f7e5a650a59b0d9783,7772919390444,Torta Helada Vacafria Sabor Oreo X 1L,Torta Helada Vacafria Sabor Oreo X 1L,AMARKET,https://amarket.com.bo/collections/lo-nuevo/products/7772919390444,https://amarket.com.bo/cdn/shop/files/7772919390444_1200x1200.jpg?v=1787205147,2026-08-21T02:03:11.085412+00:00,59f35c31-a86c-44d9-adbe-e27e1d03b535,200,image/jpeg,1.0.0,7ef309e5ef017ae1e2318ea2a63700e01259a758a832b649643b8eca0d74320b,7ef309e5ef017ae1e2318ea2a63700e01259a758a832b649643b8eca0d74320b,1200,1200,RGB,UNIFORM_RGB,REDISTRIBUTION_PROHIBITED,ACCEPTED,,data\raw\amarket_full\7772919390444_7ef309e5ef01.jpg
98fb748dfd157851fb986724a41f9e666b2c0d19135823847dc561cce353c47e,3997800022899,Propoleo Irupana Gotas X 30Ml,Propoleo Irupana Gotas X 30Ml,AMARKET,https://amarket.com.bo/collections/lo-nuevo/products/3997800022899,https://amarket.com.bo/cdn/shop/files/3997800022899_1200x1200.jpg?v=1787204934,2026-08-21T01:51:01.183944+00:00,59f35c31-a86c-44d9-adbe-e27e1d03b535,200,image/jpeg,1.0.0,20c63e1c158ab7454a76cd4e7c335bc2d9f9a065cd435091690d4977df63d921,20c63e1c158ab7454a76cd4e7c335bc2d9f9a065cd435091690d4977df63d921,1200,1200,RGB,UNIFORM_RGB,REDISTRIBUTION_PROHIBITED,ACCEPTED,,data\raw\amarket_full\3997800022899_20c63e1c158a.jpg
99990e91e48a98da1b144b7f4239554af4aa5615ae81bfc7529c29449e27a5ac,7771260681904,Kefir Sin Azúcar Delizia Frutilla Bolsa X 1000G,Kefir Sin Azúcar Delizia Frutilla Bolsa X 1000G,AMARKET,https://amarket.com.bo/collections/lo-nuevo/products/7771260681904,https://amarket.com.bo/cdn/shop/files/7771260681904_1200x1200.jpg?v=1787206239,2026-08-21T02:01:11.293967+00:00,59f35c31-a86c-44d9-adbe-e27e1d03b535,200,image/jpeg,1.0.0,9de8f6b8d8998da773ecd0a519ff414a82ef74ce3d8ff17762f35fcc4f08fb45,9de8f6b8d8998da773ecd0a519ff414a82ef74ce3d8ff17762f35fcc4f08fb45,1200,1200,RGB,UNIFORM_RGB,REDISTRIBUTION_PROHIBITED,ACCEPTED,,data\raw\amarket_full\7771260681904_9de8f6b8d899.jpg
9a70f1fd7d9adff043d19a842d2fc0ae56c2824eeae3a956a9a42df55c5ae444,7908785416234,Sérum Protector Solar Garnier Glow Universal Anti Manchas X 40Ml,Descripción:El Protector Solar Facial Garnier Super UV Express Aclara Anti-Manchas Toque Seco FPS 50+ es un protector solar de uso diario con textura ultraligera que ayuda a proteger la piel de los daños causados por la exposición solar mientras contribuye a mejorar la apariencia del tono de la piel. Su fórmula de toqu,AMARKET,https://amarket.com.bo/collections/lo-nuevo/products/7908785416234,https://amarket.com.bo/cdn/shop/files/7908785416234_1200x1200.jpg?v=1787205468,2026-08-21T02:20:48.086216+00:00,59f35c31-a86c-44d9-adbe-e27e1d03b535,200,image/jpeg,1.0.0,d9b4beee8cc9f53a3276e3a36826fb36ad361abde51e4f061aa13faa80d835f6,d9b4beee8cc9f53a3276e3a36826fb36ad361abde51e4f061aa13faa80d835f6,1200,1200,RGB,UNIFORM_RGB,REDISTRIBUTION_PROHIBITED,ACCEPTED,,data\raw\amarket_full\7908785416234_d9b4beee8cc9.jpg
9a7876e480a3f6ae987bd10ebbe23fcd9ddc21603ee160e36762a3a266d3b5b6,7770000850013,Dulce De Leche Chané Clásico X 300G,Descripción:El Dulce de Leche de Lechería Chane está elaborado con leche fresca de alta calidad ofreciendo una textura cremosa y el sabor tradicional del auténtico dulce de leche artesanal. Su fórmula contiene 50% menos azúcar que un dulce de leche convencional permitiendo disfrutar de su delicioso sabor con una menor,AMARKET,https://amarket.com.bo/collections/lo-nuevo/products/7770000850013,https://amarket.com.bo/cdn/shop/files/7770000850013_1200x1200.jpg?v=1787205167,2026-08-21T01:57:12.592026+00:00,59f35c31-a86c-44d9-adbe-e27e1d03b535,200,image/jpeg,1.0.0,7a5d93fa312815e05eb27a1f370aad63e7b69c7356bb8a46c8236827b4d7936b,7a5d93fa312815e05eb27a1f370aad63e7b69c7356bb8a46c8236827b4d7936b,1200,1200,RGB,UNIFORM_RGB,REDISTRIBUTION_PROHIBITED,ACCEPTED,,data\raw\amarket_full\7770000850013_7a5d93fa3128.jpg
9b09a635143a80138afc046d27be8aac379fa9ecae02b1c2b03eaf5e5bff802a,7770000420124,Pechuga De Pollo Nutribarf Liofilizado X 50G,Descripción:La Pechuga de Pollo Liofilizada Nutribarf es un snack natural elaborado con 100% pechuga de pollo de alta calidad. Gracias al proceso de liofilización conserva sus nutrientes sabor y aroma de forma natural ofreciendo una proteína magra pura y libre de conservantes o aditivos. Es una opción ligera saludable,AMARKET,https://amarket.com.bo/collections/lo-nuevo/products/7770000420124,https://amarket.com.bo/cdn/shop/files/7770000420124_1200x1200.jpg?v=1781762196,2026-08-21T01:57:09.012555+00:00,59f35c31-a86c-44d9-adbe-e27e1d03b535,200,image/jpeg,1.0.0,969ff1474b5ed638dc7b885bb6a20115bf9b858884c0939ac019aa5651553f39,969ff1474b5ed638dc7b885bb6a20115bf9b858884c0939ac019aa5651553f39,1200,1200,RGB,UNIFORM_RGB,REDISTRIBUTION_PROHIBITED,ACCEPTED,,data\raw\amarket_full\7770000420124_969ff1474b5e.jpg
9b328566594495dab7645b31d7e5e9ddca16f1fccdf50844b070e72667de0ee6,309973174757,Labial Líquido Revlon Colorstay Lipstick Tono Nude,DescripciónEl labial líquido de larga duración ofrece un color ligeramente satinado que se mantiene intacto hasta por 24 horas incluso después de comer o beber. Su fórmula está diseñada para brindar un acabado uniforme y duradero ideal para el uso diario o eventos especiales.Beneficios: Duración de hasta 24 horas. Resi,AMARKET,https://amarket.com.bo/collections/lo-nuevo/products/309973174757,https://amarket.com.bo/cdn/shop/files/309973174757_1200x1200.jpg?v=1776213778,2026-08-21T01:49:37.605860+00:00,59f35c31-a86c-44d9-adbe-e27e1d03b535,200,image/jpeg,1.0.0,4865257b38bd2e62707d0027ed61b6db3f46312f66c318bcb9d45ffe50934942,4865257b38bd2e62707d0027ed61b6db3f46312f66c318bcb9d45ffe50934942,1200,1200,RGB,UNIFORM_RGB,REDISTRIBUTION_PROHIBITED,ACCEPTED,,data\raw\amarket_full\309973174757_4865257b38bd.jpg
9c5c2fe781bcab57f8274a12d1db415c8c4dbae121f38029833528febd8cd1aa,7772115002882,Energizante Rush Energy Mundialero X 269Ml,Energizante Rush Energy Mundialero X 269Ml,AMARKET,https://amarket.com.bo/collections/lo-nuevo/products/7772115002882,https://amarket.com.bo/cdn/shop/files/7772115002882_1200x1200.jpg?v=1787205787,2026-08-21T02:02:25.417737+00:00,59f35c31-a86c-44d9-adbe-e27e1d03b535,200,image/jpeg,1.0.0,d2f7e85d28f720777a25ee0ee3c5ed81f470c8093639fe7be3770df6dc6392fc,d2f7e85d28f720777a25ee0ee3c5ed81f470c8093639fe7be3770df6dc6392fc,1200,1200,RGB,UNIFORM_RGB,REDISTRIBUTION_PROHIBITED,ACCEPTED,,data\raw\amarket_full\7772115002882_d2f7e85d28f7.jpg
9c9eba97c235bc384ff51fd520ff31d3f18a16065814ccb6e378707209b1020d,080100004412,Labial Revlon Super Lustrous Tono 510 Berry Rich,DescripciónEl Labial Revlon Super Lustrous es un clásico icónico que destaca por su aplicación suave y acabado confortable. Su fórmula con 80% de ingredientes acondicionadores ayuda a mantener los labios hidratados aportando una sensación cremosa y ligera en cada uso. Además contribuye a minimizar la apariencia de líne,AMARKET,https://amarket.com.bo/collections/lo-nuevo/products/080100004412,https://amarket.com.bo/cdn/shop/files/080100004412_1200x1200.jpg?v=1775108593,2026-08-21T01:48:15.549899+00:00,59f35c31-a86c-44d9-adbe-e27e1d03b535,200,image/jpeg,1.0.0,e9ca534e3d866d62d94930d11c5314a609cdb6de3861184d252430976a138dd9,e9ca534e3d866d62d94930d11c5314a609cdb6de3861184d252430976a138dd9,1200,1200,RGB,UNIFORM_RGB,REDISTRIBUTION_PROHIBITED,ACCEPTED,,data\raw\amarket_full\080100004412_e9ca534e3d86.jpg
9ce5fe98b0a1866d35763cd8a9b5bb0867ba823bcecd2d3dab4be2a0857ad515,7779604240015,Galletas De Arroz Family Farm Sin Sal X 110G,Galletas De Arroz Family Farm Sin Sal X 110G,AMARKET,https://amarket.com.bo/collections/lo-nuevo/products/7779604240015,https://amarket.com.bo/cdn/shop/files/7779604240015_1200x1200.jpg?v=1779170033,2026-08-21T02:07:11.109357+00:00,59f35c31-a86c-44d9-adbe-e27e1d03b535,200,image/jpeg,1.0.0,41ccaedda627a3d2c03570efe951c92eb342be758f9553d58284cc1f0a67a039,41ccaedda627a3d2c03570efe951c92eb342be758f9553d58284cc1f0a67a039,1200,1200,RGB,UNIFORM_RGB,REDISTRIBUTION_PROHIBITED,ACCEPTED,,data\raw\amarket_full\7779604240015_41ccaedda627.jpg
9d7e80e61009f97bc1461164f37f726e611b7bca10e7229d0f1f10a4d07ded16,7891151039895,Pastilla Freegells Vitamina C Propóleo Miel Y Limon X 27.9G,DescripciónLos Caramelos Freegells Vitamina C Propóleo / Miel / Limón 27.9 g son dulces duros con una irresistible mezcla de sabores naturales que combinan miel limón y propóleo enriquecidos con vitamina C. Esta combinación no solo ofrece un sabor refrescante y cítrico sino que también convierte al caramelo en una opci,AMARKET,https://amarket.com.bo/collections/lo-nuevo/products/7891151039895,https://amarket.com.bo/cdn/shop/files/7891151039895_1200x1200.jpg?v=1787203137,2026-08-21T02:12:52.277510+00:00,59f35c31-a86c-44d9-adbe-e27e1d03b535,200,image/jpeg,1.0.0,23f25d901e69d4e656fd512921f046494f2816109a708a668666f8f61fa357a2,23f25d901e69d4e656fd512921f046494f2816109a708a668666f8f61fa357a2,1200,1200,RGB,UNIFORM_RGB,REDISTRIBUTION_PROHIBITED,ACCEPTED,,data\raw\amarket_full\7891151039895_23f25d901e69.jpg
9e1ecaf74d10001170cad425bdd116b2380794de55663c6e1a7d29e2bcad37c5,7509552962598,Protector Solar Loreal Uv Defender Fps50+ Aquafusion X 50Ml,DescripciónEl L'Oréal Paris UV Defender FPS 50+ Aquafluide es un protector solar facial de uso diario desarrollado para ayudar a proteger la piel contra los rayos UVA y UVB mientras aporta una textura ultraligera y fresca. Su fórmula con tecnología de protección avanzada ayuda a prevenir los signos del fotoenvejecimien,AMARKET,https://amarket.com.bo/collections/lo-nuevo/products/7509552962598,https://amarket.com.bo/cdn/shop/files/7509552962598_1200x1200.jpg?v=1778738206,2026-08-21T01:54:34.061659+00:00,59f35c31-a86c-44d9-adbe-e27e1d03b535,200,image/jpeg,1.0.0,9186b64019c776234963010abfb647dc03b9d54f1758818c69e8da260ee7ff98,9186b64019c776234963010abfb647dc03b9d54f1758818c69e8da260ee7ff98,1200,1200,RGB,UNIFORM_RGB,REDISTRIBUTION_PROHIBITED,ACCEPTED,,data\raw\amarket_full\7509552962598_9186b64019c7.jpg
9e2520c053b1834273f6e5c378518df1c3ee23c1224bfcf4131e0b3743601115,6942108467894,Waka Creator Dispositivo Recargable,Descripción:El WAKA Creator Dispositivo es la batería recargable diseñada para funcionar exclusivamente con la línea de Pods WAKA Creator. Tras la evolución del sistema Creator ahora puedes adquirir el dispositivo por separado y combinarlo con el pod de tu sabor preferido disfrutando de una experiencia más personalizad,AMARKET,https://amarket.com.bo/collections/lo-nuevo/products/6942108467894,https://amarket.com.bo/cdn/shop/files/6942108467894_1200x1200.jpg?v=1784787810,2026-08-21T01:52:25.965279+00:00,59f35c31-a86c-44d9-adbe-e27e1d03b535,200,image/jpeg,1.0.0,994f7e5939d373e8aa49d4b1fc55245f62ff7aa399f7a3513beea71747ed9f44,994f7e5939d373e8aa49d4b1fc55245f62ff7aa399f7a3513beea71747ed9f44,1200,1200,RGB,UNIFORM_RGB,REDISTRIBUTION_PROHIBITED,ACCEPTED,,data\raw\amarket_full\6942108467894_994f7e5939d3.jpg
9e84bb17cfb5064430e0052eb7cab98218cd63e0594bcb08d6bba68db36a2ab2,7773510140100,Chips De Arandanos Natureza X 50G,Chips De Arandanos Natureza X 50G,AMARKET,https://amarket.com.bo/collections/lo-nuevo/products/7773510140100,https://amarket.com.bo/cdn/shop/files/7773510140100_1200x1200.jpg?v=1787204912,2026-08-21T02:04:58.081635+00:00,59f35c31-a86c-44d9-adbe-e27e1d03b535,200,image/jpeg,1.0.0,4a48de97e8e5d819ab3edf8104917c3926e6c3db2ffdb9921c184e707c30b393,4a48de97e8e5d819ab3edf8104917c3926e6c3db2ffdb9921c184e707c30b393,1200,1200,RGB,UNIFORM_RGB,REDISTRIBUTION_PROHIBITED,ACCEPTED,,data\raw\amarket_full\7773510140100_4a48de97e8e5.jpg
9e8aaa6e4611a33a57df688f0d770f5ca3b8e85d61652c3ef9df8b868141bc22,7591066201003,Rasuradora Schick Xtreme 3 Piel Sensible X 2 Unidades,Rasuradora Schick Xtreme 3 Piel Sensible X 2 Unidades,AMARKET,https://amarket.com.bo/collections/lo-nuevo/products/7591066201003,https://amarket.com.bo/cdn/shop/files/7591066201003_1200x1200.jpg?v=1787204948,2026-08-21T01:55:28.849879+00:00,59f35c31-a86c-44d9-adbe-e27e1d03b535,200,image/jpeg,1.0.0,4e98b789cd141cc87763574daad5622b569e7a04dfa872d49847a54e70f56225,4e98b789cd141cc87763574daad5622b569e7a04dfa872d49847a54e70f56225,1200,1200,RGB,UNIFORM_RGB,REDISTRIBUTION_PROHIBITED,ACCEPTED,,data\raw\amarket_full\7591066201003_4e98b789cd14.jpg
9f4d93197c0ef3299b38994aca7cfe19cc46eaf3d0c51d138ddd612e284c9cbb,7801235002417,Lomos De Jurel San José En Aceite Lata X 160G,Lomos De Jurel San José En Aceite Lata X 160G,AMARKET,https://amarket.com.bo/collections/lo-nuevo/products/7801235002417,https://amarket.com.bo/cdn/shop/files/7801235002417_1200x1200.jpg?v=1780379816,2026-08-21T02:10:54.832234+00:00,59f35c31-a86c-44d9-adbe-e27e1d03b535,200,image/jpeg,1.0.0,d8f4ad94a8242423823042e76fc269b5731beafe25f2c10f294f9e3dcca66055,d8f4ad94a8242423823042e76fc269b5731beafe25f2c10f294f9e3dcca66055,1000,1000,RGB,UNIFORM_RGB,REDISTRIBUTION_PROHIBITED,ACCEPTED,,data\raw\amarket_full\7801235002417_d8f4ad94a824.jpg
9f9ae2c5bc9c758b29c96c417165571bcafce7ddaf5b885de014f8fe7c64203f,7896902289703,Serum Capilar Farmax Liso Espejo X 90Ml,DescripciónSerum Liso Espejo Farmax tratamiento de alisado en casa diseñado para controlar el frizz y dejar el cabello suave brillante y con efecto liso hasta por 7 días o 5 lavados. Su fórmula termoactivada protege la fibra capilar mientras aporta brillo intenso y acabado sedoso.Beneficios: Ayuda a alisar y suavizar e,AMARKET,https://amarket.com.bo/collections/lo-nuevo/products/7896902289703,https://amarket.com.bo/cdn/shop/files/7896902289703_1200x1200.jpg?v=1780034076,2026-08-21T02:18:37.039537+00:00,59f35c31-a86c-44d9-adbe-e27e1d03b535,200,image/jpeg,1.0.0,e76e08f18bcc1bdf35b9943f53322f4791746ad87b7fc1e7ae379603efd310f1,e76e08f18bcc1bdf35b9943f53322f4791746ad87b7fc1e7ae379603efd310f1,1200,1200,RGB,UNIFORM_RGB,REDISTRIBUTION_PROHIBITED,ACCEPTED,,data\raw\amarket_full\7896902289703_e76e08f18bcc.jpg
a06834a61aa7162402dce67ba8896d3f6199364190b2f429f8d8e8938ecfda9b,6930862781561,Pañales Baby Vale Talla Xxxg X 28 Unidades,Descripción:Los Pañales Baby Vale Talla Xxxg están diseñados para brindar comodidad y protección al bebé durante el uso diario. Su presentación incluye 28 pañales desechables en talla Xxxg.,AMARKET,https://amarket.com.bo/collections/lo-nuevo/products/6930862781561,https://amarket.com.bo/cdn/shop/files/6930862781561_1200x1200.jpg?v=1787206059,2026-08-21T01:51:50.984095+00:00,59f35c31-a86c-44d9-adbe-e27e1d03b535,200,image/jpeg,1.0.0,7e7de41dba737b3d33f301dd49076afda0b10436027e6a9d343a100db74d0b93,7e7de41dba737b3d33f301dd49076afda0b10436027e6a9d343a100db74d0b93,1200,1200,RGB,UNIFORM_RGB,REDISTRIBUTION_PROHIBITED,ACCEPTED,,data\raw\amarket_full\6930862781561_7e7de41dba73.jpg
a073719f656ddd78461c225a458a73de13948ae1c8f38c914914149cc86951c1,7771214005459,Mocochinchi Casa Del Camba X 2L,Mocochinchi Casa Del Camba X 2L,AMARKET,https://amarket.com.bo/collections/lo-nuevo/products/7771214005459,https://amarket.com.bo/cdn/shop/files/7771214005459_1200x1200.jpg?v=1787204238,2026-08-21T01:59:37.788184+00:00,59f35c31-a86c-44d9-adbe-e27e1d03b535,200,image/jpeg,1.0.0,46dcadf3e3a95c8ba79e393343f1eb640405c24f41324f145d95532bb60e8f04,46dcadf3e3a95c8ba79e393343f1eb640405c24f41324f145d95532bb60e8f04,1200,1200,RGB,UNIFORM_RGB,REDISTRIBUTION_PROHIBITED,ACCEPTED,,data\raw\amarket_full\7771214005459_46dcadf3e3a9.jpg
a1269b50cf6d3f09bcd0ace73eb7a1c1bc0a6cccf1e1a4d4f43e68584cfa22d7,7896183902124,Aceituna Verde En Conserva Zaeli Sin Carozo X 280G,Aceituna Verde En Conserva Zaeli Sin Carozo X 280G,AMARKET,https://amarket.com.bo/collections/lo-nuevo/products/7896183902124,https://amarket.com.bo/cdn/shop/files/7896183902124_1200x1200.jpg?v=1787205033,2026-08-21T02:15:40.177973+00:00,59f35c31-a86c-44d9-adbe-e27e1d03b535,200,image/jpeg,1.0.0,6f1433c6cca33e3e598bbeb49d13f626d3631249a0533d3032a7788b1e04ef8f,6f1433c6cca33e3e598bbeb49d13f626d3631249a0533d3032a7788b1e04ef8f,1000,1000,RGB,UNIFORM_RGB,REDISTRIBUTION_PROHIBITED,ACCEPTED,,data\raw\amarket_full\7896183902124_6f1433c6cca3.jpg
a25a7079659c1d67fa2f12a10a59cf7708b2d6564a81e2aef66870df81301e76,7509552982695,Brillo Labial Vogue Boombastic Tono Volcánica X 6.8Ml,Descripción:El Brillo Labial Vogue Boombastic proporciona un efecto de volumen instantáneo con un acabado ultra brillante que realza la apariencia natural de los labios. Su fórmula genera una sensación de calor al aplicarse ofreciendo un efecto voluminizador visible y una textura cómoda para lucir unos labios con mayor,AMARKET,https://amarket.com.bo/collections/lo-nuevo/products/7509552982695,https://amarket.com.bo/cdn/shop/files/7509552982695_1200x1200.jpg?v=1784787791,2026-08-21T01:54:48.102952+00:00,59f35c31-a86c-44d9-adbe-e27e1d03b535,200,image/jpeg,1.0.0,a0538f2bbfc7e3ac4c6a24c335ef8b7d4d7739f70bee436c86043d400cf25ec5,a0538f2bbfc7e3ac4c6a24c335ef8b7d4d7739f70bee436c86043d400cf25ec5,1200,1200,RGB,UNIFORM_RGB,REDISTRIBUTION_PROHIBITED,ACCEPTED,,data\raw\amarket_full\7509552982695_a0538f2bbfc7.jpg
a27fe00ca31384a167b9975cbf3a4c6be77e135e0f67fe2f00cbe66c8f6def89,7891116169568,Jarra Térmica Exata Tramontina Verde X 1L,DescripciónLa jarra térmica Tramontina Exata de 1 litro es ideal para mantener tus bebidas calientes o frías durante más tiempo con un diseño elegante y funcional que se adapta a cualquier espacio. Perfecta para café té o bebidas frías combina practicidad estilo y eficiencia térmica siendo una excelente opción para el,AMARKET,https://amarket.com.bo/collections/lo-nuevo/products/7891116169568,https://amarket.com.bo/cdn/shop/files/7891116169568_1200x1200.jpg?v=1787204735,2026-08-21T02:11:42.868852+00:00,59f35c31-a86c-44d9-adbe-e27e1d03b535,200,image/jpeg,1.0.0,fdd69b2ebc08a57567c849a5792d2abc99da094aa6385f16805912f59a19107f,fdd69b2ebc08a57567c849a5792d2abc99da094aa6385f16805912f59a19107f,1200,1200,RGB,UNIFORM_RGB,REDISTRIBUTION_PROHIBITED,ACCEPTED,,data\raw\amarket_full\7891116169568_fdd69b2ebc08.jpg
a29f2423967fb93cee1107a9408e5188f196dd5277408325f2b4a2d0409caa14,8002297010580,Espiral Titane Para Mosquitos Y Zancudos X 10 Unidades,DescripciónEl Espiral Titane para Mosquitos y Zancudos es un producto diseñado para ayudar a repeler insectos voladores ofreciendo protección en áreas interiores y exteriores. Cada espiral se enciende fácilmente y libera una acción que contribuye a mantener los espacios más cómodos y libres de mosquitos y zancudos.Cara,AMARKET,https://amarket.com.bo/collections/lo-nuevo/products/8002297010580,https://amarket.com.bo/cdn/shop/files/8002297010580_1200x1200.jpg?v=1787203173,2026-08-21T02:20:58.047196+00:00,59f35c31-a86c-44d9-adbe-e27e1d03b535,200,image/jpeg,1.0.0,3481a2412beef0274d76d17eb40c12ce95687a565721dfdbb5107e43a483074f,3481a2412beef0274d76d17eb40c12ce95687a565721dfdbb5107e43a483074f,1200,1200,RGB,UNIFORM_RGB,REDISTRIBUTION_PROHIBITED,ACCEPTED,,data\raw\amarket_full\8002297010580_3481a2412bee.jpg
a2ba38e7cb0261ed2cfd6545aced2de2e0050de93326bba8bb8706fae1501a09,7773435280332,Palitos Con Mani Bread King,Palitos Con Mani Bread King,AMARKET,https://amarket.com.bo/collections/lo-nuevo/products/7773435280332,https://amarket.com.bo/cdn/shop/files/7773435280332_1200x1200.jpg?v=1783404802,2026-08-21T02:04:30.230420+00:00,59f35c31-a86c-44d9-adbe-e27e1d03b535,200,image/jpeg,1.0.0,7b39cbc1457bbca92750ca4ca34b89fa5bf2aed5aa5469d16fd21922a398b594,7b39cbc1457bbca92750ca4ca34b89fa5bf2aed5aa5469d16fd21922a398b594,1200,1200,RGB,UNIFORM_RGB,REDISTRIBUTION_PROHIBITED,ACCEPTED,,data\raw\amarket_full\7773435280332_7b39cbc1457b.jpg
a33410c8d23ad83ef8cd22e80e17be1806994a96488e4ddc3be89d845de818f6,7702025142446,Galletas Rellenas Festival Recreo Chocolate X 36G,Galletas Rellenas Festival Recreo Chocolate X 36G,AMARKET,https://amarket.com.bo/collections/lo-nuevo/products/7702025142446,https://amarket.com.bo/cdn/shop/files/7702025142446_1200x1200.jpg?v=1780466138,2026-08-21T01:55:53.204608+00:00,59f35c31-a86c-44d9-adbe-e27e1d03b535,200,image/jpeg,1.0.0,0a6a05c6d6bc8e27defad093fa0635435a8fb80f58d9c78611615afc14436f44,0a6a05c6d6bc8e27defad093fa0635435a8fb80f58d9c78611615afc14436f44,1000,1000,RGB,UNIFORM_RGB,REDISTRIBUTION_PROHIBITED,ACCEPTED,,data\raw\amarket_full\7702025142446_0a6a05c6d6bc.jpg
a38aaaa02b1ada006685d45d7afa1699595e82bfe8512d2760eb70001647e1b2,9001106,Manteca De Cerdo La Porcina X 500G,Manteca De Cerdo La Porcina X 500G,AMARKET,https://amarket.com.bo/collections/lo-nuevo/products/9001106,https://amarket.com.bo/cdn/shop/files/9001106_1200x1200.jpg?v=1787204952,2026-08-21T02:22:59.121919+00:00,59f35c31-a86c-44d9-adbe-e27e1d03b535,200,image/jpeg,1.0.0,44dffb432349446f3decbe01c6191ab3889453b2e1ce24b5f1f568781112dd3d,44dffb432349446f3decbe01c6191ab3889453b2e1ce24b5f1f568781112dd3d,1200,1200,RGB,UNIFORM_RGB,REDISTRIBUTION_PROHIBITED,ACCEPTED,,data\raw\amarket_full\9001106_44dffb432349.jpg
a47c7acca947539958fe984e3518cfc469dd052cef53292ead77e4851071aafa,75081645,Antitranspirante Dove Clinical Crema Tono Uniforme X 58G,DescripciónEl Antitranspirante Dove Clinical Crema Tono Uniforme 58 g fue desarrollado para brindar protección avanzada contra el sudor y el mal olor mientras ayuda a cuidar la piel de las axilas. Su fórmula clinical ofrece hasta 96 horas de protección y está enriquecida con ingredientes humectantes que ayudan a minimi,AMARKET,https://amarket.com.bo/collections/lo-nuevo/products/75081645,https://amarket.com.bo/cdn/shop/files/75081645_1200x1200.jpg?v=1778305948,2026-08-21T01:53:44.294641+00:00,59f35c31-a86c-44d9-adbe-e27e1d03b535,200,image/jpeg,1.0.0,474c1ca03a7658502848458af11e143c9d7c77f1cc3a531ee564e4a02f0cb3fc,474c1ca03a7658502848458af11e143c9d7c77f1cc3a531ee564e4a02f0cb3fc,1200,1200,RGB,UNIFORM_RGB,REDISTRIBUTION_PROHIBITED,ACCEPTED,,data\raw\amarket_full\75081645_474c1ca03a76.jpg
a4fae84763eb2be635b3d7bab535c1787dfa8a62df83b31388551fafec736f47,7896451912459,Tubitos Docile Sticks Frutilla X 70G,Tubitos Docile Sticks Frutilla X 70G,AMARKET,https://amarket.com.bo/collections/lo-nuevo/products/7896451912459,https://amarket.com.bo/cdn/shop/files/7896451912459_1200x1200.jpg?v=1787205107,2026-08-21T02:17:08.160085+00:00,59f35c31-a86c-44d9-adbe-e27e1d03b535,200,image/jpeg,1.0.0,ad752cfb79e191f8cc427ece7fa8340833715010e3521fa0379e39ead76c9a9f,ad752cfb79e191f8cc427ece7fa8340833715010e3521fa0379e39ead76c9a9f,1200,1200,RGB,UNIFORM_RGB,REDISTRIBUTION_PROHIBITED,ACCEPTED,,data\raw\amarket_full\7896451912459_ad752cfb79e1.jpg
a51d425d42ea40d83b0326a0dfc53dae2288392a740ae78e55ec3fe8c4f8f83d,7771260681218,Leche Fortificada Delizia Uht Bolsa X 800Ml,DescripciónLa Leche Fortificada Delizia UHT en bolsa 800 ml es una leche líquida procesada por Ultra-High Temperature (UHT) que ofrece una vida útil extendida sin necesidad de refrigeración antes de abrir. Fortificada con nutrientes esenciales es ideal para el consumo diario en desayunos bebidas o recetas variadas.,AMARKET,https://amarket.com.bo/collections/lo-nuevo/products/7771260681218,https://amarket.com.bo/cdn/shop/files/7771260681218_1200x1200.jpg?v=1787203424,2026-08-21T02:00:59.071345+00:00,59f35c31-a86c-44d9-adbe-e27e1d03b535,200,image/jpeg,1.0.0,ef00f5707f78aeaccff0b699a0baafa24f93aafb221ad89d173738784c6d42dc,ef00f5707f78aeaccff0b699a0baafa24f93aafb221ad89d173738784c6d42dc,1200,1200,RGB,UNIFORM_RGB,REDISTRIBUTION_PROHIBITED,ACCEPTED,,data\raw\amarket_full\7771260681218_ef00f5707f78.jpg
a545dc5785d9874566615d24a056c1cf59d580c7fc917a8ac034fb80caaf7ace,7770017980048,Cereal Frutinick 7 Cereales Frutal Caja X 700G,Descripción:El Cereal de Desayuno Sabor a Frutas combina maíz trigo avena soya y quinua para ofrecer una opción práctica y nutritiva para comenzar el día. Su fórmula aporta proteínas fibra hierro y calcio nutrientes que complementan una alimentación equilibrada y ayudan a proporcionar la energía necesaria para las acti,AMARKET,https://amarket.com.bo/collections/lo-nuevo/products/7770017980048,https://amarket.com.bo/cdn/shop/files/7770017980048_1200x1200.jpg?v=1784787779,2026-08-21T01:57:44.176736+00:00,59f35c31-a86c-44d9-adbe-e27e1d03b535,200,image/jpeg,1.0.0,82242574f90df36c049722c0d0dd0f16f5c22f7310d4d1fd3f66a1a4c3abdb01,82242574f90df36c049722c0d0dd0f16f5c22f7310d4d1fd3f66a1a4c3abdb01,1200,1200,RGB,UNIFORM_RGB,REDISTRIBUTION_PROHIBITED,ACCEPTED,,data\raw\amarket_full\7770017980048_82242574f90d.jpg
a58ea1313b43710c85b00f48945def3452e1f9a80247c5d5b3b2fc66adab3903,7896451912893,Gomitas Docile Gelatines Gomitas Beso X 15G,Gomitas Docile Gelatines Gomitas Beso X 15G,AMARKET,https://amarket.com.bo/collections/lo-nuevo/products/7896451912893,https://amarket.com.bo/cdn/shop/files/7896451912893_1200x1200.jpg?v=1781071345,2026-08-21T02:17:33.094077+00:00,59f35c31-a86c-44d9-adbe-e27e1d03b535,200,image/jpeg,1.0.0,cde3af0bb343c65ff39baa7c924511d6cbf79fb3aa5b4723cf41a1a3e448809b,cde3af0bb343c65ff39baa7c924511d6cbf79fb3aa5b4723cf41a1a3e448809b,1200,1200,RGB,UNIFORM_RGB,REDISTRIBUTION_PROHIBITED,ACCEPTED,,data\raw\amarket_full\7896451912893_cde3af0bb343.jpg
a614dcbff6a0954c6833bc02e7855d0894884b63af71feb31d6ab00d93d582b4,7770000420117,Patas De Pollo Nutribarf Liofilizado X 8 Unidades,Descripción:Las Patas de Pollo Liofilizadas Nutribarf son un snack recreativo y funcional elaborado con 100% patas de pollo. Gracias al proceso de liofilización conservan sus nutrientes naturales textura y sabor sin necesidad de conservantes ni aditivos artificiales. Son una excelente fuente natural de cartílago convir,AMARKET,https://amarket.com.bo/collections/lo-nuevo/products/7770000420117,https://amarket.com.bo/cdn/shop/files/7770000420117_1200x1200.jpg?v=1787206196,2026-08-21T01:57:05.549105+00:00,59f35c31-a86c-44d9-adbe-e27e1d03b535,200,image/jpeg,1.0.0,fab6d66de9888c746a92c03544152e8b2fff66a010882ab8d7b548aac5439b5d,fab6d66de9888c746a92c03544152e8b2fff66a010882ab8d7b548aac5439b5d,1200,1200,RGB,UNIFORM_RGB,REDISTRIBUTION_PROHIBITED,ACCEPTED,,data\raw\amarket_full\7770000420117_fab6d66de988.jpg
a63bae14863f3ebe053e2f3b44d77d114db3b949f7c31dee2e45ee84ba88ccf4,077948496,Chicle Top Line Seven Violet Cherry X 14G,Chicle Top Line Seven Violet Cherry X 14G,AMARKET,https://amarket.com.bo/collections/lo-nuevo/products/077948496,https://amarket.com.bo/cdn/shop/files/077948496_1200x1200.jpg?v=1783491348,2026-08-21T01:47:32.776580+00:00,59f35c31-a86c-44d9-adbe-e27e1d03b535,200,image/jpeg,1.0.0,9e3391ce6330aa534c6e793b38065c123bfec2c7609ed532fbaa094bee93a3b6,9e3391ce6330aa534c6e793b38065c123bfec2c7609ed532fbaa094bee93a3b6,1200,1200,RGB,UNIFORM_RGB,REDISTRIBUTION_PROHIBITED,ACCEPTED,,data\raw\amarket_full\077948496_9e3391ce6330.jpg
a7a4e916743b5b8dbc4edc9f2db0305c0f9e1e767e57d2dadf216e02f47eee02,7801235002400,Lomos De Jurel San José Natural Lata X 160G,Lomos De Jurel San José Natural Lata X 160G,AMARKET,https://amarket.com.bo/collections/lo-nuevo/products/7801235002400,https://amarket.com.bo/cdn/shop/files/7801235002400_1200x1200.jpg?v=1780379816,2026-08-21T02:10:51.351164+00:00,59f35c31-a86c-44d9-adbe-e27e1d03b535,200,image/jpeg,1.0.0,7b269d14f2a53cf9180f5f38f0e56fd9d2d4c52301b4b844ebf210ae30e2122b,7b269d14f2a53cf9180f5f38f0e56fd9d2d4c52301b4b844ebf210ae30e2122b,1000,1000,RGB,UNIFORM_RGB,REDISTRIBUTION_PROHIBITED,ACCEPTED,,data\raw\amarket_full\7801235002400_7b269d14f2a5.jpg
a7ba900ed4a339451f50d0ad26dcea95f5a3446fb94fe973ff065c66c96a4b9b,7896115700026,Acondicionador Tralala Kids Hidrakids X 480Ml,Descripción:El Acondicionador Tralalá Kids HidraKids está especialmente formulado para el cuidado diario del cabello infantil. Su fórmula hidratante ayuda a suavizar la fibra capilar aportando la humedad necesaria para dejar el cabello sedoso manejable y fácil de peinar. Además contribuye a reducir los tirones durante,AMARKET,https://amarket.com.bo/collections/lo-nuevo/products/7896115700026,https://amarket.com.bo/cdn/shop/files/7896115700026_1200x1200.jpg?v=1787205954,2026-08-21T02:14:43.195177+00:00,59f35c31-a86c-44d9-adbe-e27e1d03b535,200,image/jpeg,1.0.0,c3ea766010f8817829e4ba60863341a8e349783da13489d1db4fa49910c370bc,c3ea766010f8817829e4ba60863341a8e349783da13489d1db4fa49910c370bc,1200,1200,RGB,UNIFORM_RGB,REDISTRIBUTION_PROHIBITED,ACCEPTED,,data\raw\amarket_full\7896115700026_c3ea766010f8.jpg
a7be6fb78d76288d5b7dd95f59d02f2d0315b6b73a30629cdca61281f232d486,7896451901408,Pastillas Docile Minty Extra Fuerte X 17G,Pastillas Docile Minty Extra Fuerte X 17G,AMARKET,https://amarket.com.bo/collections/lo-nuevo/products/7896451901408,https://amarket.com.bo/cdn/shop/files/7896451901408_1200x1200.jpg?v=1787205101,2026-08-21T02:16:23.055273+00:00,59f35c31-a86c-44d9-adbe-e27e1d03b535,200,image/jpeg,1.0.0,5477d0b945250b6d6db93428e5917039ba2b62bc8898e5f6cf9236065d6eefcd,5477d0b945250b6d6db93428e5917039ba2b62bc8898e5f6cf9236065d6eefcd,1200,1200,RGB,UNIFORM_RGB,REDISTRIBUTION_PROHIBITED,ACCEPTED,,data\raw\amarket_full\7896451901408_5477d0b94525.jpg
a8626f2cd891d83855abcb822635f16a3467cc02583b1703d42ddac9713291e9,7771817180256,Caramelos Miel Y Propoleo Irupana Antichaja Infantil X 100G,Caramelos Miel Y Propoleo Irupana Antichaja Infantil X 100G,AMARKET,https://amarket.com.bo/collections/lo-nuevo/products/7771817180256,https://amarket.com.bo/cdn/shop/files/7771817180256_1200x1200.jpg?v=1787204935,2026-08-21T02:02:07.621241+00:00,59f35c31-a86c-44d9-adbe-e27e1d03b535,200,image/jpeg,1.0.0,c36c8ace4fd48e413f8b11c64c884e53656a5198144dca683a4fdc6e870bfe02,c36c8ace4fd48e413f8b11c64c884e53656a5198144dca683a4fdc6e870bfe02,1200,1200,RGB,UNIFORM_RGB,REDISTRIBUTION_PROHIBITED,ACCEPTED,,data\raw\amarket_full\7771817180256_c36c8ace4fd4.jpg
a88d063a9afa5a8546ec2e578465f0bc66241dcf1499d79f44d025962e47104f,7772314690057,Ajo 1918 En Polvo X 30G,Ajo 1918 En Polvo X 30G,AMARKET,https://amarket.com.bo/collections/lo-nuevo/products/7772314690057,https://amarket.com.bo/cdn/shop/files/7772314690057_1200x1200.jpg?v=1773985046,2026-08-21T02:02:56.771573+00:00,59f35c31-a86c-44d9-adbe-e27e1d03b535,200,image/jpeg,1.0.0,1f9072f2537ebd08b2bf6842b6a9def925d94bbee8930ee4c259d2511021499f,1f9072f2537ebd08b2bf6842b6a9def925d94bbee8930ee4c259d2511021499f,1200,1200,RGB,UNIFORM_RGB,REDISTRIBUTION_PROHIBITED,ACCEPTED,,data\raw\amarket_full\7772314690057_1f9072f2537e.jpg
a9111a75ffb1ed2113e0626e82f14326678ad801af2b049fe4d480d2c3ff52f9,0610985012310,Pack Elvive Shampoo 370Ml+Crema Para Peinar Anticaída,Descripción:El Pack Elvive Shampoo + Crema de Peinar de L'Oréal Paris está especialmente formulado para cabellos con tendencia a la caída debido al quiebre. Su fórmula combina Aminexil y Cafeína ingredientes que ayudan a fortalecer la fibra capilar desde la raíz reduciendo el quiebre y favoreciendo un cabello más fuert,AMARKET,https://amarket.com.bo/collections/lo-nuevo/products/0610985012310,https://amarket.com.bo/cdn/shop/files/0610985012310_1200x1200.jpg?v=1787206179,2026-08-21T01:46:53.317526+00:00,59f35c31-a86c-44d9-adbe-e27e1d03b535,200,image/jpeg,1.0.0,8607c0f4e32bb2e43b378fe231391acfa85563095e62f9c75f8672ed2698378f,8607c0f4e32bb2e43b378fe231391acfa85563095e62f9c75f8672ed2698378f,1200,1200,RGB,UNIFORM_RGB,REDISTRIBUTION_PROHIBITED,ACCEPTED,,data\raw\amarket_full\0610985012310_8607c0f4e32b.jpg
a9151f98516c0d57aaf8c80de5a45d66bfaa34f26a4557562968c324ab1b3f7a,7896451913586,Tubitos Docile Sticks Unicornio X 15G,Tubitos Docile Sticks Unicornio X 15G,AMARKET,https://amarket.com.bo/collections/lo-nuevo/products/7896451913586,https://amarket.com.bo/cdn/shop/files/7896451913586_1200x1200.jpg?v=1787205107,2026-08-21T02:17:42.496599+00:00,59f35c31-a86c-44d9-adbe-e27e1d03b535,200,image/jpeg,1.0.0,4cbf137017c5bc24cda3ee753cf867929f610a1b6705407b9be957c963320e9b,4cbf137017c5bc24cda3ee753cf867929f610a1b6705407b9be957c963320e9b,1200,1200,RGB,UNIFORM_RGB,REDISTRIBUTION_PROHIBITED,ACCEPTED,,data\raw\amarket_full\7896451913586_4cbf137017c5.jpg
a94cc0bf27be1670409e4f37a1b2883d958df751e2cb62aa34e32b712d074e3b,7792070054368,Aceitunas Verdes Nucete Rellenas Con Pimiento Morrón X 220G,Aceitunas Verdes Nucete Rellenas Con Pimiento Morrón X 220G,AMARKET,https://amarket.com.bo/collections/lo-nuevo/products/7792070054368,https://amarket.com.bo/cdn/shop/files/7792070054368_1200x1200.jpg?v=1787205210,2026-08-21T02:08:59.036455+00:00,59f35c31-a86c-44d9-adbe-e27e1d03b535,200,image/jpeg,1.0.0,49930b7f5b3872148b6cc59f4b44e66aec679a601fb0d4a69868b846c14c5c53,49930b7f5b3872148b6cc59f4b44e66aec679a601fb0d4a69868b846c14c5c53,1200,1200,RGB,UNIFORM_RGB,REDISTRIBUTION_PROHIBITED,ACCEPTED,,data\raw\amarket_full\7792070054368_49930b7f5b38.jpg
aa07c8dfed3291242aa6921743d8288dd1fd73b32659ac62adec74449874be39,309974700030,Base Para Rostro Revlon Colorstay Vitamina E Tono 180 Sand Beige,DescripciónLa base de maquillaje de larga duración SPF 20 está diseñada para piel normal a seca ofreciendo un acabado impecable hasta por 24 horas. Enriquecida con ácido hialurónico contribuye a aumentar la hidratación de la piel ayudando a mantenerla suave fresca y con un brillo saludable. Ideal para quienes buscan un,AMARKET,https://amarket.com.bo/collections/lo-nuevo/products/309974700030,https://amarket.com.bo/cdn/shop/files/309974700030_1200x1200.jpg?v=1787204230,2026-08-21T01:49:55.443829+00:00,59f35c31-a86c-44d9-adbe-e27e1d03b535,200,image/jpeg,1.0.0,a8232de2727d9047e35d63b77912076fd2b2e025dd65d108e7421727008a3704,a8232de2727d9047e35d63b77912076fd2b2e025dd65d108e7421727008a3704,1200,1200,RGB,UNIFORM_RGB,REDISTRIBUTION_PROHIBITED,ACCEPTED,,data\raw\amarket_full\309974700030_a8232de2727d.jpg
aa7fc1a6a080e4b920fa85d5bb4836524ac4796fede7e2cd08904a299dff5841,7896451908810,Gomitas Docile Gelatines Plátanos X 80G,Gomitas Docile Gelatines Plátanos X 80G,AMARKET,https://amarket.com.bo/collections/lo-nuevo/products/7896451908810,https://amarket.com.bo/cdn/shop/files/7896451908810_1200x1200.jpg?v=1781071363,2026-08-21T02:16:48.869540+00:00,59f35c31-a86c-44d9-adbe-e27e1d03b535,200,image/jpeg,1.0.0,f92140b3bbfb1744348a7c3526bfb8413977a9152dbec9958dc42dc07c5d8a97,f92140b3bbfb1744348a7c3526bfb8413977a9152dbec9958dc42dc07c5d8a97,1200,1200,RGB,UNIFORM_RGB,REDISTRIBUTION_PROHIBITED,ACCEPTED,,data\raw\amarket_full\7896451908810_f92140b3bbfb.jpg
aa96ed4065c80ed5ed0ac88bee00042662595456849c3467b950b8d5389bd42c,7840185788552,Arroz Blanco Norte Tipo Estaquilla X 5Kg,Arroz Blanco Norte Tipo Estaquilla X 5Kg,AMARKET,https://amarket.com.bo/collections/lo-nuevo/products/7840185788552,https://amarket.com.bo/cdn/shop/files/7840185788552_1200x1200.jpg?v=1787204863,2026-08-21T02:11:19.480232+00:00,59f35c31-a86c-44d9-adbe-e27e1d03b535,200,image/jpeg,1.0.0,57a23cf46768ff2a2f836764d991059e9be64f6d20c9d24e68d839e9f64d037f,57a23cf46768ff2a2f836764d991059e9be64f6d20c9d24e68d839e9f64d037f,1200,1200,RGB,UNIFORM_RGB,REDISTRIBUTION_PROHIBITED,ACCEPTED,,data\raw\amarket_full\7840185788552_57a23cf46768.jpg
ab080aeaf3ada60dc23d1b0d397a6667b492e7e28f307782ab6812b71219b399,7509552961867,Esmalte Vogue Efecto Gel Tono Placer X 14Ml,Descripción:El Esmalte Vogue Efecto Gel ofrece un acabado brillante con efecto gel y colores intensos proporcionando una apariencia de manicure profesional sin necesidad de lámparas UV. Su fórmula de secado rápido ayuda a lograr un color uniforme y una duración de hasta 12 días además de contribuir al fortalecimiento d,AMARKET,https://amarket.com.bo/collections/lo-nuevo/products/7509552961867,https://amarket.com.bo/cdn/shop/files/7509552961867_1200x1200.jpg?v=1785392771,2026-08-21T01:54:21.468632+00:00,59f35c31-a86c-44d9-adbe-e27e1d03b535,200,image/jpeg,1.0.0,2e2991efe086e723bcb50e9e0a73bafaf6e61ce58d6f13ed9e20e21906248509,2e2991efe086e723bcb50e9e0a73bafaf6e61ce58d6f13ed9e20e21906248509,1200,1200,RGB,UNIFORM_RGB,REDISTRIBUTION_PROHIBITED,ACCEPTED,,data\raw\amarket_full\7509552961867_2e2991efe086.jpg
ab0d0f77c2a469faf07708e01de50a2bd27d58448c770fc71c3d0528fa044fad,8683655870291,Toallas Humedas Baby Vale X 50 Unidades,DescripciónLas Toallas Húmedas Baby Vale ofrecen una limpieza suave y resistente especialmente formulada para piel sensible. Elaboradas con 99% agua aloe vera y vitamina son hipoalergénicas y libres de alcohol y parabenos. Su tela resistente permite una limpieza eficaz en cada uso ideal para cambios de pañal manos y ro,AMARKET,https://amarket.com.bo/collections/lo-nuevo/products/8683655870291,https://amarket.com.bo/cdn/shop/files/8683655870291_1200x1200.jpg?v=1787205934,2026-08-21T02:21:30.796266+00:00,59f35c31-a86c-44d9-adbe-e27e1d03b535,200,image/jpeg,1.0.0,53bd82e60c6833e01b5c1d86650fa3314188c5cadf4f544f6664deaaff66e886,53bd82e60c6833e01b5c1d86650fa3314188c5cadf4f544f6664deaaff66e886,1200,1200,RGB,UNIFORM_RGB,REDISTRIBUTION_PROHIBITED,ACCEPTED,,data\raw\amarket_full\8683655870291_53bd82e60c68.jpg
aba1375287823a6ab2eb5752ae1820634fb5e60e0a8878873b3d81c3f8ec4e80,0659525117740,Salsa De Aji Ay Jarajo Gusanito X 250Ml,DescripciónLa Salsa de Ají Ay Jarajo Gusanito 250 ml es una salsa picante ideal para quienes buscan potenciar el sabor de sus comidas con un toque intenso y auténtico. Elaborada a base de ají aporta un equilibrio entre picor y sabor que realza una gran variedad de platos. Perfecta para acompañar carnes snacks comidas r,AMARKET,https://amarket.com.bo/collections/lo-nuevo/products/0659525117740,https://amarket.com.bo/cdn/shop/files/0659525117740_1200x1200.jpg?v=1775627537,2026-08-21T01:47:07.851811+00:00,59f35c31-a86c-44d9-adbe-e27e1d03b535,200,image/jpeg,1.0.0,abb60e017f82710803979e69ece51ad4702607693371e923b79d1cde62333d95,abb60e017f82710803979e69ece51ad4702607693371e923b79d1cde62333d95,1200,1200,RGB,UNIFORM_RGB,REDISTRIBUTION_PROHIBITED,ACCEPTED,,data\raw\amarket_full\0659525117740_abb60e017f82.jpg
ac01a57906e70cf612e2edd787cac5ec8a9022bd2c93624f8b598b77f322f5dd,7891150103146,Shampoo Dove Nutrición+Tri Oleos X 370Ml,Descripción:El Shampoo Dove Nutrición + Tri Óleos está especialmente desarrollado para cabello seco opaco y con frizz. Su fórmula incorpora la Tecnología Bio-Protein junto con un complejo de tres aceites nutritivos —argán coco y girasol— que ayudan a nutrir profundamente la fibra capilar reparar los signos visibles de,AMARKET,https://amarket.com.bo/collections/lo-nuevo/products/7891150103146,https://amarket.com.bo/cdn/shop/files/7891150103146_1200x1200.jpg?v=1787205142,2026-08-21T02:12:39.080896+00:00,59f35c31-a86c-44d9-adbe-e27e1d03b535,200,image/jpeg,1.0.0,e2466604784a1d85b359b3b414b8665fc0afe0e7f907d43ea7dc95f15ad5b7b8,e2466604784a1d85b359b3b414b8665fc0afe0e7f907d43ea7dc95f15ad5b7b8,1200,1200,RGB,UNIFORM_RGB,REDISTRIBUTION_PROHIBITED,ACCEPTED,,data\raw\amarket_full\7891150103146_e2466604784a.jpg
ac1f283f6206d584e2d0a90c80b6f639e6d9fe24c085125dd9ea64fb1c21c86a,7896150020233,Gel Fijador Yama Fix Para Cabello Acero 4 X 300G,DescripciónEl Gel Fijador Yama Fix Acero 4 está diseñado para brindar una fijación fuerte y duradera ayudando a mantener el peinado definido por más tiempo. Su fórmula permite moldear el cabello fácilmente sin dejar residuos visibles proporcionando control brillo y un acabado firme ideal para estilos estructurados o de,AMARKET,https://amarket.com.bo/collections/lo-nuevo/products/7896150020233,https://amarket.com.bo/cdn/shop/files/7896150020233_1200x1200.jpg?v=1772083921,2026-08-21T02:15:26.623285+00:00,59f35c31-a86c-44d9-adbe-e27e1d03b535,200,image/jpeg,1.0.0,8a495888f5b55b47bc85b2b246c60bf34c24ecc0d02cd5cbb63b0edd2ead1284,8a495888f5b55b47bc85b2b246c60bf34c24ecc0d02cd5cbb63b0edd2ead1284,1200,1200,RGB,UNIFORM_RGB,REDISTRIBUTION_PROHIBITED,ACCEPTED,,data\raw\amarket_full\7896150020233_8a495888f5b5.jpg
ac34a4b0b8fce79d2e3348a1581b8b953230deb6ad6b04f59d1d9f2abc37a67f,7791293049571,Desodorante Rexona Women Aerosol 72H Fifa 2026 X 150Ml,Descripción:El Desodorante Antitranspirante Rexona Women Aerosol 72H Fútbol Fanáticas Edición Especial FIFA 2026 está diseñado para brindar protección eficaz contra la transpiración y el mal olor durante hasta 72 horas. Su tecnología se activa con el movimiento liberando frescura cuando más la necesitas. Cuenta con una,AMARKET,https://amarket.com.bo/collections/lo-nuevo/products/7791293049571,https://amarket.com.bo/cdn/shop/files/7791293049571_1200x1200.jpg?v=1781330269,2026-08-21T02:08:09.350650+00:00,59f35c31-a86c-44d9-adbe-e27e1d03b535,200,image/jpeg,1.0.0,cd084aff3818915c1332a771d4cc0c26bc79bfa958af33990a503e9710d3baff,cd084aff3818915c1332a771d4cc0c26bc79bfa958af33990a503e9710d3baff,1200,1200,RGB,UNIFORM_RGB,REDISTRIBUTION_PROHIBITED,ACCEPTED,,data\raw\amarket_full\7791293049571_cd084aff3818.jpg
ac36e952091dc6eb4514c8a8b09ab3d62defc3cbc009da88d5593e9702bb44fe,7770108960140,Maiz Frito Avati Sabor Mostaza Y Miel X 80G,Maiz Frito Avati Sabor Mostaza Y Miel X 80G,AMARKET,https://amarket.com.bo/collections/lo-nuevo/products/7770108960140,https://amarket.com.bo/cdn/shop/files/7770108960140_1200x1200.jpg?v=1779170038,2026-08-21T01:58:12.225517+00:00,59f35c31-a86c-44d9-adbe-e27e1d03b535,200,image/jpeg,1.0.0,547ad0e6c6f52e545ff91492da40f49e2e14395a052707c8dd2b11f06c5d01e1,547ad0e6c6f52e545ff91492da40f49e2e14395a052707c8dd2b11f06c5d01e1,1200,1200,RGB,UNIFORM_RGB,REDISTRIBUTION_PROHIBITED,ACCEPTED,,data\raw\amarket_full\7770108960140_547ad0e6c6f5.jpg
ac63589a1c0251d951443032b40b4091fb0b9f792b37f2d0382c1bc0eed0e2d2,7509552992083,Tratamiento Capilar Elvive Collagen Lifter X 300G,Descripción:La Mascarilla Elvive Colágeno Lifter Engrosador de L'Oréal Paris está formulada para cabellos finos delgados y sin volumen. Su tecnología inspirada en el colágeno ayuda a proporcionar una apariencia de mayor grosor y densidad en la fibra capilar dejando el cabello más suave fortalecido y con mayor cuerpo si,AMARKET,https://amarket.com.bo/collections/lo-nuevo/products/7509552992083,https://amarket.com.bo/cdn/shop/files/7509552992083_1200x1200.jpg?v=1783546312,2026-08-21T01:55:12.281751+00:00,59f35c31-a86c-44d9-adbe-e27e1d03b535,200,image/jpeg,1.0.0,ab911ac63af81745a1a1b2465dab3ceb71a88e671ab7de988c41fea49a82b8d1,ab911ac63af81745a1a1b2465dab3ceb71a88e671ab7de988c41fea49a82b8d1,1200,1200,RGB,UNIFORM_RGB,REDISTRIBUTION_PROHIBITED,ACCEPTED,,data\raw\amarket_full\7509552992083_ab911ac63af8.jpg
ad7cdbf888cd3819868446c498c76d9f8d563a9b7e919d0f65fbf4a7588c343b,7896058503081,Caramelos Lua Cheia Masticables Rellenos Frutas X 500G,Caramelos Lua Cheia Masticables Rellenos Frutas X 500G,AMARKET,https://amarket.com.bo/collections/lo-nuevo/products/7896058503081,https://amarket.com.bo/cdn/shop/files/7896058503081_1200x1200.jpg?v=1787205791,2026-08-21T02:14:16.976734+00:00,59f35c31-a86c-44d9-adbe-e27e1d03b535,200,image/jpeg,1.0.0,7fb2bc68ae8d2168be01633bee0bd427e9d309f99c6f7bbde9ef0b6622e01010,7fb2bc68ae8d2168be01633bee0bd427e9d309f99c6f7bbde9ef0b6622e01010,1200,1200,RGB,UNIFORM_RGB,REDISTRIBUTION_PROHIBITED,ACCEPTED,,data\raw\amarket_full\7896058503081_7fb2bc68ae8d.jpg
ad9dff34a6e1fe0a49dc0447a277e5ef7be141cfd505f42a85ecc96a0b34095b,77961815,Bon O Bon Relleno Con Crema Blanco X 15G,Bon O Bon Relleno Con Crema Blanco X 15G,AMARKET,https://amarket.com.bo/collections/lo-nuevo/products/77961815,https://amarket.com.bo/cdn/shop/files/77961815_1200x1200.jpg?v=1778133289,2026-08-21T02:09:30.778271+00:00,59f35c31-a86c-44d9-adbe-e27e1d03b535,200,image/jpeg,1.0.0,b2b861aca1c5fc88dd457cb018bec526c4dff83002203f71560671ee4e77605b,b2b861aca1c5fc88dd457cb018bec526c4dff83002203f71560671ee4e77605b,1200,1200,RGB,UNIFORM_RGB,REDISTRIBUTION_PROHIBITED,ACCEPTED,,data\raw\amarket_full\77961815_b2b861aca1c5.jpg
adc54e3144b84402a7ed15c60b88dd93b8283fc8afa92442d8d3dd2decfa03af,041554098136,Labial Maybelline Mb Teddy Tint Nro.95 Buffed Out,Descripción:El Tinte Labial Super Stay Teddy Tint de Maybelline está diseñado para brindar un color suave modulable y de larga duración con un acabado mate aterciopelado de efecto difuminado. Su innovadora tecnología Teddy Fluff proporciona una sensación ultraligera y cómoda ideal para acompañarte durante todo el día s,AMARKET,https://amarket.com.bo/collections/lo-nuevo/products/041554098136,https://amarket.com.bo/cdn/shop/files/041554098136_1200x1200.jpg?v=1787205134,2026-08-21T01:46:04.265260+00:00,59f35c31-a86c-44d9-adbe-e27e1d03b535,200,image/jpeg,1.0.0,cfd4349e505e6fa5f107ae37daa73e868b1d8728ade19bbf368b3c3916e3cad3,cfd4349e505e6fa5f107ae37daa73e868b1d8728ade19bbf368b3c3916e3cad3,1200,1200,RGB,UNIFORM_RGB,REDISTRIBUTION_PROHIBITED,ACCEPTED,,data\raw\amarket_full\041554098136_cfd4349e505e.jpg
ae2736e067418a329f6818d6b594d6717e0f9cfe2a007668a2c13f763a76a65f,7899620669338,Pote Hermético Organizador Con Medidor Ou Drop Tapa Negra 1.5L,Canjea tu cartilla con 30 stickers de la colección Los Imperdibles + Bs 85 y podrás canjear este Pote Drop Organizador Hermético Con Medidor de 1.5 Litros Color negro.,AMARKET,https://amarket.com.bo/collections/lo-nuevo/products/7899620669338,https://amarket.com.bo/cdn/shop/files/7899620669338_1200x1200.jpg?v=1787205885,2026-08-21T02:19:58.491656+00:00,59f35c31-a86c-44d9-adbe-e27e1d03b535,200,image/jpeg,1.0.0,be6c4ade423115b95b8e6de4597476f92a341491ec2aa005cd48706cfe63598a,be6c4ade423115b95b8e6de4597476f92a341491ec2aa005cd48706cfe63598a,1200,1200,RGB,UNIFORM_RGB,REDISTRIBUTION_PROHIBITED,ACCEPTED,,data\raw\amarket_full\7899620669338_be6c4ade4231.jpg
aee7ba3bcd90dade45bef6e2d80470923d41f4d88150b4f05a4d4a8e61a21f86,7773510140124,Aceite De Palta Botanica X 500Ml,Aceite De Palta Botanica X 500Ml,AMARKET,https://amarket.com.bo/collections/lo-nuevo/products/7773510140124,https://amarket.com.bo/cdn/shop/files/7773510140124_1200x1200.jpg?v=1787204914,2026-08-21T02:05:01.548597+00:00,59f35c31-a86c-44d9-adbe-e27e1d03b535,200,image/jpeg,1.0.0,030f89ff2c3b915866049936174c414b61c95a555487e77195492c52dbf96482,030f89ff2c3b915866049936174c414b61c95a555487e77195492c52dbf96482,1200,1200,RGB,UNIFORM_RGB,REDISTRIBUTION_PROHIBITED,ACCEPTED,,data\raw\amarket_full\7773510140124_030f89ff2c3b.jpg
af16c22a6643808c47c525ff4e38fe050ebd181d95a565036fdf65a98897f3e7,7702191523520,Shampoo Sedal Toque De Seda Amino-Silk X 340Ml,Shampoo Sedal Toque De Seda Amino-Silk X 340Ml,AMARKET,https://amarket.com.bo/collections/lo-nuevo/products/7702191523520,https://amarket.com.bo/cdn/shop/files/7702191523520_1200x1200.jpg?v=1778305957,2026-08-21T01:56:37.440533+00:00,59f35c31-a86c-44d9-adbe-e27e1d03b535,200,image/jpeg,1.0.0,ab2476a2c7289edc6462b089480916b0d4749ecd109264ef11a6977b858c7aea,ab2476a2c7289edc6462b089480916b0d4749ecd109264ef11a6977b858c7aea,1200,1200,RGB,UNIFORM_RGB,REDISTRIBUTION_PROHIBITED,ACCEPTED,,data\raw\amarket_full\7702191523520_ab2476a2c728.jpg
af4ccfbf9339a2cc44215c5cc28e38077f0b82475dd8e5987e6d5767da9e3e54,7891010882983,Gel Facial Neutrogena Hydroboost Water X 50G,Descripción:Neutrogena Hydro Boost Water Gel es una crema hidratante facial en textura gel formulada con ácido hialurónico diseñada para proporcionar una hidratación intensa y de rápida absorción. Su fórmula oil free y no comedogénica ayuda a mantener la piel hidratada sin dejar sensación grasosa siendo ideal para piel,AMARKET,https://amarket.com.bo/collections/lo-nuevo/products/7891010882983,https://amarket.com.bo/cdn/shop/files/7891010882983_1200x1200.jpg?v=1787206157,2026-08-21T02:11:39.435715+00:00,59f35c31-a86c-44d9-adbe-e27e1d03b535,200,image/jpeg,1.0.0,13d03bd1ec9f2194178ee14ae56d0f61eb0d8c61859e377337cf5f907568ade7,13d03bd1ec9f2194178ee14ae56d0f61eb0d8c61859e377337cf5f907568ade7,1200,1200,RGB,UNIFORM_RGB,REDISTRIBUTION_PROHIBITED,ACCEPTED,,data\raw\amarket_full\7891010882983_13d03bd1ec9f.jpg
af6f36a71802862a79fc34a43db2d17e41a11864c45f27207d289f525b3365c0,75081638,Desodorante Roll On Dove Clinical Tono Uniforme X 50Ml,Desodorante Roll On Dove Clinical Tono Uniforme X 50Ml,AMARKET,https://amarket.com.bo/collections/lo-nuevo/products/75081638,https://amarket.com.bo/cdn/shop/files/75081638_1200x1200.jpg?v=1787204840,2026-08-21T01:53:40.798621+00:00,59f35c31-a86c-44d9-adbe-e27e1d03b535,200,image/jpeg,1.0.0,918cdbaf2626d48295f2b555c53b853c5fd3ce63279a3eac6d362eca12018c66,918cdbaf2626d48295f2b555c53b853c5fd3ce63279a3eac6d362eca12018c66,1200,1200,RGB,UNIFORM_RGB,REDISTRIBUTION_PROHIBITED,ACCEPTED,,data\raw\amarket_full\75081638_918cdbaf2626.jpg
afc9f8a32decf30be37b2ad8a4b987f4b4f2ac248ba12f62e980909bb5d559a5,7503037746109,Refresco En Polvo Zuko Sabor Durazno X 13G,Mezcla en polvo para preparar bebida instantánea sabor a durazno.,AMARKET,https://amarket.com.bo/collections/lo-nuevo/products/7503037746109,https://amarket.com.bo/cdn/shop/files/7503037746109_1200x1200.jpg?v=1778305939,2026-08-21T01:52:51.896601+00:00,59f35c31-a86c-44d9-adbe-e27e1d03b535,200,image/jpeg,1.0.0,c59393373eab3890e169ed621bbd9a796f9758300fdf19c0d1182cd905abbc73,c59393373eab3890e169ed621bbd9a796f9758300fdf19c0d1182cd905abbc73,1200,1200,RGB,UNIFORM_RGB,REDISTRIBUTION_PROHIBITED,ACCEPTED,,data\raw\amarket_full\7503037746109_c59393373eab.jpg
b0378535cd64c3966907d5f5b561e35396390f7b39bbf264d0ca4f5215c52db4,8809686120215,Tónico Izeze Hyper Cma Cica X 150Ml,DescripciónEl Tónico Izeze Hyper CMA Cica es un tónico facial coreano formulado con Centella Asiática (Cica) que ayuda a calmar hidratar y equilibrar la piel después de la limpieza. Su fórmula suave e hipoalergénica aporta hidratación ligera reduce la irritación y prepara la piel para absorber mejor los siguientes prod,AMARKET,https://amarket.com.bo/collections/lo-nuevo/products/8809686120215,https://amarket.com.bo/cdn/shop/files/8809686120215_1200x1200.jpg?v=1772774999,2026-08-21T02:21:34.078645+00:00,59f35c31-a86c-44d9-adbe-e27e1d03b535,200,image/jpeg,1.0.0,e481723000795d98f221ed5f613ea171f6437de855341be63997b91ab6201fec,e481723000795d98f221ed5f613ea171f6437de855341be63997b91ab6201fec,1200,1200,RGB,UNIFORM_RGB,REDISTRIBUTION_PROHIBITED,ACCEPTED,,data\raw\amarket_full\8809686120215_e48172300079.jpg
b03d50dd07ca34d71bc54c0540a049793e1175ab44eef640a4b2add7e14e7b79,1000000000566,Pack Crema Peinar+Shampoo+Acondicionador Algabo Avocado Y Argán,DescripciónPack Especial Algabo Sin Sal Avocado &amp; Argán desarrollado para proporcionar hidratación profunda nutrición intensiva y reparación capilar. Su fórmula sin sal ayuda a preservar la hidratación natural del cabello y a mantener la queratina siendo ideal para cabellos secos dañados o sometidos a tratamientos,AMARKET,https://amarket.com.bo/collections/lo-nuevo/products/1000000000566,https://amarket.com.bo/cdn/shop/files/1000000000566_1200x1200.jpg?v=1787205055,2026-08-21T01:48:52.105626+00:00,59f35c31-a86c-44d9-adbe-e27e1d03b535,200,image/jpeg,1.0.0,bf86ef8126b464837024d7b7e4ba842e300e1883066154c4ac8605cd53ab510f,bf86ef8126b464837024d7b7e4ba842e300e1883066154c4ac8605cd53ab510f,1200,1200,RGB,UNIFORM_RGB,REDISTRIBUTION_PROHIBITED,ACCEPTED,,data\raw\amarket_full\1000000000566_bf86ef8126b4.jpg
b098230a5a199dcfb944c5bf036de3cf7ee8f83781a4d6605d3edcdebfb551e4,7899620679306,Pote De Vidrio Hermético Ou Fresh Lock Negro 850Ml,Canjea tu cartilla con 30 stickers de la colección Los Imperdibles + Bs 89 y podrás canjear este Pote de vidrio hermético Fresh Lock Negro de 850 ml.,AMARKET,https://amarket.com.bo/collections/lo-nuevo/products/7899620679306,https://amarket.com.bo/cdn/shop/files/7899620679306_1200x1200.jpg?v=1787205855,2026-08-21T02:20:05.024916+00:00,59f35c31-a86c-44d9-adbe-e27e1d03b535,200,image/jpeg,1.0.0,fb9fe92d3425d95fcb97b09c77a7b1bc684b36815b2e0a4ef03fce081569a3ea,fb9fe92d3425d95fcb97b09c77a7b1bc684b36815b2e0a4ef03fce081569a3ea,1200,1200,RGB,UNIFORM_RGB,REDISTRIBUTION_PROHIBITED,ACCEPTED,,data\raw\amarket_full\7899620679306_fb9fe92d3425.jpg
b0fe956962cd55173191c63be2a90bd3417c2e52b41c43bd906fdbfd5c89c040,7791293049953,Shampoo Tresemme Keratina Antifrizz X 500Ml,Descripción:El Shampoo TRESemmé Keratina Antifrizz está formulado para limpiar profundamente el cabello mientras controla el frizz de manera instantánea. Su tecnología profesional con queratina hidrolizada crea una acción de blindaje antiestático que ayuda a mantener las fibras capilares alineadas suaves y protegidas c,AMARKET,https://amarket.com.bo/collections/lo-nuevo/products/7791293049953,https://amarket.com.bo/cdn/shop/files/7791293049953_1200x1200.jpg?v=1787205144,2026-08-21T02:08:12.931339+00:00,59f35c31-a86c-44d9-adbe-e27e1d03b535,200,image/jpeg,1.0.0,7ad948c9632f0e6be05c28a074f7188077068985978d0e41e9ed6b5f45a4af92,7ad948c9632f0e6be05c28a074f7188077068985978d0e41e9ed6b5f45a4af92,1200,1200,RGB,UNIFORM_RGB,REDISTRIBUTION_PROHIBITED,ACCEPTED,,data\raw\amarket_full\7791293049953_7ad948c9632f.jpg
b11409edd55e49e2d70f744c3686e8a71470d61d355e495e2f92d26c1165a0c2,7896183903503,Vinagre De Vino Tinto Zaeli Botella X 500Ml,Vinagre De Vino Tinto Zaeli Botella X 500Ml,AMARKET,https://amarket.com.bo/collections/lo-nuevo/products/7896183903503,https://amarket.com.bo/cdn/shop/files/7896183903503_1200x1200.jpg?v=1787205034,2026-08-21T02:15:43.384936+00:00,59f35c31-a86c-44d9-adbe-e27e1d03b535,200,image/jpeg,1.0.0,ba23fa8c2e42ed22ba4b19eaf7845460665144a8572b8b0a551800fbd98ef480,ba23fa8c2e42ed22ba4b19eaf7845460665144a8572b8b0a551800fbd98ef480,1000,1000,RGB,UNIFORM_RGB,REDISTRIBUTION_PROHIBITED,ACCEPTED,,data\raw\amarket_full\7896183903503_ba23fa8c2e42.jpg
b1d57fc4c24db17a7f876083987321f064e2a8fc05121e621696fc31c90cd5d4,9000973,Cucharilla Desechable Plásticos Carmen X 10 Unidades,DescripciónEl Cucharilla Desechable Plásticos Carmen (10 unidades) es un utensilio práctico diseñado para el servicio de alimentos en reuniones eventos o actividades donde se requiere cubiertos desechables. Fabricados en plástico ofrecen una solución ligera y funcional para cortar y consumir alimentos sin necesidad de,AMARKET,https://amarket.com.bo/collections/lo-nuevo/products/9000973,https://amarket.com.bo/cdn/shop/files/9000973_1200x1200.jpg?v=1773466457,2026-08-21T02:22:39.345949+00:00,59f35c31-a86c-44d9-adbe-e27e1d03b535,200,image/jpeg,1.0.0,871ca37ab470d1555e648428381195f080d8e8c570d26a1f4c7fc9467a15f4a0,871ca37ab470d1555e648428381195f080d8e8c570d26a1f4c7fc9467a15f4a0,1200,1200,RGB,UNIFORM_RGB,REDISTRIBUTION_PROHIBITED,ACCEPTED,,data\raw\amarket_full\9000973_871ca37ab470.jpg
b3a78aa56f31f170d8bf79daa6973947e473eab926aaf1ed4e659355ba76b868,7773510140155,Miel De Abeja Del Campo Doypack X 600G,Miel De Abeja Del Campo Doypack X 600G,AMARKET,https://amarket.com.bo/collections/lo-nuevo/products/7773510140155,https://amarket.com.bo/cdn/shop/files/7773510140155_1200x1200.jpg?v=1779256534,2026-08-21T02:05:12.623718+00:00,59f35c31-a86c-44d9-adbe-e27e1d03b535,200,image/jpeg,1.0.0,d62c3dcaf05a36109f80b2d31746ed0e370a9793a7fa2e89b6381fade3cdc9ee,d62c3dcaf05a36109f80b2d31746ed0e370a9793a7fa2e89b6381fade3cdc9ee,1200,1200,RGB,UNIFORM_RGB,REDISTRIBUTION_PROHIBITED,ACCEPTED,,data\raw\amarket_full\7773510140155_d62c3dcaf05a.jpg
b4280c7fb6d2d41ac9386b55c2d74ad059dbf8d5faf86fd3a621ff5d2eb4fdee,7891962060361,Biscoito Galleta Bauducco Chocolate Con Leche X 36G,Biscoito Galleta Bauducco Chocolate Con Leche X 36G,AMARKET,https://amarket.com.bo/collections/lo-nuevo/products/7891962060361,https://amarket.com.bo/cdn/shop/files/7891962060361_1200x1200.jpg?v=1777614620,2026-08-21T02:12:59.449455+00:00,59f35c31-a86c-44d9-adbe-e27e1d03b535,200,image/jpeg,1.0.0,ee8b5a8c18313eedbeb6807d3ef2e3a64396154d2ca6c6f91ca789226d8118b4,ee8b5a8c18313eedbeb6807d3ef2e3a64396154d2ca6c6f91ca789226d8118b4,1200,1200,RGB,UNIFORM_RGB,REDISTRIBUTION_PROHIBITED,ACCEPTED,,data\raw\amarket_full\7891962060361_ee8b5a8c1831.jpg
b4508f4ab1f87b01bb51d2dd39d7cde9e5b431c2f63e4886455be52246d48f15,7773435280325,Galletas Con Mani Bread King,Galletas Con Mani Bread King,AMARKET,https://amarket.com.bo/collections/lo-nuevo/products/7773435280325,https://amarket.com.bo/cdn/shop/files/7773435280325_1200x1200.jpg?v=1783404802,2026-08-21T02:04:26.563854+00:00,59f35c31-a86c-44d9-adbe-e27e1d03b535,200,image/jpeg,1.0.0,561cfc6ec65f54b0cecd3f2ebc224fb5414bfb286c68ec079945d72227dee093,561cfc6ec65f54b0cecd3f2ebc224fb5414bfb286c68ec079945d72227dee093,1200,1200,RGB,UNIFORM_RGB,REDISTRIBUTION_PROHIBITED,ACCEPTED,,data\raw\amarket_full\7773435280325_561cfc6ec65f.jpg
b477226dfe140460c70906bd6702745d0151dff5d9d177a9f55eb1032e88d11e,7896183901165,Condimento Completo Zaeli Sin Pimienta X 300G,Condimento Completo Zaeli Sin Pimienta X 300G,AMARKET,https://amarket.com.bo/collections/lo-nuevo/products/7896183901165,https://amarket.com.bo/cdn/shop/files/7896183901165_1200x1200.jpg?v=1787205036,2026-08-21T02:15:36.709614+00:00,59f35c31-a86c-44d9-adbe-e27e1d03b535,200,image/jpeg,1.0.0,477225f69c149bddc500aa3d8d9ff21e6d3c031b07e41a3e62caf1a2343fa768,477225f69c149bddc500aa3d8d9ff21e6d3c031b07e41a3e62caf1a2343fa768,1000,1000,RGB,UNIFORM_RGB,REDISTRIBUTION_PROHIBITED,ACCEPTED,,data\raw\amarket_full\7896183901165_477225f69c14.jpg
b4c1c7fe7bde7191571b2f2baffd65f9d2701ee3be4db25f5496fe3a73534f0d,7908320401893,Croquetas Primocao Premium Cachorro Carne Y Leche X 3Kg,Descripción:Las Croquetas Primocão Premium Cachorro Carne y Leche son un alimento completo y balanceado desarrollado para cubrir las necesidades nutricionales de los cachorros durante su etapa de crecimiento. Su fórmula con carne y leche aporta proteínas vitaminas y minerales esenciales que contribuyen al desarrollo sa,AMARKET,https://amarket.com.bo/collections/lo-nuevo/products/7908320401893,https://amarket.com.bo/cdn/shop/files/7908320401893_1200x1200.jpg?v=1784140922,2026-08-21T02:20:38.038633+00:00,59f35c31-a86c-44d9-adbe-e27e1d03b535,200,image/jpeg,1.0.0,128819914122952359849a0e04ca4510f7302cbea77ff5b98745cf62a699c613,128819914122952359849a0e04ca4510f7302cbea77ff5b98745cf62a699c613,1200,1200,RGB,UNIFORM_RGB,REDISTRIBUTION_PROHIBITED,ACCEPTED,,data\raw\amarket_full\7908320401893_128819914122.jpg
b4e3d0390803645442fcd660817fffd27d6aa667ddf6269785de73fc62570273,7773431000057,Palitos Integrales Con Queso Vikinger,DescripciónLos Palitos Integrales con Queso Vikinger son un snack crujiente elaborado con ingredientes integrales y sabor a queso ideal para disfrutar en cualquier momento del día. Su textura crocante y su práctico formato los convierten en una opción conveniente para compartir o llevar como colación.,AMARKET,https://amarket.com.bo/collections/lo-nuevo/products/7773431000057,https://amarket.com.bo/cdn/shop/files/7773431000057_1200x1200.jpg?v=1776213710,2026-08-21T02:04:08.644468+00:00,59f35c31-a86c-44d9-adbe-e27e1d03b535,200,image/jpeg,1.0.0,32677f0231086730934147c46e81902db7e92511ca8fa5eb9cafd9981d0480f6,32677f0231086730934147c46e81902db7e92511ca8fa5eb9cafd9981d0480f6,1200,1200,RGB,UNIFORM_RGB,REDISTRIBUTION_PROHIBITED,ACCEPTED,,data\raw\amarket_full\7773431000057_32677f023108.jpg
b4f41caaf9e4ee9f7fd3586d3144fa69f96bc0f858f7c84c6acf951fffd699fe,074108456427,Plancha Alisadora Babyliss Pro Optima 3000,DescripciónLa Plancha Profesional Optima 3000 combina potencia precisión y tecnología avanzada para lograr un cabello más liso brillante y sin frizz. Sus placas de Nano Titanium distribuyen el calor de manera uniforme permitiendo alisar ondular o crear rizos definidos con resultados tipo salón. Gracias a su sistema de,AMARKET,https://amarket.com.bo/collections/lo-nuevo/products/074108456427,https://amarket.com.bo/cdn/shop/files/074108456427_1200x1200.jpg?v=1787204882,2026-08-21T01:47:11.366661+00:00,59f35c31-a86c-44d9-adbe-e27e1d03b535,200,image/jpeg,1.0.0,a8b0d77fa85039752455cb8d1e21b60992e3e597cf4338f865b6f54183059802,a8b0d77fa85039752455cb8d1e21b60992e3e597cf4338f865b6f54183059802,1200,1200,RGB,UNIFORM_RGB,REDISTRIBUTION_PROHIBITED,ACCEPTED,,data\raw\amarket_full\074108456427_a8b0d77fa850.jpg
b51000a6ac6662cf7d5c13b7ba80cdc113f4644c106e0884cb1f43c3ed0682d9,7770109740024,Cúrcuma En Polvo Condimento Bolivia X 50G,Descripción:La Cúrcuma en Polvo Condimentos Bolivia 50 g es una especia obtenida de la raíz de cúrcuma deshidratada y molida utilizada para aportar color amarillo característico y sabor a diferentes preparaciones culinarias. Puede incorporarse en arroces sopas salsas y otras recetas. Presentación de 50 g.,AMARKET,https://amarket.com.bo/collections/lo-nuevo/products/7770109740024,https://amarket.com.bo/cdn/shop/files/7770109740024_1200x1200.jpg?v=1773120511,2026-08-21T01:58:37.764398+00:00,59f35c31-a86c-44d9-adbe-e27e1d03b535,200,image/jpeg,1.0.0,83e69ebc834b4ff217f4ffd4dd60bb9b213b7204903bd25d4aea0dc2b9bfa5d8,83e69ebc834b4ff217f4ffd4dd60bb9b213b7204903bd25d4aea0dc2b9bfa5d8,1200,1200,RGB,UNIFORM_RGB,REDISTRIBUTION_PROHIBITED,ACCEPTED,,data\raw\amarket_full\7770109740024_83e69ebc834b.jpg
b52cf6101163576176ed983db8a700202ccc6467f6c7af31f763d6902c0a8c85,7772107000483,Vino Tinto Kohlberg Fundador X 700Ml,"Conforme a la Ley N.° 259, la venta de bebidas alcohólicas está restringida entre las 03:00 am y las 09:00 am. Los pedidos realizados durante ese horario se despacharán a partir de las 09:00 amEl Vino Tinto Kohlberg Fundador Corte 1987 X 700 ml es una etiqueta clásica que refleja la tradición y trayectoria de la bodega",AMARKET,https://amarket.com.bo/collections/lo-nuevo/products/7772107000483,https://amarket.com.bo/cdn/shop/files/7772107000483_1200x1200.jpg?v=1787203147,2026-08-21T02:02:14.658418+00:00,59f35c31-a86c-44d9-adbe-e27e1d03b535,200,image/jpeg,1.0.0,1affdac9078e678b6af1870d9abd677758db262b73183fb3668aa28d4ec284f6,1affdac9078e678b6af1870d9abd677758db262b73183fb3668aa28d4ec284f6,1200,1200,RGB,UNIFORM_RGB,REDISTRIBUTION_PROHIBITED,ACCEPTED,,data\raw\amarket_full\7772107000483_1affdac9078e.jpg
b56be84233197ca5b26ac82a8490267dc20e108495bcbbb4a99d780af2d81a9c,7774904460255,Jugo Tampico Mango X 3L,Jugo Tampico Mango X 3L,AMARKET,https://amarket.com.bo/collections/lo-nuevo/products/7774904460255,https://amarket.com.bo/cdn/shop/files/7774904460255_1200x1200.jpg?v=1787205476,2026-08-21T02:06:47.634924+00:00,59f35c31-a86c-44d9-adbe-e27e1d03b535,200,image/jpeg,1.0.0,37a3feb97e398824d462455de1f99ffcdda2d83d64834b0d8e39566b53496e37,37a3feb97e398824d462455de1f99ffcdda2d83d64834b0d8e39566b53496e37,1200,1200,RGB,UNIFORM_RGB,REDISTRIBUTION_PROHIBITED,ACCEPTED,,data\raw\amarket_full\7774904460255_37a3feb97e39.jpg
b590c3881d14f48afe54e464af949896c25ec3f597be2ed64844c7dbbca39e7d,7509552961881,Esmalte Vogue Efecto Gel Tono Sensación X 14Ml,Descripción:El Esmalte Vogue Efecto Gel ofrece un acabado brillante con efecto gel y colores intensos proporcionando una apariencia de manicure profesional sin necesidad de lámparas UV. Su fórmula de secado rápido ayuda a lograr un color uniforme y una duración de hasta 12 días además de contribuir al fortalecimiento d,AMARKET,https://amarket.com.bo/collections/lo-nuevo/products/7509552961881,https://amarket.com.bo/cdn/shop/files/7509552961881_1200x1200.jpg?v=1785392765,2026-08-21T01:54:27.378234+00:00,59f35c31-a86c-44d9-adbe-e27e1d03b535,200,image/jpeg,1.0.0,4b09dddeda5fdc730eec0dc549a9d723da54bf72e9be00f43ce4e7674a536ac6,4b09dddeda5fdc730eec0dc549a9d723da54bf72e9be00f43ce4e7674a536ac6,1200,1200,RGB,UNIFORM_RGB,REDISTRIBUTION_PROHIBITED,ACCEPTED,,data\raw\amarket_full\7509552961881_4b09dddeda5f.jpg
b65a3adc55897effac5c04d876d4cdbc2ae64c48446ad164669970c44f894d29,7773435930367,Pan Molde Integral Samuel X 300G,DescripciónEl Pan Molde Integral Samuel es un pan elaborado con harina integral con textura suave y consistente ideal para preparar sándwiches y tostadas dentro de la alimentación diaria. Su formato práctico lo hace conveniente para el consumo familiar. Presentación de 300 g.,AMARKET,https://amarket.com.bo/collections/lo-nuevo/products/7773435930367,https://amarket.com.bo/cdn/shop/files/7773435930367_1200x1200.jpg?v=1787203269,2026-08-21T02:04:40.735745+00:00,59f35c31-a86c-44d9-adbe-e27e1d03b535,200,image/jpeg,1.0.0,6eba31f52cd9d44d222bc0ec1cb2c40747b05102cc59e1d570d443d87c3cfb96,6eba31f52cd9d44d222bc0ec1cb2c40747b05102cc59e1d570d443d87c3cfb96,1200,1200,RGB,UNIFORM_RGB,REDISTRIBUTION_PROHIBITED,ACCEPTED,,data\raw\amarket_full\7773435930367_6eba31f52cd9.jpg
b68d94cb3639fae56b2a6bd4d62c18ba708eade133f1c5af4c676207dbddd4cb,7896058503098,Caramelos Mel Recheado Sabor Miel Relleno X 500G,Caramelos Mel Recheado Sabor Miel Relleno X 500G,AMARKET,https://amarket.com.bo/collections/lo-nuevo/products/7896058503098,https://amarket.com.bo/cdn/shop/files/7896058503098_1200x1200.jpg?v=1782799684,2026-08-21T02:14:20.327057+00:00,59f35c31-a86c-44d9-adbe-e27e1d03b535,200,image/jpeg,1.0.0,f5ccce6b58c81f2996a0df21c9f334ba41ad8864fe6a7c63a11d2fe03bebdde3,f5ccce6b58c81f2996a0df21c9f334ba41ad8864fe6a7c63a11d2fe03bebdde3,1200,1200,RGB,UNIFORM_RGB,REDISTRIBUTION_PROHIBITED,ACCEPTED,,data\raw\amarket_full\7896058503098_f5ccce6b58c8.jpg
b7d77c7404d1d6065c7401d1636580f37c7a112fb72cf5578946712a4dd0eaf6,8410412607988,Set Facial Babaria Retinol Crema+Serum+Neceser,Descripción:El Set Facial Babaria Retinol Crema + Sérum + Neceser es una rutina completa de cuidado antiedad que combina el poder renovador del retinol en dos productos complementarios: una crema facial y un sérum de rápida absorción. Diseñado para el uso diario nocturno este set ayuda a reducir visiblemente las arruga,AMARKET,https://amarket.com.bo/collections/lo-nuevo/products/8410412607988,https://amarket.com.bo/cdn/shop/files/8410412607988_1200x1200.jpg?v=1781589528,2026-08-21T02:21:08.080554+00:00,59f35c31-a86c-44d9-adbe-e27e1d03b535,200,image/jpeg,1.0.0,379c2cf5a96843a1bc549065bfcffb8382b72c6e851ba13acebabc32a76060e4,379c2cf5a96843a1bc549065bfcffb8382b72c6e851ba13acebabc32a76060e4,1200,1200,RGB,UNIFORM_RGB,REDISTRIBUTION_PROHIBITED,ACCEPTED,,data\raw\amarket_full\8410412607988_379c2cf5a968.jpg
b7eb0e1ce3402221e611dd240af3185555a93730729d0f1a7531dc3a97fc7dcc,7774904460248,Jugo Tampico Citrus Punch X 3L,Descripción:El Jugo Tampico Citrus Punch Naranja Mandarina y Limón 3 litros es una bebida con una refrescante mezcla de sabores cítricos que combina naranja mandarina y limón en cada sorbo. Enriquecido con vitamina C ofrece un sabor intenso y refrescante ideal para disfrutar en cualquier momento del día.,AMARKET,https://amarket.com.bo/collections/lo-nuevo/products/7774904460248,https://amarket.com.bo/cdn/shop/files/7774904460248_1200x1200.jpg?v=1782540599,2026-08-21T02:06:44.285275+00:00,59f35c31-a86c-44d9-adbe-e27e1d03b535,200,image/jpeg,1.0.0,5041b2635344f67b83045255285abb0f12326b406f91e41478757e9e875168d3,5041b2635344f67b83045255285abb0f12326b406f91e41478757e9e875168d3,1200,1200,RGB,UNIFORM_RGB,REDISTRIBUTION_PROHIBITED,ACCEPTED,,data\raw\amarket_full\7774904460248_5041b2635344.jpg
b8163c8145ea302027fc8e5cb13d56ae6711f7817cbfbc4a79ce0f848cf78f21,309979632329,Labial Revlon Super Lustrous Tono 463 Sassy Mauve,DescripciónEl Labial Revlon Super Lustrous es un clásico icónico que destaca por su aplicación suave y acabado confortable. Su fórmula con 80% de ingredientes acondicionadores ayuda a mantener los labios hidratados aportando una sensación cremosa y ligera en cada uso. Además contribuye a minimizar la apariencia de líne,AMARKET,https://amarket.com.bo/collections/lo-nuevo/products/309979632329,https://amarket.com.bo/cdn/shop/files/309979632329_1200x1200.jpg?v=1775108632,2026-08-21T01:50:16.817871+00:00,59f35c31-a86c-44d9-adbe-e27e1d03b535,200,image/jpeg,1.0.0,e9ca534e3d866d62d94930d11c5314a609cdb6de3861184d252430976a138dd9,e9ca534e3d866d62d94930d11c5314a609cdb6de3861184d252430976a138dd9,1200,1200,RGB,UNIFORM_RGB,REDISTRIBUTION_PROHIBITED,ACCEPTED,,data\raw\amarket_full\309979632329_e9ca534e3d86.jpg
b83e13098567154b312cbde303d65631c17a5c65584275f1e168defc84fe2f30,7770017980017,Cereal Choconick 7 Cereales Chocolate Caja X 250G7 Cereales Caja X 250Gr Chocolate,Descripción:El Cereal de Desayuno Sabor a Chocolate combina maíz trigo avena soya y quinua para ofrecer una opción práctica y deliciosa para comenzar el día. Su fórmula aporta proteínas fibra hierro y calcio nutrientes que complementan una alimentación equilibrada y ayudan a cubrir las necesidades nutricionales diarias,AMARKET,https://amarket.com.bo/collections/lo-nuevo/products/7770017980017,https://amarket.com.bo/cdn/shop/files/7770017980017_1200x1200.jpg?v=1787206048,2026-08-21T01:57:37.004986+00:00,59f35c31-a86c-44d9-adbe-e27e1d03b535,200,image/jpeg,1.0.0,7c46fe8ee48bbf5573fba9dc428e421b59e64e45e796a81a1a63f98683736ec7,7c46fe8ee48bbf5573fba9dc428e421b59e64e45e796a81a1a63f98683736ec7,1200,1200,RGB,UNIFORM_RGB,REDISTRIBUTION_PROHIBITED,ACCEPTED,,data\raw\amarket_full\7770017980017_7c46fe8ee48b.jpg
b940782852c511ac3c8a086e0dddcc7ca9c27c693fbca48cdd5f928f3990f142,9001061,Bolsa De Basura Plásticos Carmen Negra Ecológica 35X65,Bolsa De Basura Plásticos Carmen Negra Ecológica 35X65,AMARKET,https://amarket.com.bo/collections/lo-nuevo/products/9001061,https://amarket.com.bo/cdn/shop/files/9001061_1200x1200.jpg?v=1776203995,2026-08-21T02:22:45.709817+00:00,59f35c31-a86c-44d9-adbe-e27e1d03b535,200,image/jpeg,1.0.0,e20250e0637bde81a786daa0a924281b9948df66d8faf474fb5570f7518a498a,e20250e0637bde81a786daa0a924281b9948df66d8faf474fb5570f7518a498a,1200,1200,RGB,UNIFORM_RGB,REDISTRIBUTION_PROHIBITED,ACCEPTED,,data\raw\amarket_full\9001061_e20250e0637b.jpg
b94849e86f5e805eb5f6dd181ba8351c46025faee16408f393967832be64f431,7771228000990,Piña Campo Verde Trozos En Almibar X 567G,DescripciónLa Piña en Trozos en Almíbar Campo Verde 567 g es una conserva elaborada con trozos de piña en almíbar lista para consumir. Su presentación de 567 g es práctica para incorporar en postres ensaladas o diferentes preparaciones aportando sabor dulce y textura jugosa.,AMARKET,https://amarket.com.bo/collections/lo-nuevo/products/7771228000990,https://amarket.com.bo/cdn/shop/files/7771228000990_1200x1200.jpg?v=1774294953,2026-08-21T02:00:12.814166+00:00,59f35c31-a86c-44d9-adbe-e27e1d03b535,200,image/jpeg,1.0.0,68c46994ee40b55349648a038f6917537a409bd319762d597034662837be1b80,68c46994ee40b55349648a038f6917537a409bd319762d597034662837be1b80,1200,1200,RGB,UNIFORM_RGB,REDISTRIBUTION_PROHIBITED,ACCEPTED,,data\raw\amarket_full\7771228000990_68c46994ee40.jpg
b9cff55fe4c898931643f78e4e94bea94ca8e7f20290baeab376b3e14834462f,8809686120338,Serum Izeze Vita Lemon Cna X 30Ml,DescripciónEl Serum Izeze Vita Lemon CNA es un sérum facial coreano formulado con extracto de limón vitamina C estabilizada y niacinamida que ayuda a iluminar la piel mejorar el tono desigual y aportar hidratación ligera. Su textura ligera y de rápida absorción ayuda a revitalizar la piel opaca mejorar la textura y pro,AMARKET,https://amarket.com.bo/collections/lo-nuevo/products/8809686120338,https://amarket.com.bo/cdn/shop/files/8809686120338_1200x1200.jpg?v=1787203462,2026-08-21T02:21:43.977678+00:00,59f35c31-a86c-44d9-adbe-e27e1d03b535,200,image/jpeg,1.0.0,0299d40d4d430b50da28aa46f344c9909db5407c53a19fd94b2b5d9d2f2b47ff,0299d40d4d430b50da28aa46f344c9909db5407c53a19fd94b2b5d9d2f2b47ff,1200,1200,RGB,UNIFORM_RGB,REDISTRIBUTION_PROHIBITED,ACCEPTED,,data\raw\amarket_full\8809686120338_0299d40d4d43.jpg
b9dd70b04f40fa9bedea7453070f6a63713df6e5e246d6dde9ccb89ab46bef69,7773800001463,Pack Cigarillos L&M Forward X 20 Unidades+11 Unidades,Pack Cigarillos L&amp;M Forward x 20 Unidades+11 Unidades,AMARKET,https://amarket.com.bo/collections/lo-nuevo/products/7773800001463,https://amarket.com.bo/cdn/shop/files/7773800001463_1200x1200.jpg?v=1787204691,2026-08-21T02:05:26.899335+00:00,59f35c31-a86c-44d9-adbe-e27e1d03b535,200,image/jpeg,1.0.0,11645e5a1eee4f79f873ad9cc5d767aeae330cd4382f3eee733148bea732329f,11645e5a1eee4f79f873ad9cc5d767aeae330cd4382f3eee733148bea732329f,1200,1200,RGB,UNIFORM_RGB,REDISTRIBUTION_PROHIBITED,ACCEPTED,,data\raw\amarket_full\7773800001463_11645e5a1eee.jpg
ba039dc68b8051eace0ed5164da399620f56c8a07c691aa503ac624115e1364f,1200185065958,Stanley Surround Mug Aerolight Red Velvet X 473Ml,DescripciónLa Mug Transit Surround combina estilo practicidad y tecnología térmica avanzada en un diseño pensado para acompañarte todos los días. Sus acabados en tonos suaves detalles brillantes y exterior facetado la convierten en una opción ideal para regalar o para disfrutar tus bebidas favoritas con un toque modern,AMARKET,https://amarket.com.bo/collections/lo-nuevo/products/1200185065958,https://amarket.com.bo/cdn/shop/files/1200185065958_1200x1200.jpg?v=1787204876,2026-08-21T01:49:09.258983+00:00,59f35c31-a86c-44d9-adbe-e27e1d03b535,200,image/jpeg,1.0.0,3cb96d0cf497f330b0de0ca343a9ca5efb893a4dd3f9023d82e09bf8105613d7,3cb96d0cf497f330b0de0ca343a9ca5efb893a4dd3f9023d82e09bf8105613d7,1200,1200,RGB,UNIFORM_RGB,REDISTRIBUTION_PROHIBITED,ACCEPTED,,data\raw\amarket_full\1200185065958_3cb96d0cf497.jpg
bbc3278f4ff4c0d3489cb07ffc742e7b572ea2e96701920d781329597cbbb28e,7896451912909,Gomitas Docile Gelatines Moras X 15G,Gomitas Docile Gelatines Moras X 15G,AMARKET,https://amarket.com.bo/collections/lo-nuevo/products/7896451912909,https://amarket.com.bo/cdn/shop/files/7896451912909_1200x1200.jpg?v=1787205097,2026-08-21T02:17:36.158462+00:00,59f35c31-a86c-44d9-adbe-e27e1d03b535,200,image/jpeg,1.0.0,0c86bd5280fa75aa5708105a9a8d34e9a695b4bac2839023d2ba8f64610c8879,0c86bd5280fa75aa5708105a9a8d34e9a695b4bac2839023d2ba8f64610c8879,1200,1200,RGB,UNIFORM_RGB,REDISTRIBUTION_PROHIBITED,ACCEPTED,,data\raw\amarket_full\7896451912909_0c86bd5280fa.jpg
bc01a93db5fedba3df2d89881655b04998370b115fc0d2cf93ce1761da1b6e1d,7898080665782,Energizante Proteico Baly Sabor Tropical 15G X 250Ml,Descripción:El Energizante Proteico Baly Muscle Protein sabor Tropical es una bebida energética innovadora que combina energía y aporte proteico en una sola lata. Esta fórmula única integra ingredientes energéticos clásicos como cafeína y taurina con 15 g de proteína diseñada para apoyar tanto tu energía como tu recupe,AMARKET,https://amarket.com.bo/collections/lo-nuevo/products/7898080665782,https://amarket.com.bo/cdn/shop/files/7898080665782_1200x1200.jpg?v=1771046666,2026-08-21T02:19:00.231906+00:00,59f35c31-a86c-44d9-adbe-e27e1d03b535,200,image/jpeg,1.0.0,3f429cdbf66fc5c24653ce62742f960743e4bad4d26d51d0b6868fc6bf7b51f6,3f429cdbf66fc5c24653ce62742f960743e4bad4d26d51d0b6868fc6bf7b51f6,1200,1200,RGB,UNIFORM_RGB,REDISTRIBUTION_PROHIBITED,ACCEPTED,,data\raw\amarket_full\7898080665782_3f429cdbf66f.jpg
bc0f31d00f29dad3b323a27aaf602ccf0b9939f4ec7462bd1aa8060cebaa8f50,6941696108493,Vape Waka Go 10K 5% Nicotina Dark Cherry,DescripciónWaka Go Dark Cherry 10.000 Puffs es un vape desechable de alto rendimiento diseñado para brindar una experiencia prolongada y consistente. Combina el sabor dulce y refrescante de dark cherry con un toque fresco que ofrece una sensación suave y agradable en cada inhalación. Producto destinado para adultos que,AMARKET,https://amarket.com.bo/collections/lo-nuevo/products/6941696108493,https://amarket.com.bo/cdn/shop/files/6941696108493_1200x1200.jpg?v=1787203825,2026-08-21T01:52:01.917245+00:00,59f35c31-a86c-44d9-adbe-e27e1d03b535,200,image/jpeg,1.0.0,49f208cc2863bc5c7af3e3e78c5985a0aa0ee328ce7f487f5821c9d7e61919d5,49f208cc2863bc5c7af3e3e78c5985a0aa0ee328ce7f487f5821c9d7e61919d5,1200,1200,RGB,UNIFORM_RGB,REDISTRIBUTION_PROHIBITED,ACCEPTED,,data\raw\amarket_full\6941696108493_49f208cc2863.jpg
bc536cff54531a22693def9fc4b2d5275cfcf35f4594d21bee2d955698597c04,7750243086417,Detergente Uno En Polvo Paraiso Tropical X 620G,Detergente Uno En Polvo Paraiso Tropical X 620G,AMARKET,https://amarket.com.bo/collections/lo-nuevo/products/7750243086417,https://amarket.com.bo/cdn/shop/files/7750243086417_1200x1200.jpg?v=1787205060,2026-08-21T01:56:47.841816+00:00,59f35c31-a86c-44d9-adbe-e27e1d03b535,200,image/jpeg,1.0.0,cf540f0aeddb679850b7a7764100fbdb8836b48a302a966e551593148541253a,cf540f0aeddb679850b7a7764100fbdb8836b48a302a966e551593148541253a,1200,1200,RGB,UNIFORM_RGB,REDISTRIBUTION_PROHIBITED,ACCEPTED,,data\raw\amarket_full\7750243086417_cf540f0aeddb.jpg
bc94d598b87fc5dc81e26dd6ec0358d5f55db5252879733625b4b5feb59351e6,7773980250033,Arándanos Congelados Frutas De Tarija X 250G,DescripciónLos Arándanos Congelados Frutas de Tarija 250 g son una opción práctica para disfrutar de fruta con su sabor natural y propiedades nutritivas durante todo el año. Gracias a su proceso de congelado conservan su frescura textura y calidad. Ideales para preparar batidos postres yogures o como complemento en una,AMARKET,https://amarket.com.bo/collections/lo-nuevo/products/7773980250033,https://amarket.com.bo/cdn/shop/files/7773980250033_1200x1200.jpg?v=1777010031,2026-08-21T02:05:37.534155+00:00,59f35c31-a86c-44d9-adbe-e27e1d03b535,200,image/jpeg,1.0.0,66d683b8d7939df846c371a424d78e7232bfc9733b477905139700615355de5f,66d683b8d7939df846c371a424d78e7232bfc9733b477905139700615355de5f,1200,1200,RGB,UNIFORM_RGB,REDISTRIBUTION_PROHIBITED,ACCEPTED,,data\raw\amarket_full\7773980250033_66d683b8d793.jpg
bd28984ee3a3d7227681b591af4ef043b6fb92e9698b13672b8d707c8f1020dc,7899808896082,Juego De Medidores Plasutil Surtido X 9 Piezas,Juego De Medidores Plasutil Surtido X 9 Piezas,AMARKET,https://amarket.com.bo/collections/lo-nuevo/products/7899808896082,https://amarket.com.bo/cdn/shop/files/7899808896082_1200x1200.jpg?v=1787204083,2026-08-21T02:20:34.758439+00:00,59f35c31-a86c-44d9-adbe-e27e1d03b535,200,image/jpeg,1.0.0,faf57fc5c02c28a0e3695e424f63b38eb51edbf6ec68a6270cadc10e6cf01897,faf57fc5c02c28a0e3695e424f63b38eb51edbf6ec68a6270cadc10e6cf01897,1200,1200,RGB,UNIFORM_RGB,REDISTRIBUTION_PROHIBITED,ACCEPTED,,data\raw\amarket_full\7899808896082_faf57fc5c02c.jpg
bdcbc42b2e15d14698d0a6bd181758a5dbd9e8aac7c6b1c4ae3646e8cef6936a,048107252793,Proteína Gnc 100% Whey Protein Cream Strawberry X 775G,Características: Marca: Gnc. Sabor: Cream Strawberry. Contenido neto: 775 g.,AMARKET,https://amarket.com.bo/collections/lo-nuevo/products/048107252793,https://amarket.com.bo/cdn/shop/files/048107252793_1200x1200.jpg?v=1787206017,2026-08-21T01:46:40.967866+00:00,59f35c31-a86c-44d9-adbe-e27e1d03b535,200,image/jpeg,1.0.0,839f8845f4173ee13080c83788b8d0ac9b0bd1c184af375a3100f6d22e7765ad,839f8845f4173ee13080c83788b8d0ac9b0bd1c184af375a3100f6d22e7765ad,1200,1200,RGB,UNIFORM_RGB,REDISTRIBUTION_PROHIBITED,ACCEPTED,,data\raw\amarket_full\048107252793_839f8845f417.jpg
be2197047c9a7ac33b242059cfc070f3ae3462794fdabe3ef5fefcef81d9e524,7896902286788,Protector Solar Farmax Sunless Stick Fps50 Extra Clara X 12G,Descripción:El Protector Solar Sunless Stick FPS 50 Tono Extra Claro combina una alta protección solar de amplio espectro contra los rayos UVA y UVB con un suave tono beige claro que ayuda a unificar visualmente el tono de la piel. Su práctico formato en barra permite una aplicación rápida uniforme y sin complicaciones,AMARKET,https://amarket.com.bo/collections/lo-nuevo/products/7896902286788,https://amarket.com.bo/cdn/shop/files/7896902286788_1200x1200.jpg?v=1787205141,2026-08-21T02:18:01.278071+00:00,59f35c31-a86c-44d9-adbe-e27e1d03b535,200,image/jpeg,1.0.0,56e843877ab2564ecd20a4eadad245a71b26207f3844903c645b36d2026ed86f,56e843877ab2564ecd20a4eadad245a71b26207f3844903c645b36d2026ed86f,1200,1200,RGB,UNIFORM_RGB,REDISTRIBUTION_PROHIBITED,ACCEPTED,,data\raw\amarket_full\7896902286788_56e843877ab2.jpg
bed8e3c848d77f5bdceb912da68fea6dcc837ec3948fc3b1b2bab75e242a494f,7896037918615,Vodka Rajska Red Fruit X 1L,"Conforme a la Ley N.° 259, la venta de bebidas alcohólicas está restringida entre las 03:00 am y las 09:00 am. Los pedidos realizados durante ese horario se despacharán a partir de las 09:00 amDescripciónEl Vodka Rajska Red Fruit es una bebida alcohólica elaborada a base de vodka con aromatización de frutas rojas que a",AMARKET,https://amarket.com.bo/collections/lo-nuevo/products/7896037918615,https://amarket.com.bo/cdn/shop/files/7896037918615_1200x1200.jpg?v=1770096146,2026-08-21T02:13:33.289473+00:00,59f35c31-a86c-44d9-adbe-e27e1d03b535,200,image/jpeg,1.0.0,bca699d225ec06182dcc6b5cc53dcc167c4554a7570ca4aede4bd6c77a471f90,bca699d225ec06182dcc6b5cc53dcc167c4554a7570ca4aede4bd6c77a471f90,1200,1200,RGB,UNIFORM_RGB,REDISTRIBUTION_PROHIBITED,ACCEPTED,,data\raw\amarket_full\7896037918615_bca699d225ec.jpg
bf4e76a094f4c91f9ffed7bc35b7c36d75f5b12b58d40dd0de287a0db59274e7,7771260760074,Jugo De La Granja Sabor Naranja X 3L,Jugo De La Granja Sabor Naranja X 3L,AMARKET,https://amarket.com.bo/collections/lo-nuevo/products/7771260760074,https://amarket.com.bo/cdn/shop/files/7771260760074_1200x1200.jpg?v=1775108644,2026-08-21T02:01:25.703945+00:00,59f35c31-a86c-44d9-adbe-e27e1d03b535,200,image/jpeg,1.0.0,d3d9c42107d25ebdcde96b36f966a075b5d12ba6eba914eba2f3688debb4d56a,d3d9c42107d25ebdcde96b36f966a075b5d12ba6eba914eba2f3688debb4d56a,1200,1200,RGB,UNIFORM_RGB,REDISTRIBUTION_PROHIBITED,ACCEPTED,,data\raw\amarket_full\7771260760074_d3d9c42107d2.jpg
bffef57c27b47b12f28d9133977662a4148e6dc887941bd7a6db79ba3d0ba822,074108479341,Rizador Automático Babyliss Pro Miracurl,DescripciónEl BabyLiss MiraCurl Pro Advanced 32 mm es un rizador automático profesional diseñado para crear ondas suaves y rizos definidos de forma rápida uniforme y sin esfuerzo. Su sistema automático envuelve el mechón lo calienta y lo libera en el momento exacto para lograr resultados duraderos con acabado brillante,AMARKET,https://amarket.com.bo/collections/lo-nuevo/products/074108479341,https://amarket.com.bo/cdn/shop/files/074108479341_1200x1200.jpg?v=1778910660,2026-08-21T01:47:15.253063+00:00,59f35c31-a86c-44d9-adbe-e27e1d03b535,200,image/jpeg,1.0.0,271a61abce00ddf7715d7ef286c94c6f8994cf419f5ad30fa0b36a03abca7ff5,271a61abce00ddf7715d7ef286c94c6f8994cf419f5ad30fa0b36a03abca7ff5,1200,1200,RGB,UNIFORM_RGB,REDISTRIBUTION_PROHIBITED,ACCEPTED,,data\raw\amarket_full\074108479341_271a61abce00.jpg
c0314ea2b5d94a76dd47b9b1b1ba9b0c95b52783f7bafe5f92780235b7fc3774,3501117,Set Collar + Manilla Narcissa Tipo B,Set Collar + Manilla Narcissa Tipo B,AMARKET,https://amarket.com.bo/collections/lo-nuevo/products/3501117,https://amarket.com.bo/cdn/shop/files/3501117_1200x1200.jpg?v=1787205507,2026-08-21T01:50:41.399016+00:00,59f35c31-a86c-44d9-adbe-e27e1d03b535,200,image/jpeg,1.0.0,06b9e9678c13fff72ac7e6f6ecaaf4ffa28f5d451bd3b4391fced7884409a1ef,06b9e9678c13fff72ac7e6f6ecaaf4ffa28f5d451bd3b4391fced7884409a1ef,1200,1200,RGB,UNIFORM_RGB,REDISTRIBUTION_PROHIBITED,ACCEPTED,,data\raw\amarket_full\3501117_06b9e9678c13.jpg
c098594f9c9652b63cd638371f4188b336ec0e4cf0df3eadaeaf05079b060517,7896451908803,Gomitas Docile Gelatines Fiesta X 80G,Gomitas Docile Gelatines Fiesta X 80G,AMARKET,https://amarket.com.bo/collections/lo-nuevo/products/7896451908803,https://amarket.com.bo/cdn/shop/files/7896451908803_c437f810-bf9e-45cd-8a0d-f1a31bbd489c_1200x1200.jpg?v=1781071360,2026-08-21T02:16:45.532083+00:00,59f35c31-a86c-44d9-adbe-e27e1d03b535,200,image/jpeg,1.0.0,d99da36e048de124c2fb6bf9f5b5cd0ba136875e7f29d82769013180563514d6,d99da36e048de124c2fb6bf9f5b5cd0ba136875e7f29d82769013180563514d6,1200,1200,RGB,UNIFORM_RGB,REDISTRIBUTION_PROHIBITED,ACCEPTED,,data\raw\amarket_full\7896451908803_d99da36e048d.jpg
c0ef217e159ae0d8592ab42984211c730336beabe1525ef843ee6c6aceac2058,7773400003836,Galletas Dulces La Francesa Savoie Bolsa X 350G,Galletas Dulces La Francesa Savoie Bolsa X 350G,AMARKET,https://amarket.com.bo/collections/lo-nuevo/products/7773400003836,https://amarket.com.bo/cdn/shop/files/7773400003836_1200x1200.jpg?v=1787205817,2026-08-21T02:03:32.575614+00:00,59f35c31-a86c-44d9-adbe-e27e1d03b535,200,image/jpeg,1.0.0,7a28321e2279976d2dd72ef6e05a577e6490994871707a7b8be4982e5324c1cf,7a28321e2279976d2dd72ef6e05a577e6490994871707a7b8be4982e5324c1cf,1200,1200,RGB,UNIFORM_RGB,REDISTRIBUTION_PROHIBITED,ACCEPTED,,data\raw\amarket_full\7773400003836_7a28321e2279.jpg
c0fa28678bcbecb6881762f1f4c1d4b202febfe76f8dfca18f80363e890332a2,7792070053927,Aceitunas Verdes Nucete Relleno Con Pasta Limón X 330G,Aceitunas Verdes Nucete Relleno Con Pasta Limón X 330G,AMARKET,https://amarket.com.bo/collections/lo-nuevo/products/7792070053927,https://amarket.com.bo/cdn/shop/files/7792070053927_1200x1200.jpg?v=1787205207,2026-08-21T02:08:51.776237+00:00,59f35c31-a86c-44d9-adbe-e27e1d03b535,200,image/jpeg,1.0.0,6fb9e668323c079ae31d63ae692af60175ebaedf7984f832d22e0557c23f897f,6fb9e668323c079ae31d63ae692af60175ebaedf7984f832d22e0557c23f897f,1200,1200,RGB,UNIFORM_RGB,REDISTRIBUTION_PROHIBITED,ACCEPTED,,data\raw\amarket_full\7792070053927_6fb9e668323c.jpg
c1a9a1774a65fd916cb86bf2da2bcb60840a361af1c64542a0c4ecfcf30fd92e,7773401007833,Galleta Rosquitas Mabels Sabor Leche X 230G,Galleta Rosquitas Mabels Sabor Leche X 230G,AMARKET,https://amarket.com.bo/collections/lo-nuevo/products/7773401007833,https://amarket.com.bo/cdn/shop/files/7773401007833_1200x1200.jpg?v=1777442073,2026-08-21T02:03:54.334090+00:00,59f35c31-a86c-44d9-adbe-e27e1d03b535,200,image/jpeg,1.0.0,44ba76b5fc0f0ce84e455cf3ade38669d1649ce5c72bfd967c670d698ba5fe7b,44ba76b5fc0f0ce84e455cf3ade38669d1649ce5c72bfd967c670d698ba5fe7b,1200,1200,RGB,UNIFORM_RGB,REDISTRIBUTION_PROHIBITED,ACCEPTED,,data\raw\amarket_full\7773401007833_44ba76b5fc0f.jpg
c1b640dbd781c5901c385ab0f18e26deccff4ac2cef70b5313ca985aad797549,7791293049472,Desodorante Rexona Men Aerosol 72H Fifa Mundial 2026 X 150Ml,Desodorante Rexona Men Aerosol 72H Fifa Mundial 2026 X 150Ml,AMARKET,https://amarket.com.bo/collections/lo-nuevo/products/7791293049472,https://amarket.com.bo/cdn/shop/files/7791293049472_1200x1200.jpg?v=1778305959,2026-08-21T02:08:06.095325+00:00,59f35c31-a86c-44d9-adbe-e27e1d03b535,200,image/jpeg,1.0.0,692a033309bed45d38389f067cd93d3d09237691718dc7cd2e534cb32d8f1827,692a033309bed45d38389f067cd93d3d09237691718dc7cd2e534cb32d8f1827,1200,1200,RGB,UNIFORM_RGB,REDISTRIBUTION_PROHIBITED,ACCEPTED,,data\raw\amarket_full\7791293049472_692a033309be.jpg
c1f9017fdfe49c2ff1e4ba75f8abf0e542adc5e7194b150da4c6ef2403385dfc,7896902289499,Aceite Corporal Farmax Perfumado Café X 100Ml,Descripción:El Aceite Corporal Farmax Café es un aceite hidratante de uso corporal formulado para nutrir la piel mejorar su elasticidad y dejar una sensación de suavidad. Su fórmula con extracto de café ayuda a mantener la piel hidratada y favorece una apariencia más firme y luminosa. Su textura facilita el masaje corp,AMARKET,https://amarket.com.bo/collections/lo-nuevo/products/7896902289499,https://amarket.com.bo/cdn/shop/files/7896902289499_1200x1200.jpg?v=1787205788,2026-08-21T02:18:17.542071+00:00,59f35c31-a86c-44d9-adbe-e27e1d03b535,200,image/jpeg,1.0.0,8dce0e99fad266ebb01c47cbec6c5e2ddc186d868a2bd4ef50dde9290961ee61,8dce0e99fad266ebb01c47cbec6c5e2ddc186d868a2bd4ef50dde9290961ee61,1200,1200,RGB,UNIFORM_RGB,REDISTRIBUTION_PROHIBITED,ACCEPTED,,data\raw\amarket_full\7896902289499_8dce0e99fad2.jpg
c2a1398f8316a6f5692da8e4c70c5ecaf53e085b0869c3d5b88b30654c9af464,7899808802830,Bowl Gourmet 360 Plasutil Con Tapa Blanco X 620Ml,Bowl Gourmet 360 Plasutil Con Tapa Blanco X 620Ml,AMARKET,https://amarket.com.bo/collections/lo-nuevo/products/7899808802830,https://amarket.com.bo/cdn/shop/files/7899808802830_1200x1200.jpg?v=1775108421,2026-08-21T02:20:14.827371+00:00,59f35c31-a86c-44d9-adbe-e27e1d03b535,200,image/jpeg,1.0.0,973dff7611e88ef4113f902bf42b25ddd03a3db51db4f6dcc3b4d759161aa5f9,973dff7611e88ef4113f902bf42b25ddd03a3db51db4f6dcc3b4d759161aa5f9,1200,1200,RGB,UNIFORM_RGB,REDISTRIBUTION_PROHIBITED,ACCEPTED,,data\raw\amarket_full\7899808802830_973dff7611e8.jpg
c2af62e0d482490f6449d0b0d484839c9cbc8e52e66ad96033606e31f08592ed,7500435213882,Barra Antitranspirante Secret Coconut X 45G,DescripciónLa Barra Antitranspirante Secret Coconut X 45 g ofrece protección contra el sudor y el mal olor ayudándote a mantenerte fresca durante el día. Su fórmula brinda una sensación de sequedad y confort acompañada de una fragancia a coco que aporta un toque agradable y duradero.,AMARKET,https://amarket.com.bo/collections/lo-nuevo/products/7500435213882,https://amarket.com.bo/cdn/shop/files/7500435213882_1200x1200.jpg?v=1787204073,2026-08-21T01:52:44.817943+00:00,59f35c31-a86c-44d9-adbe-e27e1d03b535,200,image/jpeg,1.0.0,2ab10db4904dd1c7d6644bed042eb8435f68cb1f30a6677fa88821d90db77f3f,2ab10db4904dd1c7d6644bed042eb8435f68cb1f30a6677fa88821d90db77f3f,1200,1200,RGB,UNIFORM_RGB,REDISTRIBUTION_PROHIBITED,ACCEPTED,,data\raw\amarket_full\7500435213882_2ab10db4904d.jpg
c35949eda84b3071d005dcc9a35c92ba8b74ac13cf64b0db0b4a7b603c245c12,7896902289574,Jabón Líquido Farmax Hidraderm Pistacho X 150Ml,DescripciónJabón Exfoliante Hidraderm Pistacho Farmax formulado para brindar una limpieza profunda mientras elimina células muertas y ayuda a destapar los poros. Sus microesferas exfoliantes dejan la piel suave renovada y con un agradable aroma a pistacho.Beneficios: Limpieza profunda y exfoliación suave. Ayuda a elimi,AMARKET,https://amarket.com.bo/collections/lo-nuevo/products/7896902289574,https://amarket.com.bo/cdn/shop/files/7896902289574_1200x1200.jpg?v=1787204994,2026-08-21T02:18:23.903729+00:00,59f35c31-a86c-44d9-adbe-e27e1d03b535,200,image/jpeg,1.0.0,d6eff46306368568257f10d1501d2b3e983e717d2dbe12eda64b5f8c64198a09,d6eff46306368568257f10d1501d2b3e983e717d2dbe12eda64b5f8c64198a09,1200,1200,RGB,UNIFORM_RGB,REDISTRIBUTION_PROHIBITED,ACCEPTED,,data\raw\amarket_full\7896902289574_d6eff4630636.jpg
c36f89885ea5e459c75deb6ab698e76d00258811895eb58e39c4f01369ce5365,7791274201646,Enjuague Bucal Algabo Antibacterial X 500Ml,Descripción:El Enjuague Bucal Antibacterial Algabo complementa la higiene bucal diaria al proporcionar una limpieza profunda incluso en las zonas de difícil acceso. Su fórmula con Cloruro de Cetilpiridinio (CPC) ayuda a eliminar las bacterias responsables del mal aliento mientras contribuye a mantener una adecuada salu,AMARKET,https://amarket.com.bo/collections/lo-nuevo/products/7791274201646,https://amarket.com.bo/cdn/shop/files/7791274201646_1200x1200.jpg?v=1787205961,2026-08-21T02:07:59.319029+00:00,59f35c31-a86c-44d9-adbe-e27e1d03b535,200,image/jpeg,1.0.0,c7f0d69dda4e09d36db60bdd34706ed90632da286742e5a616e4afe150c8fe8d,c7f0d69dda4e09d36db60bdd34706ed90632da286742e5a616e4afe150c8fe8d,1200,1200,RGB,UNIFORM_RGB,REDISTRIBUTION_PROHIBITED,ACCEPTED,,data\raw\amarket_full\7791274201646_c7f0d69dda4e.jpg
c3aeecb611e32ed5fbb42fdde8ebfea3ebfaf3963413738159c1b2e86f7c71bd,8901030971839,Loción Vaseline Deep Moisture X 400Ml,Descripción:La Loción Corporal Vaseline está formulada para brindar hidratación profunda y ayudar a reparar la piel seca o deshidratada. Gracias a sus microgotas de Vaseline Jelly® ayuda a retener la humedad natural de la piel fortaleciendo su barrera protectora y proporcionando una sensación de suavidad duradera. Su t,AMARKET,https://amarket.com.bo/collections/lo-nuevo/products/8901030971839,https://amarket.com.bo/cdn/shop/files/8901030971839_1200x1200.jpg?v=1787205210,2026-08-21T02:22:07.060122+00:00,59f35c31-a86c-44d9-adbe-e27e1d03b535,200,image/jpeg,1.0.0,ad0a0efb0693f21f54cab8f0931baa6fa9b2ec8d8c0d20f219f01e1a34018d40,ad0a0efb0693f21f54cab8f0931baa6fa9b2ec8d8c0d20f219f01e1a34018d40,1200,1200,RGB,UNIFORM_RGB,REDISTRIBUTION_PROHIBITED,ACCEPTED,,data\raw\amarket_full\8901030971839_ad0a0efb0693.jpg
c3b4a2a8e0c91b3043efd14048ef929203578e3c58ef2dbbc65077cf5c430c2a,7770109740154,Pimienta Negra Condimento Bolivia Granulado X 60G,Descripción:La Pimienta Negra Granulada Condimentos Bolivia 60 g es una especia obtenida de granos de pimienta negra molidos en formato granulado utilizada para aportar aroma y sabor intenso a diferentes preparaciones culinarias. Puede incorporarse en carnes sopas salsas y otros platos para realzar su sabor. Presentaci,AMARKET,https://amarket.com.bo/collections/lo-nuevo/products/7770109740154,https://amarket.com.bo/cdn/shop/files/7770109740154_1200x1200.jpg?v=1773120511,2026-08-21T01:59:06.255418+00:00,59f35c31-a86c-44d9-adbe-e27e1d03b535,200,image/jpeg,1.0.0,60826d7eb3cace2214965ae99b36ad202bae3ffc1fdd84c37361827c3b739e68,60826d7eb3cace2214965ae99b36ad202bae3ffc1fdd84c37361827c3b739e68,1200,1200,RGB,UNIFORM_RGB,REDISTRIBUTION_PROHIBITED,ACCEPTED,,data\raw\amarket_full\7770109740154_60826d7eb3ca.jpg
c4209ba1edcc43eeca8543ba6dfa9323be8f2d11af5d1e607b3e950e2c9cc845,75083120,Desodorante Roll On Dove Tono Uniforme Jasmine Raspberry X 50Ml,Desodorante Roll On Dove Tono Uniforme Jasmine Raspberry X 50Ml,AMARKET,https://amarket.com.bo/collections/lo-nuevo/products/75083120,https://amarket.com.bo/cdn/shop/files/75083120_1200x1200.jpg?v=1787204841,2026-08-21T01:53:51.147460+00:00,59f35c31-a86c-44d9-adbe-e27e1d03b535,200,image/jpeg,1.0.0,eff84e4d2ffac1ea691db13fc722662577efa29752ac18bb87e6d2b27ddd0f30,eff84e4d2ffac1ea691db13fc722662577efa29752ac18bb87e6d2b27ddd0f30,1200,1200,RGB,UNIFORM_RGB,REDISTRIBUTION_PROHIBITED,ACCEPTED,,data\raw\amarket_full\75083120_eff84e4d2ffa.jpg
c4434a64da1d093d29af351da7e13cb1b239b804caf325c87dc4fac38dee04dd,7779604240039,Galletas De Arroz Family Farm Con Sal X 110G,Galletas De Arroz Family Farm Con Sal X 110G,AMARKET,https://amarket.com.bo/collections/lo-nuevo/products/7779604240039,https://amarket.com.bo/cdn/shop/files/7779604240039_1200x1200.jpg?v=1787204887,2026-08-21T02:07:18.207016+00:00,59f35c31-a86c-44d9-adbe-e27e1d03b535,200,image/jpeg,1.0.0,91c8c457f7d5d9f4cc63aba76e4d69a31f19016a9b0c787ce92fca55da540dd3,91c8c457f7d5d9f4cc63aba76e4d69a31f19016a9b0c787ce92fca55da540dd3,1200,1200,RGB,UNIFORM_RGB,REDISTRIBUTION_PROHIBITED,ACCEPTED,,data\raw\amarket_full\7779604240039_91c8c457f7d5.jpg
c67e5a43f2f4515b74772fb2ae0baa8f76257e560bdffd80e640abb66be8bfd4,7898142866928,Galleta Bon O Bon Choco Biscuit Beijinho X 76G,Galleta con cobertura sabor a chocolate blanco con relleno de coco. Contenido: 76 gramos.,AMARKET,https://amarket.com.bo/collections/lo-nuevo/products/7898142866928,https://amarket.com.bo/cdn/shop/files/7898142866928_1200x1200.jpg?v=1787205857,2026-08-21T02:19:10.047597+00:00,59f35c31-a86c-44d9-adbe-e27e1d03b535,200,image/jpeg,1.0.0,8c5c3a50fa97be8c1e42b0dc8cf87c1bb6e65a9e358aac01869416231e4e73fe,8c5c3a50fa97be8c1e42b0dc8cf87c1bb6e65a9e358aac01869416231e4e73fe,1200,1200,RGB,UNIFORM_RGB,REDISTRIBUTION_PROHIBITED,ACCEPTED,,data\raw\amarket_full\7898142866928_8c5c3a50fa97.jpg
c71fd7f278c15ab0e80c502c7b8b649bf8857d0da11d98a5b85d2e9018788a91,7773431000064,Galletas Con Avena Y Almendras Vikinger,DescripciónLas Galletas con Avena y Almendras Vikinger combinan la textura de la avena con el sabor característico de las almendras ofreciendo una opción práctica para acompañar el desayuno o la merienda. Su consistencia crujiente y su formato conveniente las hacen ideales para disfrutar en cualquier momento del día.,AMARKET,https://amarket.com.bo/collections/lo-nuevo/products/7773431000064,https://amarket.com.bo/cdn/shop/files/7773431000064_1200x1200.jpg?v=1787203267,2026-08-21T02:04:12.198275+00:00,59f35c31-a86c-44d9-adbe-e27e1d03b535,200,image/jpeg,1.0.0,59e3b23bff8f95fc00698608fc41fbec2f3883a9f313a47d3558b65be78e2d68,59e3b23bff8f95fc00698608fc41fbec2f3883a9f313a47d3558b65be78e2d68,1200,1200,RGB,UNIFORM_RGB,REDISTRIBUTION_PROHIBITED,ACCEPTED,,data\raw\amarket_full\7773431000064_59e3b23bff8f.jpg
c769eb146f986763e46eba885a441ebc6e96f1c328f3ad346f7aad263fbc53c2,309971879357,Revlon Kiss Balsamo Para Labios Tono 035 Berry Burst,DescripciónEl Revlon Kiss Bálsamo para Labios combina hidratación color y protección en un solo producto. Su fórmula deja un tinte translúcido y jugoso aportando un acabado natural mientras mantiene los labios suaves y humectados. Enriquecido con aceites naturales de frutas ayuda a brindar confort y suavidad durante el,AMARKET,https://amarket.com.bo/collections/lo-nuevo/products/309971879357,https://amarket.com.bo/cdn/shop/files/309971879357_1200x1200.jpg?v=1775108612,2026-08-21T01:49:27.061752+00:00,59f35c31-a86c-44d9-adbe-e27e1d03b535,200,image/jpeg,1.0.0,4948a70c3514e92970049b3623af1b647833867263850fec99e1f01ca2aceed5,4948a70c3514e92970049b3623af1b647833867263850fec99e1f01ca2aceed5,1200,1200,RGB,UNIFORM_RGB,REDISTRIBUTION_PROHIBITED,ACCEPTED,,data\raw\amarket_full\309971879357_4948a70c3514.jpg
c804d2f02fd50c76e308e3eb3b9b8c65b004c50eaf442367b6e16d6bc0acec63,7506306255449,Desodorante Aerosol Tono Uniforme Dove Jasmine Raspberry X 150Ml,Desodorante Aerosol Tono Uniforme Dove Jasmine Raspberry X 150Ml,AMARKET,https://amarket.com.bo/collections/lo-nuevo/products/7506306255449,https://amarket.com.bo/cdn/shop/files/7506306255449_1200x1200.jpg?v=1778305953,2026-08-21T01:53:30.529031+00:00,59f35c31-a86c-44d9-adbe-e27e1d03b535,200,image/jpeg,1.0.0,ed5546fb512c9ed578a30ff0c74462f8e4617882bd8e95aa37628182eb77420f,ed5546fb512c9ed578a30ff0c74462f8e4617882bd8e95aa37628182eb77420f,1200,1200,RGB,UNIFORM_RGB,REDISTRIBUTION_PROHIBITED,ACCEPTED,,data\raw\amarket_full\7506306255449_ed5546fb512c.jpg
c8e54a749fbbdac1dac63f87428bf7ca9e965a798c3a056988f0faea2e15db47,7772919390451,Torta Helada Vacafria Cheesecake De Frutos Rojos X 1L,Torta Helada Vacafria Cheesecake De Frutos Rojos X 1L,AMARKET,https://amarket.com.bo/collections/lo-nuevo/products/7772919390451,https://amarket.com.bo/cdn/shop/files/7772919390451_1200x1200.jpg?v=1787205148,2026-08-21T02:03:14.655088+00:00,59f35c31-a86c-44d9-adbe-e27e1d03b535,200,image/jpeg,1.0.0,b61772912a5f054c6a9b6f284b44ee5334afeb755697a0e7f7698fc9cf3efafd,b61772912a5f054c6a9b6f284b44ee5334afeb755697a0e7f7698fc9cf3efafd,1200,1200,RGB,UNIFORM_RGB,REDISTRIBUTION_PROHIBITED,ACCEPTED,,data\raw\amarket_full\7772919390451_b61772912a5f.jpg
c8f6dd43e1030b2956f6303462a4b2bf9d60260423250f7224ac3a95e687b064,8901030515545,Loción Vaseline Aloe Fresh X 400Ml,Descripción:La Loción Corporal Vaseline es un humectante de uso diario desarrollado para hidratar reparar y proteger la piel seca o deshidratada. Su fórmula enriquecida con microgotas de Vaseline Jelly® ayuda a retener la humedad natural de la piel proporcionando una hidratación profunda y duradera sin sensación grasos,AMARKET,https://amarket.com.bo/collections/lo-nuevo/products/8901030515545,https://amarket.com.bo/cdn/shop/files/8901030515545_1200x1200.jpg?v=1787205211,2026-08-21T02:22:03.746365+00:00,59f35c31-a86c-44d9-adbe-e27e1d03b535,200,image/jpeg,1.0.0,5e7ab941805654cea072fc8d625da06a120b78a8925406eae7563c3463fc705b,5e7ab941805654cea072fc8d625da06a120b78a8925406eae7563c3463fc705b,1200,1200,RGB,UNIFORM_RGB,REDISTRIBUTION_PROHIBITED,ACCEPTED,,data\raw\amarket_full\8901030515545_5e7ab9418056.jpg
caf15558704afa8ddc212eb8a503738287ba739ea7d327dd4e82430028456b88,7770109841295,Galleta Wafer Tita Rellena Chocolate X 110G,Galleta Wafer Tita Rellena Chocolate X 110G,AMARKET,https://amarket.com.bo/collections/lo-nuevo/products/7770109841295,https://amarket.com.bo/cdn/shop/files/7770109841295_1200x1200.jpg?v=1781245770,2026-08-21T01:59:16.609270+00:00,59f35c31-a86c-44d9-adbe-e27e1d03b535,200,image/jpeg,1.0.0,25da20d296ca71c91f14bab88bb7878a0a1b84112fea551f66530d3f8266c88b,25da20d296ca71c91f14bab88bb7878a0a1b84112fea551f66530d3f8266c88b,1200,1200,RGB,UNIFORM_RGB,REDISTRIBUTION_PROHIBITED,ACCEPTED,,data\raw\amarket_full\7770109841295_25da20d296ca.jpg
ccdbfa7f269d982afccd171a66bca1ed0b7e122891dad247490834847aef1167,7770109740062,Cúrcuma En Hojuelas Condimentos Bolivia X 35G,Descripción:La Cúrcuma en Hojuelas Condimentos Bolivia 35 g es una especia obtenida de la raíz de la planta cúrcuma utilizada tradicionalmente en la cocina para aportar color y sabor a distintas preparaciones. Su presentación en hojuelas permite incorporarla fácilmente en recetas siendo un ingrediente común en la gastr,AMARKET,https://amarket.com.bo/collections/lo-nuevo/products/7770109740062,https://amarket.com.bo/cdn/shop/files/7770109740062_1200x1200.jpg?v=1772861299,2026-08-21T01:58:44.655501+00:00,59f35c31-a86c-44d9-adbe-e27e1d03b535,200,image/jpeg,1.0.0,d75dc8efd2b9f1eb1c37fcf17699eb891e8b6946666ab8829f30e47c6da03cc8,d75dc8efd2b9f1eb1c37fcf17699eb891e8b6946666ab8829f30e47c6da03cc8,1200,1200,RGB,UNIFORM_RGB,REDISTRIBUTION_PROHIBITED,ACCEPTED,,data\raw\amarket_full\7770109740062_d75dc8efd2b9.jpg
cd08c42c103623b4cf19c489dae8ea87a19fdea3935db7145c3c7bedb85dc20f,07790010003179,Shampoo Johnson Baby  Glicerina Y Vitamina B5 X 400Ml,DescripciónEl Shampoo Johnson's Clásico 400 ml está formulado para limpiar suavemente el cabello y cuero cabelludo sin irritar. Su fórmula “sin lágrimas” con pH balanceado e hipoalergénico es ideal para bebés desde el nacimiento y también para adultos con cuero cabelludo sensible o que buscan un shampoo suave de uso di,AMARKET,https://amarket.com.bo/collections/lo-nuevo/products/07790010003179,https://amarket.com.bo/cdn/shop/files/07790010003179_1200x1200.jpg?v=1779170039,2026-08-21T01:47:29.200959+00:00,59f35c31-a86c-44d9-adbe-e27e1d03b535,200,image/jpeg,1.0.0,56449646d94cb2ebf99298d70b3b7ea7a4aeff916445fc64ced0cdd3896654f5,56449646d94cb2ebf99298d70b3b7ea7a4aeff916445fc64ced0cdd3896654f5,1200,1200,RGB,UNIFORM_RGB,REDISTRIBUTION_PROHIBITED,ACCEPTED,,data\raw\amarket_full\07790010003179_56449646d94c.jpg
cd0b5aab0ce5ec1d45ad9af5e8ae76cc8eecb96506b47b7c42f8e8098a35f541,7702026162313,Tripack Nosotras Invisible Rapigel Rapisec 3 X 10 Unidades,Descripción:Las Toallas Higiénicas Nosotras Invisible Rapigel están diseñadas para brindar máxima protección comodidad y discreción durante el periodo menstrual. Su tecnología Rapigel ayuda a absorber el flujo rápidamente manteniendo la superficie más seca y proporcionando una sensación de frescura. Gracias a su mayor,AMARKET,https://amarket.com.bo/collections/lo-nuevo/products/7702026162313,https://amarket.com.bo/cdn/shop/files/7702026162313_1200x1200.jpg?v=1787206156,2026-08-21T01:56:03.085969+00:00,59f35c31-a86c-44d9-adbe-e27e1d03b535,200,image/jpeg,1.0.0,2a51ba91d54b745b9525b3239e0ee0308f3432cf19139d632d922af92e9f582d,2a51ba91d54b745b9525b3239e0ee0308f3432cf19139d632d922af92e9f582d,1200,1200,RGB,UNIFORM_RGB,REDISTRIBUTION_PROHIBITED,ACCEPTED,,data\raw\amarket_full\7702026162313_2a51ba91d54b.jpg
cd16bb3b34621e14e2202542507d2d9e85012dc52667d8fe90c71c983e59694b,7896451908681,Gomitas Docile Gelatines Moras X 80G,Gomitas Docile Gelatines Moras X 80G,AMARKET,https://amarket.com.bo/collections/lo-nuevo/products/7896451908681,https://amarket.com.bo/cdn/shop/files/7896451908681_1200x1200.jpg?v=1781071357,2026-08-21T02:16:42.595893+00:00,59f35c31-a86c-44d9-adbe-e27e1d03b535,200,image/jpeg,1.0.0,6b2604512920c19811ae2522ebd72077f3bd6c150e7e78536243f4cf5a736186,6b2604512920c19811ae2522ebd72077f3bd6c150e7e78536243f4cf5a736186,1200,1200,RGB,UNIFORM_RGB,REDISTRIBUTION_PROHIBITED,ACCEPTED,,data\raw\amarket_full\7896451908681_6b2604512920.jpg
cdd74b38645132cdd4de06f8e414ffec9898e206037f24ffcfc1cb48cd159842,7792070002185,Aceite De Oliva Nucete Extra Virgen Suave X 500Ml,Aceite De Oliva Nucete Extra Virgen Suave X 500Ml,AMARKET,https://amarket.com.bo/collections/lo-nuevo/products/7792070002185,https://amarket.com.bo/cdn/shop/files/7792070002185_1200x1200.jpg?v=1781936551,2026-08-21T02:08:37.213083+00:00,59f35c31-a86c-44d9-adbe-e27e1d03b535,200,image/jpeg,1.0.0,e163c69730d86fd7574be67c37307260c88a589f806fde595f29b77fbf2669f9,e163c69730d86fd7574be67c37307260c88a589f806fde595f29b77fbf2669f9,1200,1200,RGB,UNIFORM_RGB,REDISTRIBUTION_PROHIBITED,ACCEPTED,,data\raw\amarket_full\7792070002185_e163c69730d8.jpg
ce79806a46447c48251f093d0172908d5308ba481f7bd72c846325dd0b3c752f,7896902289598,Body Splash Farmax Hidraderm Spray Pistache X 190Ml,Descripción:El Body Splash Farmax Pistacho es una fragancia corporal ligera y refrescante diseñada para brindar una sensación de frescura y bienestar durante todo el día. Su delicioso aroma a pistacho combina notas dulces cálidas y ligeramente cremosas creando una experiencia envolvente y sofisticada sin resultar inten,AMARKET,https://amarket.com.bo/collections/lo-nuevo/products/7896902289598,https://amarket.com.bo/cdn/shop/files/7896902289598_1200x1200.jpg?v=1787205139,2026-08-21T02:18:27.079337+00:00,59f35c31-a86c-44d9-adbe-e27e1d03b535,200,image/jpeg,1.0.0,6d1981fad62ea74e991eb7fd6205a5ca1f8acb05c0969493635f98aa885664f8,6d1981fad62ea74e991eb7fd6205a5ca1f8acb05c0969493635f98aa885664f8,1200,1200,RGB,UNIFORM_RGB,REDISTRIBUTION_PROHIBITED,ACCEPTED,,data\raw\amarket_full\7896902289598_6d1981fad62e.jpg
ceaa02bae9cc3e02bbd8f975a58b4846ff5dbff850f1bca68fbf1b0417af16e9,7509552961782,Sombra Líquida De Ojos Resist Sandia Latina X 5Ml,Descripción:La Sombra Líquida Vogue Resist 12H es un maquillaje para ojos de larga duración que ofrece un acabado metálico intenso y brillante. Su fórmula de secado rápido proporciona una alta pigmentación y una apariencia luminosa desde la primera aplicación ayudando a crear looks impactantes para cualquier ocasión. S,AMARKET,https://amarket.com.bo/collections/lo-nuevo/products/7509552961782,https://amarket.com.bo/cdn/shop/files/7509552961782_1200x1200.jpg?v=1782454293,2026-08-21T01:54:08.864981+00:00,59f35c31-a86c-44d9-adbe-e27e1d03b535,200,image/jpeg,1.0.0,c30dd0d5c8a5345991d2818951d350a9d1e336b03216d6b7fe4e290c61cd4fd8,c30dd0d5c8a5345991d2818951d350a9d1e336b03216d6b7fe4e290c61cd4fd8,1200,1200,RGB,UNIFORM_RGB,REDISTRIBUTION_PROHIBITED,ACCEPTED,,data\raw\amarket_full\7509552961782_c30dd0d5c8a5.jpg
ceab46fdda7612cd02c10e9f39e8202afa99f6d5b79677590394fb733f94c2b1,7896115702679,Shampoo Tralala Kids 2 En 1 X 480Ml,Descripción:El Shampoo Tralalá Kids 2 en 1 combina shampoo y acondicionador en un solo paso para hacer más práctica la rutina de cuidado del cabello infantil. Su fórmula limpia suavemente ayuda a desenredar el cabello y facilita el peinado mientras aporta hidratación brillo y suavidad. Además está desarrollada para no,AMARKET,https://amarket.com.bo/collections/lo-nuevo/products/7896115702679,https://amarket.com.bo/cdn/shop/files/7896115702679_1200x1200.jpg?v=1787205955,2026-08-21T02:14:52.996471+00:00,59f35c31-a86c-44d9-adbe-e27e1d03b535,200,image/jpeg,1.0.0,918c1c729e51c90a8867252de3ea1eabe949769a5995308460fc119c23cb39f3,918c1c729e51c90a8867252de3ea1eabe949769a5995308460fc119c23cb39f3,1200,1200,RGB,UNIFORM_RGB,REDISTRIBUTION_PROHIBITED,ACCEPTED,,data\raw\amarket_full\7896115702679_918c1c729e51.jpg
cfbff57ee4cb33f5bf7c1daef4c1ee82fb6a67dddcc6808ddb73ae48137a0b0d,7772314690088,Comino 1918 Molido X 30G,Comino 1918 Molido X 30G,AMARKET,https://amarket.com.bo/collections/lo-nuevo/products/7772314690088,https://amarket.com.bo/cdn/shop/files/7772314690088_1200x1200.jpg?v=1773985047,2026-08-21T02:03:00.479415+00:00,59f35c31-a86c-44d9-adbe-e27e1d03b535,200,image/jpeg,1.0.0,d5e15ceace1f8da6ec5d4d290d1ff94539a19b35f86f3fd1a277ab889a20dd1c,d5e15ceace1f8da6ec5d4d290d1ff94539a19b35f86f3fd1a277ab889a20dd1c,1200,1200,RGB,UNIFORM_RGB,REDISTRIBUTION_PROHIBITED,ACCEPTED,,data\raw\amarket_full\7772314690088_d5e15ceace1f.jpg
cfd278cf9b827c216bcf4f8ca0bb22f3a597dc1c927759774ddc5b7843ad7f3c,7774110000016,Huevos De Codorniz Jars X 50 Unidades,Huevos De Codorniz Jars X 50 Unidades,AMARKET,https://amarket.com.bo/collections/lo-nuevo/products/7774110000016,https://amarket.com.bo/cdn/shop/files/7774110000016_ba00dfca-6058-4e0f-b642-eab9c28c8e79_1200x1200.jpg?v=1784298023,2026-08-21T02:05:41.036726+00:00,59f35c31-a86c-44d9-adbe-e27e1d03b535,200,image/jpeg,1.0.0,e3aeefa7e6e0e204a7ef8a74353e91e624ffb2ae5b7d94978e7436879eb32f4a,e3aeefa7e6e0e204a7ef8a74353e91e624ffb2ae5b7d94978e7436879eb32f4a,1200,1200,RGB,UNIFORM_RGB,REDISTRIBUTION_PROHIBITED,ACCEPTED,,data\raw\amarket_full\7774110000016_e3aeefa7e6e0.jpg
d06d98085d5bee3db021ffac7fab27dc982d38950721a43c81bf9d2a2cf35a55,7509552992304,Acondicionador Elvive Collagen Lifter X 370Ml,Descripción:El Acondicionador Elvive Colágeno Lifter Engrosador de L'Oréal Paris está especialmente formulado para cabellos finos delgados y sin volumen. Su tecnología inspirada en el colágeno ayuda a aportar una apariencia de mayor grosor y densidad a la fibra capilar dejando el cabello más suave manejable y con un vo,AMARKET,https://amarket.com.bo/collections/lo-nuevo/products/7509552992304,https://amarket.com.bo/cdn/shop/files/7509552992304_1200x1200.jpg?v=1783546305,2026-08-21T01:55:25.307029+00:00,59f35c31-a86c-44d9-adbe-e27e1d03b535,200,image/jpeg,1.0.0,f8f467fbe2c195d5788b072e9d2b1e5d727dcff181f36a6f9601ce13a0e0cb81,f8f467fbe2c195d5788b072e9d2b1e5d727dcff181f36a6f9601ce13a0e0cb81,1200,1200,RGB,UNIFORM_RGB,REDISTRIBUTION_PROHIBITED,ACCEPTED,,data\raw\amarket_full\7509552992304_f8f467fbe2c1.jpg
d09e5abcbd662646b2b2441f05b4fe10adf8171b9e0f9ebf25ee2218c431e189,8901023025181,Aromatizante Ambiental Aer Power Placer Lavanda X 10G,Descripción:El Aromatizante Ambiental Aer Power Placer Lavanda 10 g está diseñado para perfumar espacios interiores con una fragancia suave inspirada en la lavanda. Su formato compacto permite colocarlo fácilmente en ambientes como habitaciones baños u oficinas ayudando a mantener un entorno con aroma agradable.,AMARKET,https://amarket.com.bo/collections/lo-nuevo/products/8901023025181,https://amarket.com.bo/cdn/shop/files/8901023025181_1200x1200.jpg?v=1787203725,2026-08-21T02:21:57.256762+00:00,59f35c31-a86c-44d9-adbe-e27e1d03b535,200,image/jpeg,1.0.0,56e22312aeb97be0dec40b2494a4159948c73b163d4310d87d9f4abbe3d86d15,56e22312aeb97be0dec40b2494a4159948c73b163d4310d87d9f4abbe3d86d15,1200,1200,RGB,UNIFORM_RGB,REDISTRIBUTION_PROHIBITED,ACCEPTED,,data\raw\amarket_full\8901023025181_56e22312aeb9.jpg
d123c7abd098e304201475cc1b2b76024f7f8a2ce16439891243da8f1fb24691,7774904408103,Tampico Vegi Frut Kiwi Espinaca Col Rizada X 500Ml,Bebida refrescante Tampico Vegi Frut Con Naranja Mandarina Limón.,AMARKET,https://amarket.com.bo/collections/lo-nuevo/products/7774904408103,https://amarket.com.bo/cdn/shop/files/7774904408103_1200x1200.jpg?v=1778824604,2026-08-21T02:06:12.532276+00:00,59f35c31-a86c-44d9-adbe-e27e1d03b535,200,image/jpeg,1.0.0,bed15027561ae49a4b2f4af56d309aaf560b7236563600d5ce13b2dea6908b2a,bed15027561ae49a4b2f4af56d309aaf560b7236563600d5ce13b2dea6908b2a,1200,1200,RGB,UNIFORM_RGB,REDISTRIBUTION_PROHIBITED,ACCEPTED,,data\raw\amarket_full\7774904408103_bed15027561a.jpg
d16f286746a7e5853f414ed6c9455fae9b9ac891a6f8670484a4a2f5e3987f08,309974700139,Base Para Rostro Revlon Colorstay Vitamina E Tono 350 Rich Tan,DescripciónLa base de maquillaje de larga duración SPF 20 está diseñada para piel normal a seca ofreciendo un acabado impecable hasta por 24 horas. Enriquecida con ácido hialurónico contribuye a aumentar la hidratación de la piel ayudando a mantenerla suave fresca y con un brillo saludable. Ideal para quienes buscan un,AMARKET,https://amarket.com.bo/collections/lo-nuevo/products/309974700139,https://amarket.com.bo/cdn/shop/files/309974700139_1200x1200.jpg?v=1775108622,2026-08-21T01:50:02.557513+00:00,59f35c31-a86c-44d9-adbe-e27e1d03b535,200,image/jpeg,1.0.0,3b85dc5a17975205bc153be5ec2711c25e497e197ed94f41d86518995adc3d35,3b85dc5a17975205bc153be5ec2711c25e497e197ed94f41d86518995adc3d35,1200,1200,RGB,UNIFORM_RGB,REDISTRIBUTION_PROHIBITED,ACCEPTED,,data\raw\amarket_full\309974700139_3b85dc5a1797.jpg
d193050c25037b33c1ba362f2c93c9ad51be0f056f9d1f84ef7acfcd02fe0192,8032841101563,Insecticida Titane Mata Cucarachas Y Arañas X 400Ml,DescripciónEl Insecticida Titane Mata Cucarachas y Arañas es un producto formulado para eliminar y ayudar a controlar plagas domésticas como cucarachas y arañas. Su presentación en aerosol de 400 ml permite una aplicación directa y uniforme en zonas donde se concentran estos insectos contribuyendo a mantener los espaci,AMARKET,https://amarket.com.bo/collections/lo-nuevo/products/8032841101563,https://amarket.com.bo/cdn/shop/files/8032841101563_1200x1200.jpg?v=1770096151,2026-08-21T02:21:04.677229+00:00,59f35c31-a86c-44d9-adbe-e27e1d03b535,200,image/jpeg,1.0.0,f7122c76deb1eb03805da943190328852a62f468909ac666e28690a99445413b,f7122c76deb1eb03805da943190328852a62f468909ac666e28690a99445413b,1200,1200,RGB,UNIFORM_RGB,REDISTRIBUTION_PROHIBITED,ACCEPTED,,data\raw\amarket_full\8032841101563_f7122c76deb1.jpg
d1c6c9d2f6f6cfe27d7f886ab56b19c67a523886697ab484104d80cbd146e19d,7792070053903,Aceitunas Verdes Nucete Rellenas Con Pasta Ajo X 330G,Aceitunas Verdes Nucete Rellenas Con Pasta Ajo X 330G,AMARKET,https://amarket.com.bo/collections/lo-nuevo/products/7792070053903,https://amarket.com.bo/cdn/shop/files/7792070053903_1200x1200.jpg?v=1787205207,2026-08-21T02:08:44.296504+00:00,59f35c31-a86c-44d9-adbe-e27e1d03b535,200,image/jpeg,1.0.0,2cd781350a7641c430486cdf3fdd5d4b49e54e12d290cfcc480a701c6917b229,2cd781350a7641c430486cdf3fdd5d4b49e54e12d290cfcc480a701c6917b229,1200,1200,RGB,UNIFORM_RGB,REDISTRIBUTION_PROHIBITED,ACCEPTED,,data\raw\amarket_full\7792070053903_2cd781350a76.jpg
d29640f7ec799c456bfd2725bcda8d8705668cbbe743620f845d8b34f43e5341,7774904460262,Jugo Tampico Citrus Punch X 2L,Descripción:El Jugo Tampico Citrus Punch Naranja Mandarina y Limón 2 litros es una bebida con una refrescante mezcla de sabores cítricos que combina naranja mandarina y limón en cada sorbo. Enriquecido con vitamina C ofrece un sabor intenso y refrescante ideal para disfrutar en cualquier momento del día.,AMARKET,https://amarket.com.bo/collections/lo-nuevo/products/7774904460262,https://amarket.com.bo/cdn/shop/files/7774904460262_1200x1200.jpg?v=1782540599,2026-08-21T02:06:51.146384+00:00,59f35c31-a86c-44d9-adbe-e27e1d03b535,200,image/jpeg,1.0.0,239e774c2c32cb279e23c7b9d6d4e0fc0de41da340ff4c508fd829bd35c22d1f,239e774c2c32cb279e23c7b9d6d4e0fc0de41da340ff4c508fd829bd35c22d1f,1200,1200,RGB,UNIFORM_RGB,REDISTRIBUTION_PROHIBITED,ACCEPTED,,data\raw\amarket_full\7774904460262_239e774c2c32.jpg
d2b712d950025442476ada71024322396ba9b14841da13579091430376143328,7771257081229,Salsa Brixy Pizza X 200G,Salsa Brixy Pizza X 200G,AMARKET,https://amarket.com.bo/collections/lo-nuevo/products/7771257081229,https://amarket.com.bo/cdn/shop/files/7771257081229_1200x1200.jpg?v=1787204899,2026-08-21T02:00:19.907619+00:00,59f35c31-a86c-44d9-adbe-e27e1d03b535,200,image/jpeg,1.0.0,a1b994fe41d7b8110b5ffb90bb54b5056f0098d4958e53650cff668a318b56a0,a1b994fe41d7b8110b5ffb90bb54b5056f0098d4958e53650cff668a318b56a0,1200,1200,RGB,UNIFORM_RGB,REDISTRIBUTION_PROHIBITED,ACCEPTED,,data\raw\amarket_full\7771257081229_a1b994fe41d7.jpg
d2d2860605b145619deffda204f2fd957a944c0d0b97e15dce8c2bc8539983b9,7770108960126,Maiz Frito Avati Sabor Queso X 80G,Maiz Frito Avati Sabor Queso X 80G,AMARKET,https://amarket.com.bo/collections/lo-nuevo/products/7770108960126,https://amarket.com.bo/cdn/shop/files/7770108960126_1200x1200.jpg?v=1779170036,2026-08-21T01:58:05.225343+00:00,59f35c31-a86c-44d9-adbe-e27e1d03b535,200,image/jpeg,1.0.0,d990e57031bd8aa0bb1be6ef277e1809bb7eeaf1a3bb6302ab6bdb67d7fee062,d990e57031bd8aa0bb1be6ef277e1809bb7eeaf1a3bb6302ab6bdb67d7fee062,1200,1200,RGB,UNIFORM_RGB,REDISTRIBUTION_PROHIBITED,ACCEPTED,,data\raw\amarket_full\7770108960126_d990e57031bd.jpg
d3217ccfb6d956f09c9a439dca9161f601d8265163dc1ab899132a2770105abe,8002297092609,Insecticida Ecomadera Mata Turiros Y Termitas X 600Ml,DescripciónEl Insecticida Ecomadera Mata Turiros y Termitas es un producto formulado para ayudar a controlar plagas de insectos xilófagos como turiros y termitas que dañan la madera y estructuras. Su presentación en spray de 600 ml facilita la aplicación directa en zonas afectadas brindando una solución práctica para p,AMARKET,https://amarket.com.bo/collections/lo-nuevo/products/8002297092609,https://amarket.com.bo/cdn/shop/files/8002297092609_1200x1200.jpg?v=1770096147,2026-08-21T02:21:01.342746+00:00,59f35c31-a86c-44d9-adbe-e27e1d03b535,200,image/jpeg,1.0.0,7681f548f2be3a5e4ab1a682aab00e5d8b02d38cae862f94061a8e6691f014d5,7681f548f2be3a5e4ab1a682aab00e5d8b02d38cae862f94061a8e6691f014d5,1200,1200,RGB,UNIFORM_RGB,REDISTRIBUTION_PROHIBITED,ACCEPTED,,data\raw\amarket_full\8002297092609_7681f548f2be.jpg
d325aca0bb9d7a2693aca97dec5187d84728415730e064d59e30153e1977e583,080100005662,Labial Revlon Super Lustrous Tono 300 Coffee Bean,DescripciónEl Labial Revlon Super Lustrous es un clásico icónico que destaca por su aplicación suave y acabado confortable. Su fórmula con 80% de ingredientes acondicionadores ayuda a mantener los labios hidratados aportando una sensación cremosa y ligera en cada uso. Además contribuye a minimizar la apariencia de líne,AMARKET,https://amarket.com.bo/collections/lo-nuevo/products/080100005662,https://amarket.com.bo/cdn/shop/files/080100005662_1200x1200.jpg?v=1775108598,2026-08-21T01:48:22.754249+00:00,59f35c31-a86c-44d9-adbe-e27e1d03b535,200,image/jpeg,1.0.0,6a744515fdec97b6ec9b0bd2d6500dfb9d074450b39cf78f74f8fb6f09110452,6a744515fdec97b6ec9b0bd2d6500dfb9d074450b39cf78f74f8fb6f09110452,1200,1200,RGB,UNIFORM_RGB,REDISTRIBUTION_PROHIBITED,ACCEPTED,,data\raw\amarket_full\080100005662_6a744515fdec.jpg
d385e17450f98f4244c0de7562889b3c6363e0413ec9e2c756d802654d322667,7773403000856,Pan Molde Victoria Multigrano X 580G,Pan Molde Victoria Multigrano X 580G,AMARKET,https://amarket.com.bo/collections/lo-nuevo/products/7773403000856,https://amarket.com.bo/cdn/shop/files/7773403000856_1200x1200.jpg?v=1780034081,2026-08-21T02:04:04.977117+00:00,59f35c31-a86c-44d9-adbe-e27e1d03b535,200,image/jpeg,1.0.0,79bb1dbe9a97f58ea3db1c50cc9f901a39178dd926a935a9e12ca88a9780d2a7,79bb1dbe9a97f58ea3db1c50cc9f901a39178dd926a935a9e12ca88a9780d2a7,1200,1200,RGB,UNIFORM_RGB,REDISTRIBUTION_PROHIBITED,ACCEPTED,,data\raw\amarket_full\7773403000856_79bb1dbe9a97.jpg
d4279acb1b6cae6a801285a476dcc4e3174a86f284f6e368bf3a6d224e80c6ab,7509552982749,Brillo Labial Vogue Boombastic Tono Alucinante X 6.8Ml,Descripción:El Brillo Labial Vogue Boombastic proporciona un efecto de volumen instantáneo con un acabado ultra brillante que realza la apariencia natural de los labios. Su fórmula genera una sensación de calor al aplicarse ofreciendo un efecto voluminizador visible y una textura cómoda para lucir unos labios con mayor,AMARKET,https://amarket.com.bo/collections/lo-nuevo/products/7509552982749,https://amarket.com.bo/cdn/shop/files/7509552982749_1200x1200.jpg?v=1784787786,2026-08-21T01:55:05.616933+00:00,59f35c31-a86c-44d9-adbe-e27e1d03b535,200,image/jpeg,1.0.0,6cba0bf09aa4684fb333b97f30f9455b363c0ff157411b4626279d1855c66e50,6cba0bf09aa4684fb333b97f30f9455b363c0ff157411b4626279d1855c66e50,1200,1200,RGB,UNIFORM_RGB,REDISTRIBUTION_PROHIBITED,ACCEPTED,,data\raw\amarket_full\7509552982749_6cba0bf09aa4.jpg
d46f0b6af26fa488d190a868d52b5fe0645a70855e57eaf4cdaf5c71cf988c33,7771901001030,Muslitos Espaciales Fridosa Pollo X 1Kg,Muslitos Espaciales Fridosa Pollo X 1Kg,AMARKET,https://amarket.com.bo/collections/lo-nuevo/products/7771901001030,https://amarket.com.bo/cdn/shop/files/7771901001030_1200x1200.jpg?v=1787205150,2026-08-21T02:02:11.113687+00:00,59f35c31-a86c-44d9-adbe-e27e1d03b535,200,image/jpeg,1.0.0,84ec2dc124942c97e15ad56e192a7f55c07cc3df261cb6187f19f90a556c1e98,84ec2dc124942c97e15ad56e192a7f55c07cc3df261cb6187f19f90a556c1e98,1200,1200,RGB,UNIFORM_RGB,REDISTRIBUTION_PROHIBITED,ACCEPTED,,data\raw\amarket_full\7771901001030_84ec2dc12494.jpg
d55f2dcd670dbf6ffe45abed28ba85231ab1bf6e8626e4110992f47fbe2252bd,7896183909819,Sal Rosa Del Himalaya Zaeli Fina X 250G,Sal Rosa Del Himalaya Zaeli Fina X 250G,AMARKET,https://amarket.com.bo/collections/lo-nuevo/products/7896183909819,https://amarket.com.bo/cdn/shop/files/7896183909819_1200x1200.jpg?v=1787205036,2026-08-21T02:16:03.407015+00:00,59f35c31-a86c-44d9-adbe-e27e1d03b535,200,image/jpeg,1.0.0,420196449dfeeba854bba00951549a0a1b66a939564f2ff1591628fcc950cb99,420196449dfeeba854bba00951549a0a1b66a939564f2ff1591628fcc950cb99,1000,1000,RGB,UNIFORM_RGB,REDISTRIBUTION_PROHIBITED,ACCEPTED,,data\raw\amarket_full\7896183909819_420196449dfe.jpg
d5b207d41bb478f09951eb81ae726b3876d45241a22bc8fef292c7c33d3b5814,4059729522108,Labial Matte Essence So Cherry Happy Tono 01 Cherry Kisses X 4Ml,Descripción:El Labial Líquido Mate Essence So Cherry Happy ofrece un intenso tono rojo cereza con alta cobertura y un elegante acabado mate aterciopelado. Su textura líquida y ligera se desliza fácilmente sobre los labios proporcionando un color uniforme y confortable de larga duración sin sensación pesada. Forma parte,AMARKET,https://amarket.com.bo/collections/lo-nuevo/products/4059729522108,https://amarket.com.bo/cdn/shop/files/4059729522108_1200x1200.jpg?v=1787205473,2026-08-21T01:51:25.228632+00:00,59f35c31-a86c-44d9-adbe-e27e1d03b535,200,image/jpeg,1.0.0,615375895314ca8b21007f733888d4c4aaaa1e172405de754dbbfd55eaf1bf66,615375895314ca8b21007f733888d4c4aaaa1e172405de754dbbfd55eaf1bf66,1200,1200,RGB,UNIFORM_RGB,REDISTRIBUTION_PROHIBITED,ACCEPTED,,data\raw\amarket_full\4059729522108_615375895314.jpg
d6b2b70e1045d9e0895173863975ee8a48a506134ee6464993997931a3237239,041554098150,Labial Maybelline Mb Teddy Tint Nro.105 Velvet Choker,Descripción:El Tinte Labial Super Stay Teddy Tint de Maybelline está diseñado para brindar un color suave modulable y de larga duración con un acabado mate aterciopelado de efecto difuminado. Su innovadora tecnología Teddy Fluff proporciona una sensación ultraligera y cómoda ideal para acompañarte durante todo el día s,AMARKET,https://amarket.com.bo/collections/lo-nuevo/products/041554098150,https://amarket.com.bo/cdn/shop/files/041554098150_1200x1200.jpg?v=1781330254,2026-08-21T01:46:11.054416+00:00,59f35c31-a86c-44d9-adbe-e27e1d03b535,200,image/jpeg,1.0.0,7675f0f9fc54ac628db9948c1d91fb4aff40094861298445599ddcaf5303be03,7675f0f9fc54ac628db9948c1d91fb4aff40094861298445599ddcaf5303be03,1200,1200,RGB,UNIFORM_RGB,REDISTRIBUTION_PROHIBITED,ACCEPTED,,data\raw\amarket_full\041554098150_7675f0f9fc54.jpg
d75c0a0103f552bc5d468fbde7d1318b50d63b35e25be1999a9330b44c4caef9,7770017260461,Pasta De Mani Tacker Sin Azucar X 360G,Pasta De Mani Tacker Sin Azucar X 360G,AMARKET,https://amarket.com.bo/collections/lo-nuevo/products/7770017260461,https://amarket.com.bo/cdn/shop/files/7770017260461_1200x1200.jpg?v=1781936566,2026-08-21T01:57:33.385960+00:00,59f35c31-a86c-44d9-adbe-e27e1d03b535,200,image/jpeg,1.0.0,c50671012dda459d47345b1839fdb03c060e5340d7b90f0a783bf2bbe8aeb0f3,c50671012dda459d47345b1839fdb03c060e5340d7b90f0a783bf2bbe8aeb0f3,1200,1200,RGB,UNIFORM_RGB,REDISTRIBUTION_PROHIBITED,ACCEPTED,,data\raw\amarket_full\7770017260461_c50671012dda.jpg
d7cd1b862e41deb8585aa088547a65ff01cc5b4e4580319318b70f51ab45e035,7891150044616,Paquete Jabón Dove 90G X 6 Unidades,Paquete Jabón Dove 90G X 6 Unidades,AMARKET,https://amarket.com.bo/collections/lo-nuevo/products/7891150044616,https://amarket.com.bo/cdn/shop/files/7891150044616_1200x1200.jpg?v=1778305960,2026-08-21T02:11:49.850231+00:00,59f35c31-a86c-44d9-adbe-e27e1d03b535,200,image/jpeg,1.0.0,35d14ffbdc130f11e4a2de3220ff69851be9676c27296bccc3508f125d9a6552,35d14ffbdc130f11e4a2de3220ff69851be9676c27296bccc3508f125d9a6552,1200,1200,RGB,UNIFORM_RGB,REDISTRIBUTION_PROHIBITED,ACCEPTED,,data\raw\amarket_full\7891150044616_35d14ffbdc13.jpg
d9257a1f9364f20b93d6d5a54130495ae318bfd044db57a2504c5f32cc760085,7774904408110,Tampico Vegi Frut Naranja Zanahoria X 500Ml,Bebida Refrescante Tampico Vegi Frut Sabor Naranja y Zanahoria.,AMARKET,https://amarket.com.bo/collections/lo-nuevo/products/7774904408110,https://amarket.com.bo/cdn/shop/files/7774904408110_1200x1200.jpg?v=1778824604,2026-08-21T02:06:15.876484+00:00,59f35c31-a86c-44d9-adbe-e27e1d03b535,200,image/jpeg,1.0.0,140f97f89f4d80e5cf36ef5dfe3bbd19f0806ddc1cecfc16384d772f4bc4df9b,140f97f89f4d80e5cf36ef5dfe3bbd19f0806ddc1cecfc16384d772f4bc4df9b,1200,1200,RGB,UNIFORM_RGB,REDISTRIBUTION_PROHIBITED,ACCEPTED,,data\raw\amarket_full\7774904408110_140f97f89f4d.jpg
d9df1d4114217e1df8c218da2c17f87f33f2ed7fbd7ee8fe247e35343f080826,07896058595338,Regaliz Ácido Dori Sabor Uva Tubo X 70G,Regaliz Ácido Dori Sabor Uva Tubo X 70G,AMARKET,https://amarket.com.bo/collections/lo-nuevo/products/07896058595338,https://amarket.com.bo/cdn/shop/files/07896058595338_76e41776-d205-4aa3-83ed-14735c443871_1200x1200.jpg?v=1782799694,2026-08-21T01:47:58.010277+00:00,59f35c31-a86c-44d9-adbe-e27e1d03b535,200,image/jpeg,1.0.0,378ca112a7e0fb719799e1efb46374bc5234b370cf13e792aff15fe2b9525ba6,378ca112a7e0fb719799e1efb46374bc5234b370cf13e792aff15fe2b9525ba6,1200,1200,RGB,UNIFORM_RGB,REDISTRIBUTION_PROHIBITED,ACCEPTED,,data\raw\amarket_full\07896058595338_378ca112a7e0.jpg
da9f1c1b57e400d49bed7d28431a3a267a035c09d626a2db934adf31b86897a8,7770017980055,Cereal Choconick 7 Cereales Chocolate Bolsa X 22G,Descripción:El Cereal de Desayuno Sabor a Chocolate combina maíz trigo avena soya y quinua para ofrecer una opción práctica y deliciosa para comenzar el día. Su fórmula aporta proteínas fibra hierro y calcio nutrientes que contribuyen a complementar una alimentación equilibrada y proporcionan energía para las actividad,AMARKET,https://amarket.com.bo/collections/lo-nuevo/products/7770017980055,https://amarket.com.bo/cdn/shop/files/7770017980055_1200x1200.jpg?v=1787206046,2026-08-21T01:57:47.652583+00:00,59f35c31-a86c-44d9-adbe-e27e1d03b535,200,image/jpeg,1.0.0,5d594581d5f5a91a2640aaaeeac4d823f2c3e5145e0194e29d966bad24e6551c,5d594581d5f5a91a2640aaaeeac4d823f2c3e5145e0194e29d966bad24e6551c,1200,1200,RGB,UNIFORM_RGB,REDISTRIBUTION_PROHIBITED,ACCEPTED,,data\raw\amarket_full\7770017980055_5d594581d5f5.jpg
db6eb69f523614e2fb71ad0b6c09c88e42e02599e5bba9b98d89e3aa0cd5e78b,7898943163011,Sardina Robinson Crusoe En Aceite Lata X 125G,Sardina Robinson Crusoe En Aceite Lata X 125G,AMARKET,https://amarket.com.bo/collections/lo-nuevo/products/7898943163011,https://amarket.com.bo/cdn/shop/files/7898943163011_1200x1200.jpg?v=1787205047,2026-08-21T02:19:39.067256+00:00,59f35c31-a86c-44d9-adbe-e27e1d03b535,200,image/jpeg,1.0.0,4f3145abf02e73b0e532d9c51a59f2adc1b271f582a212096a1595315433289e,4f3145abf02e73b0e532d9c51a59f2adc1b271f582a212096a1595315433289e,1000,1000,RGB,UNIFORM_RGB,REDISTRIBUTION_PROHIBITED,ACCEPTED,,data\raw\amarket_full\7898943163011_4f3145abf02e.jpg
db8c299fdfa344f53f857738d5a941e0ff7e88446a8d3032ce5df5a1413bde6a,7891150101654,Acondicionador Sedal Toque De Seda Amino-Silk X 250Ml,Descripción:El Acondicionador Sedal Toque de Seda Amino-Silk 250 ml está formulado con 4% Amino-Silk Complex una combinación de aminoácidos y proteína de seda que se conecta con las fibras capilares para proporcionar una hidratación profunda suavidad intensa y control prolongado del frizz. Su fórmula ayuda a fortalecer,AMARKET,https://amarket.com.bo/collections/lo-nuevo/products/7891150101654,https://amarket.com.bo/cdn/shop/files/7891150101654_1200x1200.jpg?v=1781330270,2026-08-21T02:12:07.640803+00:00,59f35c31-a86c-44d9-adbe-e27e1d03b535,200,image/jpeg,1.0.0,a4b7b8bdf175e4018cf66e76679197e006f51c945222196129e27460b23602ce,a4b7b8bdf175e4018cf66e76679197e006f51c945222196129e27460b23602ce,1200,1200,RGB,UNIFORM_RGB,REDISTRIBUTION_PROHIBITED,ACCEPTED,,data\raw\amarket_full\7891150101654_a4b7b8bdf175.jpg
db9ddc56348603a251025cf11baa8d3febe4d2c6f81f96d8d2330722004abc6c,074108498953,Plancha Alisadora Babyliss Pro Pink,DescripciónLa Plancha Alisadora BaBylissPRO Pink combina tecnología profesional alto rendimiento y un diseño moderno para lograr un cabello más liso brillante y sin frizz. Sus placas de Nano Titanium ayudan a distribuir el calor de manera uniforme para un alisado rápido y resultados duraderos.Beneficios: Cabello más su,AMARKET,https://amarket.com.bo/collections/lo-nuevo/products/074108498953,https://amarket.com.bo/cdn/shop/files/074108498953_1200x1200.jpg?v=1787204893,2026-08-21T01:47:18.945288+00:00,59f35c31-a86c-44d9-adbe-e27e1d03b535,200,image/jpeg,1.0.0,0a49bc6a86d13d00633c20968bfbbe55c9a444100891dce68c7979bf678ab2e3,0a49bc6a86d13d00633c20968bfbbe55c9a444100891dce68c7979bf678ab2e3,1200,1200,RGB,UNIFORM_RGB,REDISTRIBUTION_PROHIBITED,ACCEPTED,,data\raw\amarket_full\074108498953_0a49bc6a86d1.jpg
dba1067d414e0130cd4494a250b8c67e8ab9f0644df65db0b10f12bf73c7f4fb,7770109060054,Mantequila De Mani Inchik X 200G,Descripción:La Mantequilla de Maní Inchik 200 g es una crema elaborada a partir de maní con textura cremosa y sabor característico de este fruto seco. Su consistencia suave la hace ideal para untar en tostadas acompañar frutas o utilizar en diferentes preparaciones y recetas convirtiéndose en una opción práctica para e,AMARKET,https://amarket.com.bo/collections/lo-nuevo/products/7770109060054,https://amarket.com.bo/cdn/shop/files/7770109060054_1200x1200.jpg?v=1787203486,2026-08-21T01:58:27.039737+00:00,59f35c31-a86c-44d9-adbe-e27e1d03b535,200,image/jpeg,1.0.0,c28f5ecd642eec44b9d3d591977b0ea695bbe2e549981959866be1d281a4f174,c28f5ecd642eec44b9d3d591977b0ea695bbe2e549981959866be1d281a4f174,1200,1200,RGB,UNIFORM_RGB,REDISTRIBUTION_PROHIBITED,ACCEPTED,,data\raw\amarket_full\7770109060054_c28f5ecd642e.jpg
dc0dc2a1d9af8c2302cc9cfc036f2cae0233164596c3b13899919952ba23bb83,7773401007673,Galleta Mabels Wafer Sabor Vainilla X 40G,Galleta Mabels Wafer Sabor Vainilla X 40G,AMARKET,https://amarket.com.bo/collections/lo-nuevo/products/7773401007673,https://amarket.com.bo/cdn/shop/files/7773401007673_1200x1200.jpg?v=1787204849,2026-08-21T02:03:43.608965+00:00,59f35c31-a86c-44d9-adbe-e27e1d03b535,200,image/jpeg,1.0.0,48c7a8b3c4108e4dd14f0edfb3c542959b6e59da782798336bb7253816de3124,48c7a8b3c4108e4dd14f0edfb3c542959b6e59da782798336bb7253816de3124,1200,1200,RGB,UNIFORM_RGB,REDISTRIBUTION_PROHIBITED,ACCEPTED,,data\raw\amarket_full\7773401007673_48c7a8b3c410.jpg
dc1e52c93b969ddb8054bb97fae12fd9911e86d451746b2cd68b95a21b39c0a8,7896451907172,Pastillas Docile Minty Rolly Extra Fuerte X 29G,Pastillas Docile Minty Rolly Extra Fuerte X 29G,AMARKET,https://amarket.com.bo/collections/lo-nuevo/products/7896451907172,https://amarket.com.bo/cdn/shop/files/7896451907172_1200x1200.jpg?v=1787205097,2026-08-21T02:16:29.682013+00:00,59f35c31-a86c-44d9-adbe-e27e1d03b535,200,image/jpeg,1.0.0,ecde1d23dc27ca7d27c09654e946500b3f5dc729551b9a7a9947bf131f0304c5,ecde1d23dc27ca7d27c09654e946500b3f5dc729551b9a7a9947bf131f0304c5,1200,1200,RGB,UNIFORM_RGB,REDISTRIBUTION_PROHIBITED,ACCEPTED,,data\raw\amarket_full\7896451907172_ecde1d23dc27.jpg
dc7c240bb578a19fa5800d520446d82bf384d75bcf1497f4c334fb14e145d1cf,7702032104369,Café Instantáneo Colcafe Granulado Intenso X 50G,Café Instantáneo Colcafe Granulado Intenso X 50G,AMARKET,https://amarket.com.bo/collections/lo-nuevo/products/7702032104369,https://amarket.com.bo/cdn/shop/files/7702032104369_1200x1200.jpg?v=1780466141,2026-08-21T01:56:10.090149+00:00,59f35c31-a86c-44d9-adbe-e27e1d03b535,200,image/jpeg,1.0.0,71b69b84335166686fcb541e00ca21497386cf352e654ea4379a19bd874123a1,71b69b84335166686fcb541e00ca21497386cf352e654ea4379a19bd874123a1,1000,1000,RGB,UNIFORM_RGB,REDISTRIBUTION_PROHIBITED,ACCEPTED,,data\raw\amarket_full\7702032104369_71b69b843351.jpg
dc99a325bc8c939c736d81c35b525f8d9df80500fcbc21e15c6d259b1902efc1,7774110000078,Huevos De Codorniz Jars X 20 Unidades,Huevos De Codorniz Jars X 20 Unidades,AMARKET,https://amarket.com.bo/collections/lo-nuevo/products/7774110000078,https://amarket.com.bo/cdn/shop/files/7774110000078_1200x1200.jpg?v=1776203970,2026-08-21T02:05:44.498295+00:00,59f35c31-a86c-44d9-adbe-e27e1d03b535,200,image/jpeg,1.0.0,56e2f6c479c8239e66996ed2d7df02b565efc53df871570e9399e3adab4ebae6,56e2f6c479c8239e66996ed2d7df02b565efc53df871570e9399e3adab4ebae6,1200,1200,RGB,UNIFORM_RGB,REDISTRIBUTION_PROHIBITED,ACCEPTED,,data\raw\amarket_full\7774110000078_56e2f6c479c8.jpg
dcef6e0efc6423d5f600e544f7e3886bbc999888b0417a4beaf5bce762d97353,7771612001343,Pack Vino Campos De Solana Innovante Malbec 2X750ml,"Conforme a la Ley N.° 259, la venta de bebidas alcohólicas está restringida entre las 03:00 am y las 09:00 am. Los pedidos realizados durante ese horario se despacharán a partir de las 09:00 amCaracterísticas Marca: Campos de Solana. Línea: Innovante. Variedad: Malbec. Contenido: 2 botellas de 750 ml. Tipo: Vino tinto.",AMARKET,https://amarket.com.bo/collections/lo-nuevo/products/7771612001343,https://amarket.com.bo/cdn/shop/files/7771612001343_1200x1200.jpg?v=1787204768,2026-08-21T02:01:50.393413+00:00,59f35c31-a86c-44d9-adbe-e27e1d03b535,200,image/jpeg,1.0.0,8210a4d892223f4928b535e00624962e36f030cae933419467568daaa4520aee,8210a4d892223f4928b535e00624962e36f030cae933419467568daaa4520aee,1200,1200,RGB,UNIFORM_RGB,REDISTRIBUTION_PROHIBITED,ACCEPTED,,data\raw\amarket_full\7771612001343_8210a4d89222.jpg
dd1726d9260d1647bafbd57a9b4105a1841d356601a44023d32aed7c235af818,7798178801996,Malvaviscos Buffys Sabor Tradicional Bolsa X 125G,Malvaviscos Buffys Sabor Tradicional Bolsa X 125G,AMARKET,https://amarket.com.bo/collections/lo-nuevo/products/7798178801996,https://amarket.com.bo/cdn/shop/files/7798178801996_1200x1200.jpg?v=1783404801,2026-08-21T02:10:13.391703+00:00,59f35c31-a86c-44d9-adbe-e27e1d03b535,200,image/jpeg,1.0.0,10b22bc4189d1cf7404652779274381913d3cd9ee629f7d147b3c81856db19ba,10b22bc4189d1cf7404652779274381913d3cd9ee629f7d147b3c81856db19ba,1200,1200,RGB,UNIFORM_RGB,REDISTRIBUTION_PROHIBITED,ACCEPTED,,data\raw\amarket_full\7798178801996_10b22bc4189d.jpg
ddbbfd744f9b77599737dcadfcbb97fffb191a72b81d1c44eaf0004e6f37a8bd,7898930142647,Salsa Tomate Salsaretti Con Albahaca X 300G,Salsa Tomate Salsaretti Con Albahaca X 300G,AMARKET,https://amarket.com.bo/collections/lo-nuevo/products/7898930142647,https://amarket.com.bo/cdn/shop/files/7898930142647_1200x1200.jpg?v=1787205214,2026-08-21T02:19:29.608616+00:00,59f35c31-a86c-44d9-adbe-e27e1d03b535,200,image/jpeg,1.0.0,93e7784c3a0a03e89f7b74f10c9b85f27a033080446ba8cd8716f221e480400c,93e7784c3a0a03e89f7b74f10c9b85f27a033080446ba8cd8716f221e480400c,1200,1200,RGB,UNIFORM_RGB,REDISTRIBUTION_PROHIBITED,ACCEPTED,,data\raw\amarket_full\7898930142647_93e7784c3a0a.jpg
dec86721406d161b6bff21459a8b7f4ba9e3d07a1155818a1b13d3227322be07,041554098143,Labial Maybelline Teddy Tint Tono Nro.100 Kitten Heel,Descripción:El Tinte Labial Super Stay Teddy Tint de Maybelline está diseñado para brindar un color suave modulable y de larga duración con un acabado mate aterciopelado de efecto difuminado. Su innovadora tecnología Teddy Fluff proporciona una sensación ultraligera y cómoda ideal para acompañarte durante todo el día s,AMARKET,https://amarket.com.bo/collections/lo-nuevo/products/041554098143,https://amarket.com.bo/cdn/shop/files/041554098143_1200x1200.jpg?v=1781330254,2026-08-21T01:46:07.763644+00:00,59f35c31-a86c-44d9-adbe-e27e1d03b535,200,image/jpeg,1.0.0,5c8a21042cd9444c33bd05e5999e9524b205baf147d2c20e4989e872db679de0,5c8a21042cd9444c33bd05e5999e9524b205baf147d2c20e4989e872db679de0,1200,1200,RGB,UNIFORM_RGB,REDISTRIBUTION_PROHIBITED,ACCEPTED,,data\raw\amarket_full\041554098143_5c8a21042cd9.jpg
dec96cec7bc16075d84fbdb9d3c88cdb5dfc124e99e1c378e4c457ec43d4c92b,091000009025,Labial Revlon Super Lustrous Tono 535 Rum Raisin,DescripciónEl Labial Revlon Super Lustrous es un clásico icónico que destaca por su aplicación suave y acabado confortable. Su fórmula con 80% de ingredientes acondicionadores ayuda a mantener los labios hidratados aportando una sensación cremosa y ligera en cada uso. Además contribuye a minimizar la apariencia de líne,AMARKET,https://amarket.com.bo/collections/lo-nuevo/products/091000009025,https://amarket.com.bo/cdn/shop/files/091000009025_1200x1200.jpg?v=1775108600,2026-08-21T01:48:34.015312+00:00,59f35c31-a86c-44d9-adbe-e27e1d03b535,200,image/jpeg,1.0.0,dd7b6e646d073edd4854a9ce0a355bd4860cfa1d8385fc44f228f9079984247b,dd7b6e646d073edd4854a9ce0a355bd4860cfa1d8385fc44f228f9079984247b,1200,1200,RGB,UNIFORM_RGB,REDISTRIBUTION_PROHIBITED,ACCEPTED,,data\raw\amarket_full\091000009025_dd7b6e646d07.jpg
df1f930731cae1332365b204db6d71fc09a1e25f62424c8b5cf61a1735b61305,7896183905712,Fideos Instantáneos Gallina X 85G,Fideos Instantáneos Gallina X 85G,AMARKET,https://amarket.com.bo/collections/lo-nuevo/products/7896183905712,https://amarket.com.bo/cdn/shop/files/7896183905712_1200x1200.jpg?v=1787205040,2026-08-21T02:15:56.864440+00:00,59f35c31-a86c-44d9-adbe-e27e1d03b535,200,image/jpeg,1.0.0,8505ef762765b933a59e466d9622ffd97ce52d7e9de49ce1e6c368c8844e028c,8505ef762765b933a59e466d9622ffd97ce52d7e9de49ce1e6c368c8844e028c,1000,1000,RGB,UNIFORM_RGB,REDISTRIBUTION_PROHIBITED,ACCEPTED,,data\raw\amarket_full\7896183905712_8505ef762765.jpg
df36c515be7eefed5e33394976106bd1c6bf180d58696126bce8e054944087ff,7774904408523,Suavizante Todo Brillo Plus Encanto Felicidad X 1.7L,Suavizante Todo Brillo Plus Encanto Felicidad X 1.7L,AMARKET,https://amarket.com.bo/collections/lo-nuevo/products/7774904408523,https://amarket.com.bo/cdn/shop/files/7774904408523_383f339c-0d99-4146-bb9f-8481b52126d0_1200x1200.jpg?v=1787204945,2026-08-21T02:06:29.943416+00:00,59f35c31-a86c-44d9-adbe-e27e1d03b535,200,image/jpeg,1.0.0,a51fd7ba4fc68b7a0e545082f6c6d4d507156dc72eda1b19f124c167db073dd2,a51fd7ba4fc68b7a0e545082f6c6d4d507156dc72eda1b19f124c167db073dd2,1200,1200,RGB,UNIFORM_RGB,REDISTRIBUTION_PROHIBITED,ACCEPTED,,data\raw\amarket_full\7774904408523_a51fd7ba4fc6.jpg
df411f0a156af7bf91b3cb3775fb05fef20996a3e87325b99fe038dd151419de,7702006653510,Shampoo Dove Bond Repair+Peptido X 370Ml,DescripciónEl Shampoo Dove Bond Repair + Péptido fue desarrollado para ayudar a reparar los signos visibles del daño capilar desde el interior de la fibra. Su fórmula combina la tecnología Bio-Protein Care con Peptide Complex ingredientes diseñados para fortalecer el cabello y ayudar a restaurar los enlaces debilitados,AMARKET,https://amarket.com.bo/collections/lo-nuevo/products/7702006653510,https://amarket.com.bo/cdn/shop/files/7702006653510_1200x1200.jpg?v=1778305943,2026-08-21T01:55:32.253186+00:00,59f35c31-a86c-44d9-adbe-e27e1d03b535,200,image/jpeg,1.0.0,feb9e40d305513f87a9ea9b46c33c77adcf0e603368a3fe6647f4f12bfa43ee4,feb9e40d305513f87a9ea9b46c33c77adcf0e603368a3fe6647f4f12bfa43ee4,1200,1200,RGB,UNIFORM_RGB,REDISTRIBUTION_PROHIBITED,ACCEPTED,,data\raw\amarket_full\7702006653510_feb9e40d3055.jpg
dfb0c852e5256372d94014473eb6994ccf93b4182882a80b578b19f0a2a9f2dd,7509552982718,Brillo Labial Vogue Boombastic Tono Eléctrica X 6.8Ml,Descripción:El Brillo Labial Vogue Boombastic proporciona un efecto de volumen instantáneo con un acabado ultra brillante que realza la apariencia natural de los labios. Su fórmula genera una sensación de calor al aplicarse ofreciendo un efecto voluminizador visible y una textura cómoda para lucir unos labios con mayor,AMARKET,https://amarket.com.bo/collections/lo-nuevo/products/7509552982718,https://amarket.com.bo/cdn/shop/files/7509552982718_1200x1200.jpg?v=1784787784,2026-08-21T01:54:55.071842+00:00,59f35c31-a86c-44d9-adbe-e27e1d03b535,200,image/jpeg,1.0.0,5d167693dcc1bf76d4c5fe0e2cf7641880bc68f386504a01a8bac78218dc9dc0,5d167693dcc1bf76d4c5fe0e2cf7641880bc68f386504a01a8bac78218dc9dc0,1200,1200,RGB,UNIFORM_RGB,REDISTRIBUTION_PROHIBITED,ACCEPTED,,data\raw\amarket_full\7509552982718_5d167693dcc1.jpg
dfc383c9c7781c69e69d48c8e812dff93156bce4ec69c0b1252e3f2066ec0109,7896150020219,Gel Fijador Yama Fix Para Cabello Cola 2 X 300G,DescripciónEl Gel Fijador Yama Fix Cola 2 proporciona una fijación media ideal para mantener el peinado con apariencia natural y flexible. Su fórmula permite moldear el cabello fácilmente ayudando a controlar el frizz y mantener el estilo durante el día sin dejar residuos visibles ni sensación pegajosa.Beneficios: Fija,AMARKET,https://amarket.com.bo/collections/lo-nuevo/products/7896150020219,https://amarket.com.bo/cdn/shop/files/7896150020219_1200x1200.jpg?v=1787203391,2026-08-21T02:15:19.837056+00:00,59f35c31-a86c-44d9-adbe-e27e1d03b535,200,image/jpeg,1.0.0,04e0c5b31dc72de9e44b008ae18d11da211020d66faede0b8e39e3823322ae5b,04e0c5b31dc72de9e44b008ae18d11da211020d66faede0b8e39e3823322ae5b,1200,1200,RGB,UNIFORM_RGB,REDISTRIBUTION_PROHIBITED,ACCEPTED,,data\raw\amarket_full\7896150020219_04e0c5b31dc7.jpg
e08078a1ec695b70e88a66427736de2a6748860b69bd445c5a4ebcacee7f27db,6941696107908,Vape Waka Go 10K 5% Nicotina Strawberry Kiwi,DescripciónWaka Go Strawberry Kiwi 10.000 Puffs es un vape desechable de alto rendimiento diseñado para brindar una experiencia prolongada y consistente. Combina el sabor dulce y refrescante de la frutilla y kiwi con un toque fresco que ofrece una sensación suave y agradable en cada inhalación. Producto destinado para,AMARKET,https://amarket.com.bo/collections/lo-nuevo/products/6941696107908,https://amarket.com.bo/cdn/shop/files/6941696107908_1200x1200.jpg?v=1787204794,2026-08-21T01:51:58.022509+00:00,59f35c31-a86c-44d9-adbe-e27e1d03b535,200,image/jpeg,1.0.0,7154d56bd4ce3b22ef4d35389e68306ece8ecbf584d47e64180cf94cfa4937e5,7154d56bd4ce3b22ef4d35389e68306ece8ecbf584d47e64180cf94cfa4937e5,1200,1200,RGB,UNIFORM_RGB,REDISTRIBUTION_PROHIBITED,ACCEPTED,,data\raw\amarket_full\6941696107908_7154d56bd4ce.jpg
e0975e126dce28f7d0bceddf6d98aa386946f4807debb4be7a424be7de8e935c,7896058503142,Caramelos Yogurte Masticables Rellenos Sabor Fresa X 500G,Caramelos Yogurte Masticables Rellenos Sabor Fresa X 500G,AMARKET,https://amarket.com.bo/collections/lo-nuevo/products/7896058503142,https://amarket.com.bo/cdn/shop/files/7896058503142_1200x1200.jpg?v=1787205791,2026-08-21T02:14:23.643523+00:00,59f35c31-a86c-44d9-adbe-e27e1d03b535,200,image/jpeg,1.0.0,f9b6337b1f75274b15126cf4f16cb04f9556d4382a22c3dcda58d5dd68b67ebf,f9b6337b1f75274b15126cf4f16cb04f9556d4382a22c3dcda58d5dd68b67ebf,1200,1200,RGB,UNIFORM_RGB,REDISTRIBUTION_PROHIBITED,ACCEPTED,,data\raw\amarket_full\7896058503142_f9b6337b1f75.jpg
e104081468013cfd7b5ad09c5ab4b06a22324e44ac17474dcdb993eba2bd4088,7798178802368,Pasta Dulce Kroomy Mani Y Chocolate X Unidad,Pasta Dulce Kroomy Mani Y Chocolate X Unidad. Cada unidad contiene 10 gramos.,AMARKET,https://amarket.com.bo/collections/lo-nuevo/products/7798178802368,https://amarket.com.bo/cdn/shop/files/7798178802368_1200x1200.jpg?v=1783404794,2026-08-21T02:10:16.852340+00:00,59f35c31-a86c-44d9-adbe-e27e1d03b535,200,image/jpeg,1.0.0,1a88e6099564d9b2a493ca1558f9e5ffb3bcaccd962b7b8e7d4b839c3b980660,1a88e6099564d9b2a493ca1558f9e5ffb3bcaccd962b7b8e7d4b839c3b980660,1200,1200,RGB,UNIFORM_RGB,REDISTRIBUTION_PROHIBITED,ACCEPTED,,data\raw\amarket_full\7798178802368_1a88e6099564.jpg
e11e1658f15a4850b17fb99c6ec3eff6813290e5ed116978ba555c1af3f5bd73,1200185065941,Stanley Surround Mug Aerolight Pink Velvet X 473Ml,DescripciónLa Mug Transit Surround combina estilo practicidad y tecnología térmica avanzada en un diseño pensado para acompañarte todos los días. Sus acabados en tonos suaves detalles brillantes y exterior facetado la convierten en una opción ideal para regalar o para disfrutar tus bebidas favoritas con un toque modern,AMARKET,https://amarket.com.bo/collections/lo-nuevo/products/1200185065941,https://amarket.com.bo/cdn/shop/files/1200185065941_1200x1200.jpg?v=1778824609,2026-08-21T01:49:05.865800+00:00,59f35c31-a86c-44d9-adbe-e27e1d03b535,200,image/jpeg,1.0.0,42888c8cf094e1627ef61b54972be3bf2e66826c47789a9d703eec14518e562f,42888c8cf094e1627ef61b54972be3bf2e66826c47789a9d703eec14518e562f,1200,1200,RGB,UNIFORM_RGB,REDISTRIBUTION_PROHIBITED,ACCEPTED,,data\raw\amarket_full\1200185065941_42888c8cf094.jpg
e19087ec27f4849ad0867ac331c35377a97dc0456fb35c9d8bf9aa616705486a,7891116169575,Jarra Térmica Exata Tramontina Beige X 1L,DescripciónLa jarra térmica Tramontina Exata beige de 1 litro es ideal para mantener tus bebidas calientes o frías durante más tiempo con un diseño elegante y funcional que se adapta a cualquier espacio. Perfecta para café té o bebidas frías combina practicidad estilo y eficiencia térmica siendo una excelente opción pa,AMARKET,https://amarket.com.bo/collections/lo-nuevo/products/7891116169575,https://amarket.com.bo/cdn/shop/files/7891116169575_1200x1200.jpg?v=1787204733,2026-08-21T02:11:46.425517+00:00,59f35c31-a86c-44d9-adbe-e27e1d03b535,200,image/jpeg,1.0.0,f95d520f1e80f7d72b98ed422262e4b2cfe155f1b09c80952c79967fa322f009,f95d520f1e80f7d72b98ed422262e4b2cfe155f1b09c80952c79967fa322f009,1200,1200,RGB,UNIFORM_RGB,REDISTRIBUTION_PROHIBITED,ACCEPTED,,data\raw\amarket_full\7891116169575_f95d520f1e80.jpg
e1df3d3ad25bf770cde4a47f335d29d372fa27cf9a0615b03d17e0c5aae8425c,9001062,Bolsa De Basura Plásticos Carmen Negra 90X110 140L X 10 Unidades,Bolsa De Basura Plásticos Carmen Negra 90X110 140L X 10 Unidades,AMARKET,https://amarket.com.bo/collections/lo-nuevo/products/9001062,https://amarket.com.bo/cdn/shop/files/9001062_1200x1200.jpg?v=1776203995,2026-08-21T02:22:49.039015+00:00,59f35c31-a86c-44d9-adbe-e27e1d03b535,200,image/jpeg,1.0.0,301ed0c43844dea20a4c168d9ae444274dc30e5c3176180938800d9624e64075,301ed0c43844dea20a4c168d9ae444274dc30e5c3176180938800d9624e64075,1200,1200,RGB,UNIFORM_RGB,REDISTRIBUTION_PROHIBITED,ACCEPTED,,data\raw\amarket_full\9001062_301ed0c43844.jpg
e219b20f843ff622bb85ee362f4dad267d40ac9c090ce655614fabac1c579c49,7899808893067,Set Potes Cuadrado Plasutil Diseño Panda X 3 Piezas,Set Potes Cuadrado Plasutil Diseño Panda X 3 Piezas,AMARKET,https://amarket.com.bo/collections/lo-nuevo/products/7899808893067,https://amarket.com.bo/cdn/shop/files/7899808893067_1200x1200.jpg?v=1787204083,2026-08-21T02:20:31.250748+00:00,59f35c31-a86c-44d9-adbe-e27e1d03b535,200,image/jpeg,1.0.0,77939ff04a75431bbb97e0526e7ee7bdd7283a5cbb6d9a43656257f75e10fa46,77939ff04a75431bbb97e0526e7ee7bdd7283a5cbb6d9a43656257f75e10fa46,1200,1200,RGB,UNIFORM_RGB,REDISTRIBUTION_PROHIBITED,ACCEPTED,,data\raw\amarket_full\7899808893067_77939ff04a75.jpg
e2e4e9e5629db2c0ad6ed670e75e31334c1f88b86823a1b4389b26ccb4f4ec59,7773435930374,Pan Molde Blanco Samuel X 300G,DescripciónEl Pan Molde Blanco Samuel es un pan suave y esponjoso ideal para preparar sándwiches y tostadas en el día a día. Su textura ligera y sabor clásico lo convierten en una opción práctica para desayunos y meriendas. Presentación de 300 g.,AMARKET,https://amarket.com.bo/collections/lo-nuevo/products/7773435930374,https://amarket.com.bo/cdn/shop/files/7773435930374_1200x1200.jpg?v=1787203270,2026-08-21T02:04:44.166594+00:00,59f35c31-a86c-44d9-adbe-e27e1d03b535,200,image/jpeg,1.0.0,1e9c9571b561e4713c749be12543aa498b791e6b4879c92863765b51a19435b7,1e9c9571b561e4713c749be12543aa498b791e6b4879c92863765b51a19435b7,1200,1200,RGB,UNIFORM_RGB,REDISTRIBUTION_PROHIBITED,ACCEPTED,,data\raw\amarket_full\7773435930374_1e9c9571b561.jpg
e2f195448e7cc34436377d5b7b3fbd967d7968ad4184d357761fb09707125a7f,0799192522901,Nacho Nax Sabor Limón X 200G,Nacho Nax Sabor Limón X 200G,AMARKET,https://amarket.com.bo/collections/lo-nuevo/products/0799192522901,https://amarket.com.bo/cdn/shop/files/0799192522901_1200x1200.jpg?v=1777442078,2026-08-21T01:48:11.481703+00:00,59f35c31-a86c-44d9-adbe-e27e1d03b535,200,image/jpeg,1.0.0,84e75b2f2c8c9761faaeccf28fc20d2e61f21446b5d8e8642e62aaa8c1aeb9f3,84e75b2f2c8c9761faaeccf28fc20d2e61f21446b5d8e8642e62aaa8c1aeb9f3,1200,1200,RGB,UNIFORM_RGB,REDISTRIBUTION_PROHIBITED,ACCEPTED,,data\raw\amarket_full\0799192522901_84e75b2f2c8c.jpg
e32d2d31b042b9052c305832c6336213e17ab13688e78f0b647ad8ab79eb6981,0658325435177,Papa Nax Fritas Sabor Churrasco X 20G,Papa Nax Fritas Sabor Churrasco X 20G,AMARKET,https://amarket.com.bo/collections/lo-nuevo/products/0658325435177,https://amarket.com.bo/cdn/shop/files/0658325435177_1200x1200.jpg?v=1777442076,2026-08-21T01:47:04.322485+00:00,59f35c31-a86c-44d9-adbe-e27e1d03b535,200,image/jpeg,1.0.0,c3cee8ce954305ea4b817d8ef1fc24bea164faea869b333fa5a2d347542da2ba,c3cee8ce954305ea4b817d8ef1fc24bea164faea869b333fa5a2d347542da2ba,1200,1200,RGB,UNIFORM_RGB,REDISTRIBUTION_PROHIBITED,ACCEPTED,,data\raw\amarket_full\0658325435177_c3cee8ce9543.jpg
e38ac327d621a9a090dc3b1cc8cd63981cac76d3eb659f89849e31bdf43d47de,7898080664037,Energizante Baly Sabor Frutos Tropicales X 250Ml,Descripción:El Energizante Baly sabor Frutos Tropicales es una bebida energética no alcohólica que combina el frescor jugoso de los frutos tropicales con una fórmula diseñada para ofrecer energía y vitalidad al ritmo de tu día. Refrescante práctico y listo para acompañarte donde quieras es ideal para quienes buscan un,AMARKET,https://amarket.com.bo/collections/lo-nuevo/products/7898080664037,https://amarket.com.bo/cdn/shop/files/7898080664037_1200x1200.jpg?v=1771046665,2026-08-21T02:18:50.441387+00:00,59f35c31-a86c-44d9-adbe-e27e1d03b535,200,image/jpeg,1.0.0,fe6d9f4c0dc80cd549dfa08d133e99166d86827fec7ca6bd49052b917f3f54ac,fe6d9f4c0dc80cd549dfa08d133e99166d86827fec7ca6bd49052b917f3f54ac,1200,1200,RGB,UNIFORM_RGB,REDISTRIBUTION_PROHIBITED,ACCEPTED,,data\raw\amarket_full\7898080664037_fe6d9f4c0dc8.jpg
e3c96a0fc8399d91fe70e147e6c317af90582934ec3a7fa3e3b55e6f94677cfb,7898080665911,Energizante Baly Sabor Caipirinha X 250Ml,Descripción:El Energizante Baly sabor Caipirinha es una bebida energética sin alcohol inspirada en el reconocido cóctel brasileño Caipirinha diseñada para ofrecer un impulso de energía con un perfil de sabor cítrico y refrescante. Forma parte de la línea de energizantes premium de Baly conocida por su fórmula con cafeí,AMARKET,https://amarket.com.bo/collections/lo-nuevo/products/7898080665911,https://amarket.com.bo/cdn/shop/files/7898080665911_1200x1200.jpg?v=1787203287,2026-08-21T02:19:06.761709+00:00,59f35c31-a86c-44d9-adbe-e27e1d03b535,200,image/jpeg,1.0.0,810a73358d3950f49d36047ded26f5159850cad9a4a561baec7306e3497c0544,810a73358d3950f49d36047ded26f5159850cad9a4a561baec7306e3497c0544,1200,1200,RGB,UNIFORM_RGB,REDISTRIBUTION_PROHIBITED,ACCEPTED,,data\raw\amarket_full\7898080665911_810a73358d39.jpg
e40d6e516254aa7f9991663d9a55606c39b207e7736fa84eb19e0649af4f9b3e,7790580131548,Barra Rellena De Coco Cofler Con Leche X 40G,Barra Rellena De Coco Cofler Con Leche X 40G,AMARKET,https://amarket.com.bo/collections/lo-nuevo/products/7790580131548,https://amarket.com.bo/cdn/shop/files/7790580131548_1200x1200.jpg?v=1778133288,2026-08-21T02:07:48.997291+00:00,59f35c31-a86c-44d9-adbe-e27e1d03b535,200,image/jpeg,1.0.0,eb0e3618480d50268a7018e76587812dd726210d4c84b7055b35938c559e9b55,eb0e3618480d50268a7018e76587812dd726210d4c84b7055b35938c559e9b55,1200,1200,RGB,UNIFORM_RGB,REDISTRIBUTION_PROHIBITED,ACCEPTED,,data\raw\amarket_full\7790580131548_eb0e3618480d.jpg
e50fe6c6b3fd926d11cad72249b2e990c65b0c311347163c7536aebd3fa1b7c1,309971879104,Revlon Kiss Balsamo Para Labios Tono 010 Tropical Coconut,DescripciónEl Revlon Kiss Bálsamo para Labios 010 Tropical Coconut combina hidratación color y protección en un solo paso. Su fórmula aporta un tinte translúcido y jugoso dejando los labios suaves humectados y con un acabado natural. Enriquecido con aceites naturales de frutas ayuda a mantener los labios confortables d,AMARKET,https://amarket.com.bo/collections/lo-nuevo/products/309971879104,https://amarket.com.bo/cdn/shop/files/309971879104_1200x1200.jpg?v=1775108609,2026-08-21T01:49:19.892576+00:00,59f35c31-a86c-44d9-adbe-e27e1d03b535,200,image/jpeg,1.0.0,2d195ff84a4d6b9404a136c8286f8fe83ad00c6d932165133c965d61649a0541,2d195ff84a4d6b9404a136c8286f8fe83ad00c6d932165133c965d61649a0541,1200,1200,RGB,UNIFORM_RGB,REDISTRIBUTION_PROHIBITED,ACCEPTED,,data\raw\amarket_full\309971879104_2d195ff84a4d.jpg
e5e49b00ddcc04507df90b797e6cba9cefc50bc8d5a22fccee9bdb83ff9b06eb,7770109740116,Proteina De Soya Integra X 250G,Descripción:La Proteína de Soya Integra 250 g es un alimento elaborado a partir de proteína de soya texturizada utilizado como alternativa vegetal a la proteína de origen animal. Se obtiene del procesamiento de la soya una leguminosa reconocida por su alto contenido de proteína y puede emplearse en diferentes preparaci,AMARKET,https://amarket.com.bo/collections/lo-nuevo/products/7770109740116,https://amarket.com.bo/cdn/shop/files/7770109740116_1200x1200.jpg?v=1787203486,2026-08-21T01:58:51.844339+00:00,59f35c31-a86c-44d9-adbe-e27e1d03b535,200,image/jpeg,1.0.0,4fa105f64d14a0545fc37a99bdcf82cfe53c19ce644d6792a7b8892f05c2c5ab,4fa105f64d14a0545fc37a99bdcf82cfe53c19ce644d6792a7b8892f05c2c5ab,1200,1200,RGB,UNIFORM_RGB,REDISTRIBUTION_PROHIBITED,ACCEPTED,,data\raw\amarket_full\7770109740116_4fa105f64d14.jpg
e614368a852790ba78f1b37ea36a6cf8307284a230fd296d5a785a0e1a0302c0,7896115704444,Shampoo Tralala Baby Suave Lavanda X 250Ml,Descripción:El Shampoo Trá Lá Lá Baby Suave Lavanda 250 ml está especialmente formulado para la limpieza delicada del cabello y cuero cabelludo de bebés y niños. Enriquecido con extracto de lavanda ayuda a brindar una sensación de calma y bienestar durante el baño. Su fórmula suave no irrita los ojos tiene pH balancead,AMARKET,https://amarket.com.bo/collections/lo-nuevo/products/7896115704444,https://amarket.com.bo/cdn/shop/files/7896115704444_1200x1200.jpg?v=1782540602,2026-08-21T02:15:13.110458+00:00,59f35c31-a86c-44d9-adbe-e27e1d03b535,200,image/jpeg,1.0.0,4810c8c33e25c638df53faa24e1c021cb26e5cf4311913bda6f132d1f8e20ce8,4810c8c33e25c638df53faa24e1c021cb26e5cf4311913bda6f132d1f8e20ce8,1200,1200,RGB,UNIFORM_RGB,REDISTRIBUTION_PROHIBITED,ACCEPTED,,data\raw\amarket_full\7896115704444_4810c8c33e25.jpg
e62267d911e61323dad99edb863032d5acc106ab3a8fa5788d7396af221c7b0d,7896115703119,Gel Dental Tralala Baby Tutti Frutti X 70G,Descripción:El Gel Dental Trá Lá Lá Baby Tutti-Frutti 70 g está especialmente formulado para la higiene bucal de bebés y niños pequeños. Su fórmula sin flúor y sin colorantes limpia suavemente los primeros dientes y encías mientras el xilitol ayuda a mantener una adecuada higiene bucal. Su agradable sabor a tutti-frutt,AMARKET,https://amarket.com.bo/collections/lo-nuevo/products/7896115703119,https://amarket.com.bo/cdn/shop/files/7896115703119_1200x1200.jpg?v=1782540604,2026-08-21T02:14:56.299977+00:00,59f35c31-a86c-44d9-adbe-e27e1d03b535,200,image/jpeg,1.0.0,2507075197f732867c7a9b61130e88e383260d65528d9da6a3d5bf43ccaf01ff,2507075197f732867c7a9b61130e88e383260d65528d9da6a3d5bf43ccaf01ff,1200,1200,RGB,UNIFORM_RGB,REDISTRIBUTION_PROHIBITED,ACCEPTED,,data\raw\amarket_full\7896115703119_2507075197f7.jpg
e63b5a1664e32636a3ddae69e0013d5991f9bcee2123192fa23ebd9e35fdd66f,7772116050158,Santa Lokura Sabor Maracuya Piña Lata X 473Ml,"Conforme a la Ley N.° 259, la venta de bebidas alcohólicas está restringida entre las 03:00 am y las 09:00 am. Los pedidos realizados durante ese horario se despacharán a partir de las 09:00 amDescripciónLa Santa Lokura sabor Maracuyá Piña lata 473 ml es una bebida con perfil frutal que combina notas inspiradas en mara",AMARKET,https://amarket.com.bo/collections/lo-nuevo/products/7772116050158,https://amarket.com.bo/cdn/shop/files/7772116050158_1200x1200.jpg?v=1773985043,2026-08-21T02:02:35.969811+00:00,59f35c31-a86c-44d9-adbe-e27e1d03b535,200,image/jpeg,1.0.0,666d81f6c37efe8886a2c01f829b2d8f9c2b61119d27af0dc7e58cf2cf833cc3,666d81f6c37efe8886a2c01f829b2d8f9c2b61119d27af0dc7e58cf2cf833cc3,1200,1200,RGB,UNIFORM_RGB,REDISTRIBUTION_PROHIBITED,ACCEPTED,,data\raw\amarket_full\7772116050158_666d81f6c37e.jpg
e6b50faa87903ff7997d5084bf73033e757eb8dfefc7a23805fe84d0479216ce,7896451911575,Gomitas Docile Docigoma Gurt Tubo X 30G,Gomitas Docile Docigoma Gurt Tubo X 30G,AMARKET,https://amarket.com.bo/collections/lo-nuevo/products/7896451911575,https://amarket.com.bo/cdn/shop/files/7896451911575_1200x1200.jpg?v=1781071348,2026-08-21T02:16:58.460829+00:00,59f35c31-a86c-44d9-adbe-e27e1d03b535,200,image/jpeg,1.0.0,a3db7c10d3c233e59f9677ded660ee6b0e071461eb0270fcc87aebcfa7659408,a3db7c10d3c233e59f9677ded660ee6b0e071461eb0270fcc87aebcfa7659408,1200,1200,RGB,UNIFORM_RGB,REDISTRIBUTION_PROHIBITED,ACCEPTED,,data\raw\amarket_full\7896451911575_a3db7c10d3c2.jpg
e6c43ff073e30d0f1b0cc60a8aa817a388142db05d5f51164f1ca3e8456a1e1c,7896902289680,Óleo Capilar Farmax Nutrición Milagrosa X 90Ml,DescripciónÓleo Nutrición Milagrosa Farmax 90 ml tratamiento capilar diseñado para nutrir profundamente hidratar y aportar brillo intenso al cabello desde la primera aplicación. Su fórmula ligera ayuda a controlar el frizz y reparar la hebra capilar sin dejar sensación grasosa.Beneficios: Nutrición e hidratación profun,AMARKET,https://amarket.com.bo/collections/lo-nuevo/products/7896902289680,https://amarket.com.bo/cdn/shop/files/7896902289680_1200x1200.jpg?v=1787204993,2026-08-21T02:18:30.393783+00:00,59f35c31-a86c-44d9-adbe-e27e1d03b535,200,image/jpeg,1.0.0,fc4b2d07883e9bafc1e567030c548460b660169135d6310f5ad8bc5a6db7c667,fc4b2d07883e9bafc1e567030c548460b660169135d6310f5ad8bc5a6db7c667,1200,1200,RGB,UNIFORM_RGB,REDISTRIBUTION_PROHIBITED,ACCEPTED,,data\raw\amarket_full\7896902289680_fc4b2d07883e.jpg
e7018d710ab5a976f797dfb5637e13c71e2828b57fb1c6be21f0173f0c946765,7702032107957,Café Tostado Y Molido Sello Rojo Tradicional X 212G,Café Tostado Y Molido Sello Rojo Tradicional X 212G,AMARKET,https://amarket.com.bo/collections/lo-nuevo/products/7702032107957,https://amarket.com.bo/cdn/shop/files/7702032107957_1200x1200.jpg?v=1780466143,2026-08-21T01:56:13.575634+00:00,59f35c31-a86c-44d9-adbe-e27e1d03b535,200,image/jpeg,1.0.0,8b9cb600cf73259b333c329157a2c1ef4119ad5b9647f345f614675e73b656fc,8b9cb600cf73259b333c329157a2c1ef4119ad5b9647f345f614675e73b656fc,1000,1000,RGB,UNIFORM_RGB,REDISTRIBUTION_PROHIBITED,ACCEPTED,,data\raw\amarket_full\7702032107957_8b9cb600cf73.jpg
e774b7e7d71d96afcbb09eceae85a5efcf9de5ce6d7c8ef1abff18cac8e4e311,7771608001128,Agua De Mesa Villa Santa Con Gas X 2L,Agua De Mesa Villa Santa Con Gas X 2L,AMARKET,https://amarket.com.bo/collections/lo-nuevo/products/7771608001128,https://amarket.com.bo/cdn/shop/files/7771608001128_1200x1200.jpg?v=1787205466,2026-08-21T02:01:39.731552+00:00,59f35c31-a86c-44d9-adbe-e27e1d03b535,200,image/jpeg,1.0.0,00d19b15f84741f07f332a0301a1f2f162b5978fe0c3b8d6476dc3078468fed9,00d19b15f84741f07f332a0301a1f2f162b5978fe0c3b8d6476dc3078468fed9,1200,1200,RGB,UNIFORM_RGB,REDISTRIBUTION_PROHIBITED,ACCEPTED,,data\raw\amarket_full\7771608001128_00d19b15f847.jpg
e7842bb07bc9c9e74a04a5a408cc9ad55ae578901d138bb3df210e379aebb63e,7770000850037,Dulce De Leche Chané Deslactosado X 300G,Descripción:Dulce de leche elaborado con leche descremada deslactosada de alta calidad especialmente formulado para quienes buscan disfrutar del sabor tradicional con menos azúcar y sin lactosa. Su textura cremosa suave y homogénea ofrece una experiencia deliciosa manteniendo el auténtico sabor del dulce de leche y fac,AMARKET,https://amarket.com.bo/collections/lo-nuevo/products/7770000850037,https://amarket.com.bo/cdn/shop/files/7770000850037_1200x1200.jpg?v=1787205169,2026-08-21T01:57:19.544817+00:00,59f35c31-a86c-44d9-adbe-e27e1d03b535,200,image/jpeg,1.0.0,c8022fd464ad559a5e82900c6935fd0ac599419a1dd185e1e269baab13066f27,c8022fd464ad559a5e82900c6935fd0ac599419a1dd185e1e269baab13066f27,1200,1200,RGB,UNIFORM_RGB,REDISTRIBUTION_PROHIBITED,ACCEPTED,,data\raw\amarket_full\7770000850037_c8022fd464ad.jpg
e78ad43437d838647dc8c62803c9fc306ee75f3e3f8422ab98971416b6c13aba,7771259757061,Néctar Pura Vida Manzana Con Adición Vitamina C X 1L,DescripciónEl Néctar Pura Vida Manzana con Adición de Vitamina C X 1 L es una bebida refrescante con sabor a manzana elaborada a partir de pulpa y/o jugos concentrados de fruta y agua tratada con la adición de vitamina C para aportar un beneficio extra a tu día.Características: Marca: Pil Pura Vida. Tipo: Néctar de man,AMARKET,https://amarket.com.bo/collections/lo-nuevo/products/7771259757061,https://amarket.com.bo/cdn/shop/files/7771259757061_1200x1200.jpg?v=1769193181,2026-08-21T02:00:41.518509+00:00,59f35c31-a86c-44d9-adbe-e27e1d03b535,200,image/jpeg,1.0.0,65a2b42217402e68edf44cd4306f83c873dfe24d70f072949758c1737326944c,65a2b42217402e68edf44cd4306f83c873dfe24d70f072949758c1737326944c,1200,1200,RGB,UNIFORM_RGB,REDISTRIBUTION_PROHIBITED,ACCEPTED,,data\raw\amarket_full\7771259757061_65a2b4221740.jpg
e81180778bbcc882f0bd0523bd4399a08b0641d70038f62783f6589b7260ae70,7772115100601,Vino Tinto Aranjuez Dúo Bonarda Cabernet Franc X 750Ml,"Conforme a la Ley N.° 259, la venta de bebidas alcohólicas está restringida entre las 03:00 am y las 09:00 am. Los pedidos realizados durante ese horario se despacharán a partir de las 09:00 amDescripción:El Vino Tinto Aranjuez Dúo Bonarda Cabernet Franc 750 ml es una bebida elaborada a partir de la combinación de uvas",AMARKET,https://amarket.com.bo/collections/lo-nuevo/products/7772115100601,https://amarket.com.bo/cdn/shop/files/7772115100601_1200x1200.jpg?v=1787203719,2026-08-21T02:02:28.801521+00:00,59f35c31-a86c-44d9-adbe-e27e1d03b535,200,image/jpeg,1.0.0,7c27470afea21502d32c1fce3ce4a44fdc7269476440c650f311074dc86dfbaa,7c27470afea21502d32c1fce3ce4a44fdc7269476440c650f311074dc86dfbaa,1200,1200,RGB,UNIFORM_RGB,REDISTRIBUTION_PROHIBITED,ACCEPTED,,data\raw\amarket_full\7772115100601_7c27470afea2.jpg
e82eaadcffa7b8d8a6d8c8cfe7f500466cc003ff48c3af8e8a4dba68a67a0405,7896023085840,Jugo De Uva Salton Integral X 500Ml,Descripción:El Jugo de Uva Salton Integral 500 ml es una bebida elaborada a partir de jugo de uvas reconocida por su sabor natural y característico de la fruta. Puede consumirse frío y es una opción práctica para acompañar comidas o disfrutar en diferentes momentos del día. Presentación de 500 ml.,AMARKET,https://amarket.com.bo/collections/lo-nuevo/products/7896023085840,https://amarket.com.bo/cdn/shop/files/7896023085840_1200x1200.jpg?v=1787203496,2026-08-21T02:13:26.147465+00:00,59f35c31-a86c-44d9-adbe-e27e1d03b535,200,image/jpeg,1.0.0,00d4139b859a58edfbe95b64f356516a4b808463a08eaf4c0adc03406989bca1,00d4139b859a58edfbe95b64f356516a4b808463a08eaf4c0adc03406989bca1,1200,1200,RGB,UNIFORM_RGB,REDISTRIBUTION_PROHIBITED,ACCEPTED,,data\raw\amarket_full\7896023085840_00d4139b859a.jpg
e890cb82e71472f2bf07d9d081c61afb161c51582b7298e474aed8f69f611386,7770017980079,Cereal Canela Crunch 7 Cereales Caja X 275G,Descripción:El Cereal de Desayuno Sabor a Canela combina maíz trigo avena soya y quinua para ofrecer una opción nutritiva y deliciosa para el desayuno. Su fórmula aporta proteínas fibra hierro y calcio nutrientes que complementan una alimentación equilibrada y proporcionan energía para las actividades diarias. Contenid,AMARKET,https://amarket.com.bo/collections/lo-nuevo/products/7770017980079,https://amarket.com.bo/cdn/shop/files/7770017980079_1200x1200.jpg?v=1787206046,2026-08-21T01:57:54.507915+00:00,59f35c31-a86c-44d9-adbe-e27e1d03b535,200,image/jpeg,1.0.0,837cf9a9523ea880ad5cf3982a15ea03b3261e45225545df8f30a97d30796ec6,837cf9a9523ea880ad5cf3982a15ea03b3261e45225545df8f30a97d30796ec6,1200,1200,RGB,UNIFORM_RGB,REDISTRIBUTION_PROHIBITED,ACCEPTED,,data\raw\amarket_full\7770017980079_837cf9a9523e.jpg
e8a0a2da9b15594c9bca0224528f46a189fc5ab46098787adfd56f4346a5a864,7908529700155,Ketchup Salsaretti Tradicional X 380G,Ketchup Salsaretti Tradicional X 380G,AMARKET,https://amarket.com.bo/collections/lo-nuevo/products/7908529700155,https://amarket.com.bo/cdn/shop/files/7908529700155_1200x1200.jpg?v=1781936569,2026-08-21T02:20:41.338354+00:00,59f35c31-a86c-44d9-adbe-e27e1d03b535,200,image/jpeg,1.0.0,ba9c192402522611bcbfef85ce5c9b3922487ecb701bd7fea8edaaab6315c763,ba9c192402522611bcbfef85ce5c9b3922487ecb701bd7fea8edaaab6315c763,1200,1200,RGB,UNIFORM_RGB,REDISTRIBUTION_PROHIBITED,ACCEPTED,,data\raw\amarket_full\7908529700155_ba9c19240252.jpg
e95eaf791da14406f8c2b6b74fe19bc82c5a56ae7235a57f879fea49157555f9,4059729522177,Stickers Para Uñas Essence So Cherry Happy,Descripción:Los Stickers Decorativos para Uñas Essence So Cherry Happy son adhesivos para nail art inspirados en la temática de cerezas ideales para personalizar la manicura de forma rápida sencilla y creativa. Sus diseños permiten decorar uñas naturales o artificiales sin necesidad de herramientas especiales logrando,AMARKET,https://amarket.com.bo/collections/lo-nuevo/products/4059729522177,https://amarket.com.bo/cdn/shop/files/4059729522177_1200x1200.jpg?v=1782540598,2026-08-21T01:51:28.437751+00:00,59f35c31-a86c-44d9-adbe-e27e1d03b535,200,image/jpeg,1.0.0,6bf6c2c558f8f5bfca8a2386c364b87222b1d001976fc2e8c5b36f49ad081df8,6bf6c2c558f8f5bfca8a2386c364b87222b1d001976fc2e8c5b36f49ad081df8,1200,1200,RGB,UNIFORM_RGB,REDISTRIBUTION_PROHIBITED,ACCEPTED,,data\raw\amarket_full\4059729522177_6bf6c2c558f8.jpg
ea05cd96b0d40f7ac1dd777f0ed7ee45139e74aae36831c6bfeb3a2dae8161eb,75083113,Desodorante Stick Dove Tono Uniforme Jasmine Raspberry X 45G,Desodorante Stick Dove Tono Uniforme Jasmine Raspberry X 45G,AMARKET,https://amarket.com.bo/collections/lo-nuevo/products/75083113,https://amarket.com.bo/cdn/shop/files/75083113_1200x1200.jpg?v=1787204840,2026-08-21T01:53:47.705007+00:00,59f35c31-a86c-44d9-adbe-e27e1d03b535,200,image/jpeg,1.0.0,51eb556ac45ce85de097babffa7d29bf07d1b72cc9fdd2c8b0788d7a20d68ea0,51eb556ac45ce85de097babffa7d29bf07d1b72cc9fdd2c8b0788d7a20d68ea0,1200,1200,RGB,UNIFORM_RGB,REDISTRIBUTION_PROHIBITED,ACCEPTED,,data\raw\amarket_full\75083113_51eb556ac45c.jpg
ea5685acc323a57080b5ab18627648aa3056b94b10b5547a4ca436eac4593f56,7773401007932,Galleta Cremositas Max Chocolate Vainilla X 36G,Galleta Cremositas Max Chocolate Vainilla X 36G,AMARKET,https://amarket.com.bo/collections/lo-nuevo/products/7773401007932,https://amarket.com.bo/cdn/shop/files/7773401007932_1200x1200.jpg?v=1787206058,2026-08-21T02:03:57.881786+00:00,59f35c31-a86c-44d9-adbe-e27e1d03b535,200,image/jpeg,1.0.0,33395deeef3a49c4c78342ccff63d909f4600424d48eb700429b649a0646b895,33395deeef3a49c4c78342ccff63d909f4600424d48eb700429b649a0646b895,1200,1200,RGB,UNIFORM_RGB,REDISTRIBUTION_PROHIBITED,ACCEPTED,,data\raw\amarket_full\7773401007932_33395deeef3a.jpg
eb8f13e648d80b7735dc3d649196c9c06ee4ddc3ba75cdff07c98dba9c983351,77770950,Cigarrilo Winston Purple Mix X 20 Unidades,Cigarrilo Winston Purple Mix X 20 Unidades,AMARKET,https://amarket.com.bo/collections/lo-nuevo/products/77770950,https://amarket.com.bo/cdn/shop/files/77770950_1200x1200.jpg?v=1787204936,2026-08-21T02:07:01.480865+00:00,59f35c31-a86c-44d9-adbe-e27e1d03b535,200,image/jpeg,1.0.0,0e11a35e7a03e0f81c175a3b41bf4de3a408c1f398a0f20ddefd1207f1b43d10,0e11a35e7a03e0f81c175a3b41bf4de3a408c1f398a0f20ddefd1207f1b43d10,1200,1200,RGB,UNIFORM_RGB,REDISTRIBUTION_PROHIBITED,ACCEPTED,,data\raw\amarket_full\77770950_0e11a35e7a03.jpg
ebf78022b3c15d72e65d9af66578bc0cecaefd139f3faec3cc75293d50f660f7,7772905005369,Café Liofilizado Mónaco Premium Frasco X 200G,Café Liofilizado Mónaco Premium Frasco X 200G,AMARKET,https://amarket.com.bo/collections/lo-nuevo/products/7772905005369,https://amarket.com.bo/cdn/shop/files/7772905005369_1200x1200.jpg?v=1777010061,2026-08-21T02:03:07.507539+00:00,59f35c31-a86c-44d9-adbe-e27e1d03b535,200,image/jpeg,1.0.0,4f9bbc0dee10c212fe4cd09b1f4b3ed96f623549e9983b859abf380923f38262,4f9bbc0dee10c212fe4cd09b1f4b3ed96f623549e9983b859abf380923f38262,1200,1200,RGB,UNIFORM_RGB,REDISTRIBUTION_PROHIBITED,ACCEPTED,,data\raw\amarket_full\7772905005369_4f9bbc0dee10.jpg
ec5da473cc3cd165228790eb333cb3a6e23e42895a6b21fec5b555660132d197,309974677028,Base Para Rostro Revlon Colorstay Ácido Hialurónico Tono 150 Buff,DescripciónLa base de maquillaje de larga duración SPF 20 está diseñada para piel normal a seca ofreciendo un acabado impecable hasta por 24 horas. Enriquecida con ácido hialurónico contribuye a aumentar la hidratación de la piel ayudando a mantenerla suave fresca y con un brillo saludable. Ideal para quienes buscan un,AMARKET,https://amarket.com.bo/collections/lo-nuevo/products/309974677028,https://amarket.com.bo/cdn/shop/files/309974677028_1200x1200.jpg?v=1787204229,2026-08-21T01:49:48.235960+00:00,59f35c31-a86c-44d9-adbe-e27e1d03b535,200,image/jpeg,1.0.0,9f3cf5ecaccaf9ef7df162f8420de91f1b414610c7f4d2a782536b5b8b45e701,9f3cf5ecaccaf9ef7df162f8420de91f1b414610c7f4d2a782536b5b8b45e701,1200,1200,RGB,UNIFORM_RGB,REDISTRIBUTION_PROHIBITED,ACCEPTED,,data\raw\amarket_full\309974677028_9f3cf5ecacca.jpg
ec5ef358d8f699ca8b50cb09b62828c7636b58120aa64c58127f50d84186bc86,7899069400059,Tapetes Higiénicos Procao 80Cmx60cm X 30 Unidades,Descripción:Los Tapetes Higiénicos Procão fueron desarrollados para ofrecer higiene comodidad y practicidad en el cuidado diario de los perros. Su tecnología de 6 capas proporciona una rápida absorción ayuda a neutralizar los olores y evita filtraciones manteniendo el ambiente limpio y seco. El tamaño 80 × 60 cm es ide,AMARKET,https://amarket.com.bo/collections/lo-nuevo/products/7899069400059,https://amarket.com.bo/cdn/shop/files/7899069400059_1200x1200.jpg?v=1784140922,2026-08-21T02:19:45.826766+00:00,59f35c31-a86c-44d9-adbe-e27e1d03b535,200,image/jpeg,1.0.0,d0004b44d5bbdda5c539f7fd06b9f451eb3e26920fbe438aa6202274366df26a,d0004b44d5bbdda5c539f7fd06b9f451eb3e26920fbe438aa6202274366df26a,1200,1200,RGB,UNIFORM_RGB,REDISTRIBUTION_PROHIBITED,ACCEPTED,,data\raw\amarket_full\7899069400059_d0004b44d5bb.jpg
ecacc49fbfd5d92afb811c48156d294916afedc292b14e2c7e0e979d676f9dc1,309971879203,Revlon Kiss Balsamo Para Labios Tono 025 Fresh Strawberry,DescripciónEl Revlon Kiss Bálsamo para Labios combina hidratación color y protección en un solo producto. Su fórmula deja un tinte translúcido y jugoso aportando un acabado natural mientras mantiene los labios suaves y humectados. Enriquecido con aceites naturales de frutas ayuda a brindar confort y suavidad durante el,AMARKET,https://amarket.com.bo/collections/lo-nuevo/products/309971879203,https://amarket.com.bo/cdn/shop/files/309971879203_1200x1200.jpg?v=1775108609,2026-08-21T01:49:23.375345+00:00,59f35c31-a86c-44d9-adbe-e27e1d03b535,200,image/jpeg,1.0.0,337bbfcf8de5e78802474119f616afa46a4ec83e3a41489972b6d75d90085baa,337bbfcf8de5e78802474119f616afa46a4ec83e3a41489972b6d75d90085baa,1200,1200,RGB,UNIFORM_RGB,REDISTRIBUTION_PROHIBITED,ACCEPTED,,data\raw\amarket_full\309971879203_337bbfcf8de5.jpg
ecb31098949923a702fae6db4e31187918b44a1cd4a03280e1f286304beba453,7891150103085,Shampoo Dove Men+Care Protección Anticaspax 400Ml,Descripción:El Shampoo Dove Men+Care Protección Anticaspa está especialmente formulado para hombres que buscan combatir la caspa mientras fortalecen el cabello. Su fórmula con Piritionato de Zinc y Cafeína ayuda a prevenir la descamación visible mejorar la salud del cuero cabelludo y mantener el cabello fuerte resisten,AMARKET,https://amarket.com.bo/collections/lo-nuevo/products/7891150103085,https://amarket.com.bo/cdn/shop/files/7891150103085_1200x1200.jpg?v=1781330267,2026-08-21T02:12:28.824726+00:00,59f35c31-a86c-44d9-adbe-e27e1d03b535,200,image/jpeg,1.0.0,f24957c980a20ff7e8b8e3886caae5ca4e13e41ba47425e354b1f079dad67a14,f24957c980a20ff7e8b8e3886caae5ca4e13e41ba47425e354b1f079dad67a14,1200,1200,RGB,UNIFORM_RGB,REDISTRIBUTION_PROHIBITED,ACCEPTED,,data\raw\amarket_full\7891150103085_f24957c980a2.jpg
ed0669b73987ccd054cc7ab15227476310ae422c6d9c6dbd5c859c6f6110fa11,7770108600152,Azúcar Refinado Aguai X 1.1 Kg,Azúcar Refinado Aguai X 1.1 Kg,AMARKET,https://amarket.com.bo/collections/lo-nuevo/products/7770108600152,https://amarket.com.bo/cdn/shop/files/7770108600152_1200x1200.jpg?v=1787204826,2026-08-21T01:57:58.175434+00:00,59f35c31-a86c-44d9-adbe-e27e1d03b535,200,image/jpeg,1.0.0,cdcedf8fc329357ba2bbdacdf5d39e38f68f06d32edb63288a7d1a421cd7c45b,cdcedf8fc329357ba2bbdacdf5d39e38f68f06d32edb63288a7d1a421cd7c45b,1200,1200,RGB,UNIFORM_RGB,REDISTRIBUTION_PROHIBITED,ACCEPTED,,data\raw\amarket_full\7770108600152_cdcedf8fc329.jpg
ed08424ea67c3f783ac3c54acaf37d69fc485af9ab686844cae0efaa676fa917,7793742108518,Crema Facial Ultra Hidratación Día Y Noche X 50G,Formulada para hidratar en profundidad y prevenir primeros signos de envejecimiento. Textura liviana de rápida absorción.,AMARKET,https://amarket.com.bo/collections/lo-nuevo/products/7793742108518,https://amarket.com.bo/cdn/shop/files/7793742108518_1200x1200.jpg?v=1787205064,2026-08-21T02:09:27.394750+00:00,59f35c31-a86c-44d9-adbe-e27e1d03b535,200,image/jpeg,1.0.0,59e4a4a90196ff0833a5b619d6ddaeb011de8bd7880edf05c233372d7a663519,59e4a4a90196ff0833a5b619d6ddaeb011de8bd7880edf05c233372d7a663519,1200,1200,RGB,UNIFORM_RGB,REDISTRIBUTION_PROHIBITED,ACCEPTED,,data\raw\amarket_full\7793742108518_59e4a4a90196.jpg
ed331d9371f00dd7130f7a1fb9816bf4f973a78d472ed034353304da5ce8949a,7791416001301,Alimento Para Gatos Raza Sabor Pescado X 500G,DescripciónAlimento seco completo y balanceado para gatos adultos con sabor a pescado. Aporta proteínas vitaminas y minerales esenciales para ayudar a mantener su salud energía y bienestar diario.,AMARKET,https://amarket.com.bo/collections/lo-nuevo/products/7791416001301,https://amarket.com.bo/cdn/shop/files/7791416001301_1200x1200.jpg?v=1780120664,2026-08-21T02:08:26.595593+00:00,59f35c31-a86c-44d9-adbe-e27e1d03b535,200,image/jpeg,1.0.0,c530b69b340be0de65124ea0ba93c07173f44c582380f92fc7f1e9ce788cfb65,c530b69b340be0de65124ea0ba93c07173f44c582380f92fc7f1e9ce788cfb65,1200,1200,RGB,UNIFORM_RGB,REDISTRIBUTION_PROHIBITED,ACCEPTED,,data\raw\amarket_full\7791416001301_c530b69b340b.jpg
ed7b3be71488a79fe8e2e8432b284d00deaf3e0441f200d2e9ddd40d95462df5,7891150103139,Shampoo Dove Nutrición+Tri Oleos X 190Ml,Shampoo Dove Nutrición+Tri Oleos X 190Ml,AMARKET,https://amarket.com.bo/collections/lo-nuevo/products/7891150103139,https://amarket.com.bo/cdn/shop/files/7891150103139_1200x1200.jpg?v=1778305964,2026-08-21T02:12:35.690398+00:00,59f35c31-a86c-44d9-adbe-e27e1d03b535,200,image/jpeg,1.0.0,55f5f5d6c7e7a9581eabb3cd2be000102bcb4a4dc6471a8e1f5a2e29a7957c7a,55f5f5d6c7e7a9581eabb3cd2be000102bcb4a4dc6471a8e1f5a2e29a7957c7a,1200,1200,RGB,UNIFORM_RGB,REDISTRIBUTION_PROHIBITED,ACCEPTED,,data\raw\amarket_full\7891150103139_55f5f5d6c7e7.jpg
ef00a75f2fbb08e3f7d2ea7ef88c5908a70ed00c07867ceece75a3e7b80e9a9b,7506306252820,Sérum Corporal Dove Pro Retinol+Tono Uniforme X 200Ml,Descripción:La Crema Corporal Pro-Retinol está formulada para proporcionar hidratación intensa por hasta 48 horas ayudando a mejorar la firmeza y elasticidad de la piel. Su fórmula con Pro-Retinol favorece la renovación de las células superficiales dejando la piel más suave hidratada y con una apariencia más firme con,AMARKET,https://amarket.com.bo/collections/lo-nuevo/products/7506306252820,https://amarket.com.bo/cdn/shop/files/7506306252820_1200x1200.jpg?v=1787205982,2026-08-21T01:53:16.937156+00:00,59f35c31-a86c-44d9-adbe-e27e1d03b535,200,image/jpeg,1.0.0,d49d7ab6a1b3e9cccd3c37c34d5f6535a25beb4743b5095da09e3fe2e0d89c6e,d49d7ab6a1b3e9cccd3c37c34d5f6535a25beb4743b5095da09e3fe2e0d89c6e,1200,1200,RGB,UNIFORM_RGB,REDISTRIBUTION_PROHIBITED,ACCEPTED,,data\raw\amarket_full\7506306252820_d49d7ab6a1b3.jpg
ef6d2accae4abf5bda3f93521be0290532eea6671cbf2d54a827597ba819ce2a,3501115,Collar Mediano Narcissa Surtido,Collar Mediano Narcissa Surtido,AMARKET,https://amarket.com.bo/collections/lo-nuevo/products/3501115,https://amarket.com.bo/cdn/shop/files/3501115_1200x1200.jpg?v=1782712934,2026-08-21T01:50:34.741705+00:00,59f35c31-a86c-44d9-adbe-e27e1d03b535,200,image/jpeg,1.0.0,63455251accaffa8b0e7f30044536a3afc42be450c8f1f923a48849bdb64ac81,63455251accaffa8b0e7f30044536a3afc42be450c8f1f923a48849bdb64ac81,1200,1200,RGB,UNIFORM_RGB,REDISTRIBUTION_PROHIBITED,ACCEPTED,,data\raw\amarket_full\3501115_63455251acca.jpg
ef8dc28a05b8c7aca94acd6135bdcdab2c09f34cae4b3725ce190ec3ee5bc1d6,7770017260348,Mantequilla De Mani Tacker Crocante X 360G,Mantequilla De Mani Tacker Crocante X 360G,AMARKET,https://amarket.com.bo/collections/lo-nuevo/products/7770017260348,https://amarket.com.bo/cdn/shop/files/7770017260348_1200x1200.jpg?v=1787205214,2026-08-21T01:57:29.787160+00:00,59f35c31-a86c-44d9-adbe-e27e1d03b535,200,image/jpeg,1.0.0,de926333762189fd0c77a8ef067baacd892d4a77a3e4d70a56c77c2f04fd6e77,de926333762189fd0c77a8ef067baacd892d4a77a3e4d70a56c77c2f04fd6e77,1200,1200,RGB,UNIFORM_RGB,REDISTRIBUTION_PROHIBITED,ACCEPTED,,data\raw\amarket_full\7770017260348_de9263337621.jpg
eff06308b4dcbbe3cf11a085614424575fe67f8834fbe4d331efad924267d791,7773431000286,Pan Molde Blanco Vikinger X 550G,DescripciónEl Pan Molde Blanco Vikinger es un pan suave y esponjoso ideal para preparar sándwiches tostadas y acompañar tus comidas diarias. Su textura ligera y sabor clásico lo hacen práctico para el consumo familiar. Presentación de 550 g.,AMARKET,https://amarket.com.bo/collections/lo-nuevo/products/7773431000286,https://amarket.com.bo/cdn/shop/files/7773431000286_1200x1200.jpg?v=1787203269,2026-08-21T02:04:19.497980+00:00,59f35c31-a86c-44d9-adbe-e27e1d03b535,200,image/jpeg,1.0.0,90111bd503957db7b3e8e28738341de7b3513040a8916b972e311d1c0e9414d0,90111bd503957db7b3e8e28738341de7b3513040a8916b972e311d1c0e9414d0,1200,1200,RGB,UNIFORM_RGB,REDISTRIBUTION_PROHIBITED,ACCEPTED,,data\raw\amarket_full\7773431000286_90111bd50395.jpg
f00ae78b290434b9d88335b921cd70c0f6b44ce16bbcebe95c67b50b65e7b697,309970211738,Revlon Colorstay Mascara Full Time Tono 411 Blackest Black,DescripciónLa Revlon Colorstay Mascara Full Time Tono 411 Blackest Black está diseñada para ofrecer pestañas con volumen natural y duración de hasta 24 horas sin descamarse. Su fórmula flexible con Tecnología Doble Escudo ayuda a proteger contra el aceite el sudor y las lágrimas manteniendo el maquillaje intacto por má,AMARKET,https://amarket.com.bo/collections/lo-nuevo/products/309970211738,https://amarket.com.bo/cdn/shop/files/309970211738_1200x1200.jpg?v=1787204223,2026-08-21T01:49:16.411108+00:00,59f35c31-a86c-44d9-adbe-e27e1d03b535,200,image/jpeg,1.0.0,ec2f68d0ea6f930125b3a2521191536aa443920c4e0ccbacfb06637f354c1f31,ec2f68d0ea6f930125b3a2521191536aa443920c4e0ccbacfb06637f354c1f31,1200,1200,RGB,UNIFORM_RGB,REDISTRIBUTION_PROHIBITED,ACCEPTED,,data\raw\amarket_full\309970211738_ec2f68d0ea6f.jpg
f0101ded5167fb0369ecd6d7ecda4ebeb4e5cec434121c88592c3ac0b3ed09a6,7506306256927,Desodorante Axe Spray White Vetiver X 150Ml,Desodorante Axe Spray White Vetiver X 150Ml,AMARKET,https://amarket.com.bo/collections/lo-nuevo/products/7506306256927,https://amarket.com.bo/cdn/shop/files/7506306256927_1200x1200.jpg?v=1778305954,2026-08-21T01:53:33.958018+00:00,59f35c31-a86c-44d9-adbe-e27e1d03b535,200,image/jpeg,1.0.0,593f94d05c8b47fd0b0af9355b070e1a5c580268acc0caa2f1fe3c63a10ed23a,593f94d05c8b47fd0b0af9355b070e1a5c580268acc0caa2f1fe3c63a10ed23a,1200,1200,RGB,UNIFORM_RGB,REDISTRIBUTION_PROHIBITED,ACCEPTED,,data\raw\amarket_full\7506306256927_593f94d05c8b.jpg
f02ad30f3573e6d734e4b9af49df5e8eb8cbda9ef0dcaba83247d2c173e9c8c6,0799192522888,Papa Nax Fritas Sabor Churrasco X 110G,Papa Nax Fritas Sabor Churrasco X 110G,AMARKET,https://amarket.com.bo/collections/lo-nuevo/products/0799192522888,https://amarket.com.bo/cdn/shop/files/0799192522888_1200x1200.jpg?v=1777442077,2026-08-21T01:48:05.036718+00:00,59f35c31-a86c-44d9-adbe-e27e1d03b535,200,image/jpeg,1.0.0,e5abfed95e7b54844b1651817cfa3803af755372a19d39ed23ff670c6bf6c59e,e5abfed95e7b54844b1651817cfa3803af755372a19d39ed23ff670c6bf6c59e,1200,1200,RGB,UNIFORM_RGB,REDISTRIBUTION_PROHIBITED,ACCEPTED,,data\raw\amarket_full\0799192522888_e5abfed95e7b.jpg
f031131dd738ea1bf7ac38c729aacdcba323778bfcf81374fc8a9b345bb4bfb6,7898930142678,Salsa Tomate Salsaretti Para Pizza X 300G,Salsa Tomate Salsaretti Para Pizza X 300G,AMARKET,https://amarket.com.bo/collections/lo-nuevo/products/7898930142678,https://amarket.com.bo/cdn/shop/files/7898930142678_1200x1200.jpg?v=1781936572,2026-08-21T02:19:35.879234+00:00,59f35c31-a86c-44d9-adbe-e27e1d03b535,200,image/jpeg,1.0.0,71a532a6e6464b21aef7fa8c9a4caa4b4282de6a2b85a43504474b703232de8e,71a532a6e6464b21aef7fa8c9a4caa4b4282de6a2b85a43504474b703232de8e,1200,1200,RGB,UNIFORM_RGB,REDISTRIBUTION_PROHIBITED,ACCEPTED,,data\raw\amarket_full\7898930142678_71a532a6e646.jpg
f154d49974dd383ab78a7df487855d34a1fc4a202810c267adba2838cec95f40,7774904460293,Jugo Tampico Citrus Punch X 500Ml,Bebida refrescante Tampico Sabor Naranja Mandarina y Limón.,AMARKET,https://amarket.com.bo/collections/lo-nuevo/products/7774904460293,https://amarket.com.bo/cdn/shop/files/7774904460293_1200x1200.jpg?v=1787204871,2026-08-21T02:06:58.016775+00:00,59f35c31-a86c-44d9-adbe-e27e1d03b535,200,image/jpeg,1.0.0,2f3e530fb0aafa53cebf30a1858295b8aa9c9efd3a2a10f60b9c7e474ef6b3db,2f3e530fb0aafa53cebf30a1858295b8aa9c9efd3a2a10f60b9c7e474ef6b3db,1200,1200,RGB,UNIFORM_RGB,REDISTRIBUTION_PROHIBITED,ACCEPTED,,data\raw\amarket_full\7774904460293_2f3e530fb0aa.jpg
f1acd2e6f6a6dfa2c0e818e94f9315df89f9d2f4cbd777e96ce3dc0fd28d52da,7896058502992,Caramelos Hortela Dori Mint Rellenos X 500G,Caramelos Hortela Dori Mint Rellenos X 500G,AMARKET,https://amarket.com.bo/collections/lo-nuevo/products/7896058502992,https://amarket.com.bo/cdn/shop/files/7896058502992_1200x1200.jpg?v=1787205791,2026-08-21T02:13:59.695957+00:00,59f35c31-a86c-44d9-adbe-e27e1d03b535,200,image/jpeg,1.0.0,21b9915cc640f362ca80d625966e07f8eb571930af80146a851463bb752e10fc,21b9915cc640f362ca80d625966e07f8eb571930af80146a851463bb752e10fc,1200,1200,RGB,UNIFORM_RGB,REDISTRIBUTION_PROHIBITED,ACCEPTED,,data\raw\amarket_full\7896058502992_21b9915cc640.jpg
f217256afacfe82dc2c3ddf2e87b8787855b13f42b304fabb71f8fd28fd5c3af,7896451910271,Gomitas Docile Gelatines Tenis X 80G,Gomitas Docile Gelatines Tenis X 80G,AMARKET,https://amarket.com.bo/collections/lo-nuevo/products/7896451910271,https://amarket.com.bo/cdn/shop/files/7896451910271_1200x1200.jpg?v=1787205106,2026-08-21T02:16:55.228444+00:00,59f35c31-a86c-44d9-adbe-e27e1d03b535,200,image/jpeg,1.0.0,223bea0b97d47e8a25ee097925658f9506203ad36ba0dd542be2292961f5fe5a,223bea0b97d47e8a25ee097925658f9506203ad36ba0dd542be2292961f5fe5a,1200,1200,RGB,UNIFORM_RGB,REDISTRIBUTION_PROHIBITED,ACCEPTED,,data\raw\amarket_full\7896451910271_223bea0b97d4.jpg
f255ea0e88532fe9fee04219857db85ef7462ebdf05f014a20aac158e537840e,7771260760050,Jugo De La Granja Sabor Naranja  X 300 Ml,Jugo De La Granja Sabor Naranja X 300 Ml,AMARKET,https://amarket.com.bo/collections/lo-nuevo/products/7771260760050,https://amarket.com.bo/cdn/shop/files/7771260760050_1200x1200.jpg?v=1787204241,2026-08-21T02:01:18.445603+00:00,59f35c31-a86c-44d9-adbe-e27e1d03b535,200,image/jpeg,1.0.0,16ea760fcb8df0284c312dd9c03e730482ee64dfbaf252c9be8749249eca43ad,16ea760fcb8df0284c312dd9c03e730482ee64dfbaf252c9be8749249eca43ad,1200,1200,RGB,UNIFORM_RGB,REDISTRIBUTION_PROHIBITED,ACCEPTED,,data\raw\amarket_full\7771260760050_16ea760fcb8d.jpg
f31365de4afa4b7320e1dc8f903bf76ec307ab0e5034088ead85c11b7bf864a9,7798178801897,Malvaviscos Buffys Corazón Sabor Fresa Bolsa X 125G,Malvaviscos Buffys Corazón Sabor Fresa Bolsa X 125G,AMARKET,https://amarket.com.bo/collections/lo-nuevo/products/7798178801897,https://amarket.com.bo/cdn/shop/files/7798178801897_1200x1200.jpg?v=1783404797,2026-08-21T02:10:09.824098+00:00,59f35c31-a86c-44d9-adbe-e27e1d03b535,200,image/jpeg,1.0.0,f8faea1030fe908718d6591c6fe2001580f238c79a3f5da54290e7710b1f9c33,f8faea1030fe908718d6591c6fe2001580f238c79a3f5da54290e7710b1f9c33,1200,1200,RGB,UNIFORM_RGB,REDISTRIBUTION_PROHIBITED,ACCEPTED,,data\raw\amarket_full\7798178801897_f8faea1030fe.jpg
f313682457de711615ead4bb76f8c94da3481addf2bde0d41c1efa2410d72a16,7770109740031,Jengibre En Polvo Condimento Bolivia X 50G,Descripción:El Jengibre en Polvo Condimentos Bolivia 50 g es una especia obtenida de la raíz de jengibre deshidratada y molida utilizada en la cocina para aportar aroma y sabor característico a diferentes preparaciones. Puede incorporarse en recetas dulces o saladas así como en bebidas o infusiones. Presentación de 50,AMARKET,https://amarket.com.bo/collections/lo-nuevo/products/7770109740031,https://amarket.com.bo/cdn/shop/files/7770109740031_1200x1200.jpg?v=1787203493,2026-08-21T01:58:41.164058+00:00,59f35c31-a86c-44d9-adbe-e27e1d03b535,200,image/jpeg,1.0.0,0a802fe785f5948a1af6cae335f4ba9b5d8370fc06e7bd5e747b9373fdd603a3,0a802fe785f5948a1af6cae335f4ba9b5d8370fc06e7bd5e747b9373fdd603a3,1200,1200,RGB,UNIFORM_RGB,REDISTRIBUTION_PROHIBITED,ACCEPTED,,data\raw\amarket_full\7770109740031_0a802fe785f5.jpg
f3c6244d4e8cb42b0e61b92407af0bfeaf7aa885230c39a4ed23ce33fe0268da,7790580151713,Gomitas Mogul Dientes X 80G,Gomitas Mogul Dientes X 80G,AMARKET,https://amarket.com.bo/collections/lo-nuevo/products/7790580151713,https://amarket.com.bo/cdn/shop/files/7790580151713_1200x1200.jpg?v=1787205465,2026-08-21T02:07:56.082801+00:00,59f35c31-a86c-44d9-adbe-e27e1d03b535,200,image/jpeg,1.0.0,a2bf2f8144470799548c7299b2d354232a86426a74495ad0708f4a7ec12db068,a2bf2f8144470799548c7299b2d354232a86426a74495ad0708f4a7ec12db068,1200,1200,RGB,UNIFORM_RGB,REDISTRIBUTION_PROHIBITED,ACCEPTED,,data\raw\amarket_full\7790580151713_a2bf2f814447.jpg
f45ac1ad8f2452b3f06423a9cc625b90da83acf3283f69c1fca81047536f71f6,7506306252875,Sérum Corporal Dove Niacinamida+Tono Uniforme X 400Ml,Descripción:La Crema Corporal con Niacinamida está formulada para brindar hidratación intensa por hasta 48 horas mientras ayuda a mejorar la apariencia del tono de la piel. Su fórmula enriquecida con niacinamida un ingrediente reconocido por sus propiedades antioxidantes contribuye a reducir visiblemente la apariencia,AMARKET,https://amarket.com.bo/collections/lo-nuevo/products/7506306252875,https://amarket.com.bo/cdn/shop/files/7506306252875_1200x1200.jpg?v=1787205983,2026-08-21T01:53:23.717130+00:00,59f35c31-a86c-44d9-adbe-e27e1d03b535,200,image/jpeg,1.0.0,bf07d98eaa420d35205351a107b9c10f5601d9598c2dcf5c0ea81b25722e9e06,bf07d98eaa420d35205351a107b9c10f5601d9598c2dcf5c0ea81b25722e9e06,1200,1200,RGB,UNIFORM_RGB,REDISTRIBUTION_PROHIBITED,ACCEPTED,,data\raw\amarket_full\7506306252875_bf07d98eaa42.jpg
f46e8a2ad48361adb9bf45018c8979eb3a94733ae11e0bcfdd5887dd5ba4eb52,7891150101784,Serum Capilar Sedal Toque De Seda Amino-Silk  X 100Ml,Serum Capilar Sedal Toque De Seda Amino-Silk X 100Ml,AMARKET,https://amarket.com.bo/collections/lo-nuevo/products/7891150101784,https://amarket.com.bo/cdn/shop/files/7891150101784_1200x1200.jpg?v=1787204845,2026-08-21T02:12:14.912738+00:00,59f35c31-a86c-44d9-adbe-e27e1d03b535,200,image/jpeg,1.0.0,18e0880cf1c487525e8ffdd03477d9ddd3baf8f6225b4434cf6df8912a08772e,18e0880cf1c487525e8ffdd03477d9ddd3baf8f6225b4434cf6df8912a08772e,1200,1200,RGB,UNIFORM_RGB,REDISTRIBUTION_PROHIBITED,ACCEPTED,,data\raw\amarket_full\7891150101784_18e0880cf1c4.jpg
f489e052684c87f9ab49c4d0d18cfcc8cbb701088b78d7455aff42ca813fa3bd,7899808802823,Bowl Gourmet 360 Plasutil Con Tapa Blanco X 310Ml,Bowl Gourmet 360 Plasutil Con Tapa Blanco X 310Ml,AMARKET,https://amarket.com.bo/collections/lo-nuevo/products/7899808802823,https://amarket.com.bo/cdn/shop/files/7899808802823_1200x1200.jpg?v=1787204077,2026-08-21T02:20:11.531855+00:00,59f35c31-a86c-44d9-adbe-e27e1d03b535,200,image/jpeg,1.0.0,d033ed944853e3c7f5c886b15ba75afbc1d59109661bc178b8e4a8c857f49203,d033ed944853e3c7f5c886b15ba75afbc1d59109661bc178b8e4a8c857f49203,1200,1200,RGB,UNIFORM_RGB,REDISTRIBUTION_PROHIBITED,ACCEPTED,,data\raw\amarket_full\7899808802823_d033ed944853.jpg
f555e8ead755b4601c3318eba2bd54c9e7cd5ea4a5f37c7fd83f5a7145d372d2,7774904408448,Suavizante Todo Brillo Plus Mágica Armonía X 1.7L,Suavizante Todo Brillo Plus Mágica Armonía X 1.7L,AMARKET,https://amarket.com.bo/collections/lo-nuevo/products/7774904408448,https://amarket.com.bo/cdn/shop/files/7774904408448_1200x1200.jpg?v=1779486303,2026-08-21T02:06:22.960677+00:00,59f35c31-a86c-44d9-adbe-e27e1d03b535,200,image/jpeg,1.0.0,4a22a5f77854c95e0c39539caba1d328054ecdfd8235ad9050b5f45a9098f08a,4a22a5f77854c95e0c39539caba1d328054ecdfd8235ad9050b5f45a9098f08a,1200,1200,RGB,UNIFORM_RGB,REDISTRIBUTION_PROHIBITED,ACCEPTED,,data\raw\amarket_full\7774904408448_4a22a5f77854.jpg
f581bc157413756542f383dbfa62cd0dbd5ef122382cbf16deb5c4ddd5c22d25,7773400003997,Galleta Integral La Francesa Salvado Natural X 500G,Galleta Integral La Francesa Salvado Natural X 500G,AMARKET,https://amarket.com.bo/collections/lo-nuevo/products/7773400003997,https://amarket.com.bo/cdn/shop/files/7773400003997_1200x1200.jpg?v=1782972479,2026-08-21T02:03:36.197154+00:00,59f35c31-a86c-44d9-adbe-e27e1d03b535,200,image/jpeg,1.0.0,9470eac02d5aa2b04a510526c16f54d219f43a9af20be1a0f466ab5a36e81f96,9470eac02d5aa2b04a510526c16f54d219f43a9af20be1a0f466ab5a36e81f96,1200,1200,RGB,UNIFORM_RGB,REDISTRIBUTION_PROHIBITED,ACCEPTED,,data\raw\amarket_full\7773400003997_9470eac02d5a.jpg
f5d2ce3fbca1a634ca171777c657f23b96af20cac506da49b4f60438cbb8312b,7798178800746,Malvaviscos Buffys Corazón Sabor Fresa Bolsa X 200G,Malvaviscos Buffys Corazón Sabor Fresa Bolsa X 200G,AMARKET,https://amarket.com.bo/collections/lo-nuevo/products/7798178800746,https://amarket.com.bo/cdn/shop/files/7798178800746_1200x1200.jpg?v=1787205902,2026-08-21T02:09:48.530870+00:00,59f35c31-a86c-44d9-adbe-e27e1d03b535,200,image/jpeg,1.0.0,92eeef202d44e742a35a882f13ec37c62f92f52fc400fb44f4e15fcf52797f81,92eeef202d44e742a35a882f13ec37c62f92f52fc400fb44f4e15fcf52797f81,1200,1200,RGB,UNIFORM_RGB,REDISTRIBUTION_PROHIBITED,ACCEPTED,,data\raw\amarket_full\7798178800746_92eeef202d44.jpg
f5e592305929102447e30e02372749f8a9da7990cd2bc0a806794a63da77e5c5,7771612001350,Pack Vino Campos De Solana Innovante Marselan 2X750ml,"Conforme a la Ley N.° 259, la venta de bebidas alcohólicas está restringida entre las 03:00 am y las 09:00 am. Los pedidos realizados durante ese horario se despacharán a partir de las 09:00 amCaracterísticas Marca: Campos de Solana. Línea: Innovante. Variedad: Marselan. Contenido: 2 botellas de 750 ml. Tipo: Vino tint",AMARKET,https://amarket.com.bo/collections/lo-nuevo/products/7771612001350,https://amarket.com.bo/cdn/shop/files/7771612001350_1200x1200.jpg?v=1777614626,2026-08-21T02:01:54.069777+00:00,59f35c31-a86c-44d9-adbe-e27e1d03b535,200,image/jpeg,1.0.0,9b54bbb1aeeef0f9ec4429ec9aa9be70a1da530d6db5f4da2dccf5f854c80543,9b54bbb1aeeef0f9ec4429ec9aa9be70a1da530d6db5f4da2dccf5f854c80543,1200,1200,RGB,UNIFORM_RGB,REDISTRIBUTION_PROHIBITED,ACCEPTED,,data\raw\amarket_full\7771612001350_9b54bbb1aeee.jpg
f666cc79c921d8cd475aca97e27ff0ccaae8e20f682d6bb4eb7e2b9f742e9fb4,7503037746116,Refresco En Polvo Zuko Sabor Manzana X 13G,Mezcla en polvo para preparar bebida instantánea sabor a manzana.,AMARKET,https://amarket.com.bo/collections/lo-nuevo/products/7503037746116,https://amarket.com.bo/cdn/shop/files/7503037746116_1200x1200.jpg?v=1778305937,2026-08-21T01:52:55.501316+00:00,59f35c31-a86c-44d9-adbe-e27e1d03b535,200,image/jpeg,1.0.0,a5d61d2c822bcee71cdcac2d65e8ddf9fdafa7076849107c46b3c10219d763c6,a5d61d2c822bcee71cdcac2d65e8ddf9fdafa7076849107c46b3c10219d763c6,1200,1200,RGB,UNIFORM_RGB,REDISTRIBUTION_PROHIBITED,ACCEPTED,,data\raw\amarket_full\7503037746116_a5d61d2c822b.jpg
f6b1adad8ab7b807d9430bd9b92e312df0ed8a45320dba9d486e6482c301b684,7798186033570,Marshmallow Gongys Sabor Frutilla X 28G,Marshmallow Gongys Sabor Frutilla X 28G,AMARKET,https://amarket.com.bo/collections/lo-nuevo/products/7798186033570,https://amarket.com.bo/cdn/shop/files/7798186033570_1200x1200.jpg?v=1787204494,2026-08-21T02:10:34.205650+00:00,59f35c31-a86c-44d9-adbe-e27e1d03b535,200,image/jpeg,1.0.0,0cf45386fb3ba651866202c70d8606cd61f6b0efd969f9058e4a8b1974286d9e,0cf45386fb3ba651866202c70d8606cd61f6b0efd969f9058e4a8b1974286d9e,1200,1200,RGB,UNIFORM_RGB,REDISTRIBUTION_PROHIBITED,ACCEPTED,,data\raw\amarket_full\7798186033570_0cf45386fb3b.jpg
f8267a9b5b422c1875ba6f0db559cf181d17f573abdff97b1cac58063b8424a2,8901023025068,Aromatizante Ambiental Aer Power Berry Vibrante X 10G,Descripción:El Aromatizante Ambiental Aer Power Berry Vibrante 10 g es un ambientador diseñado para perfumar espacios interiores con una fragancia frutal inspirada en el Berry. Su formato compacto permite colocarlo fácilmente en diferentes ambientes como habitaciones baños u oficinas ayudando a mantener un entorno con,AMARKET,https://amarket.com.bo/collections/lo-nuevo/products/8901023025068,https://amarket.com.bo/cdn/shop/files/8901023025068_1200x1200.jpg?v=1787203724,2026-08-21T02:21:50.686865+00:00,59f35c31-a86c-44d9-adbe-e27e1d03b535,200,image/jpeg,1.0.0,ac7f5d9213ca194a07e40223649a431194a367424675757bb29635a8768c2196,ac7f5d9213ca194a07e40223649a431194a367424675757bb29635a8768c2196,1200,1200,RGB,UNIFORM_RGB,REDISTRIBUTION_PROHIBITED,ACCEPTED,,data\raw\amarket_full\8901023025068_ac7f5d9213ca.jpg
f84fcbe10c15e0f13d1eb20a6f2baa8936e8052115b453cad997bf275eefbc9e,7841503002305,Galletas Mazzei Con Avena Y Canela Sin Azúcar X 105G,Galletas Mazzei Con Avena Y Canela Sin Azúcar X 105G,AMARKET,https://amarket.com.bo/collections/lo-nuevo/products/7841503002305,https://amarket.com.bo/cdn/shop/files/7841503002305_1200x1200.jpg?v=1779256516,2026-08-21T02:11:23.207755+00:00,59f35c31-a86c-44d9-adbe-e27e1d03b535,200,image/jpeg,1.0.0,5ddf464c7905507c7e9aeabc4d503da377788964f1479293631aa76a5ae224e3,5ddf464c7905507c7e9aeabc4d503da377788964f1479293631aa76a5ae224e3,1200,1200,RGB,UNIFORM_RGB,REDISTRIBUTION_PROHIBITED,ACCEPTED,,data\raw\amarket_full\7841503002305_5ddf464c7905.jpg
f8a6bbc1125fdad4a9e531eaee3c864194e8b50d23417d3a692ff83ec1e6dec2,7896031230966,Viandada Fiambre Bordon Lata X 320G,DescripciónLa Viandada Fiambre Bordon 320 g es un alimento enlatado listo para consumir ideal para quienes buscan una opción práctica y versátil en su día a día. Su formato permite conservar el producto por más tiempo manteniendo su calidad. Perfecto para preparar sándwiches acompañar comidas o como opción rápida en cu,AMARKET,https://amarket.com.bo/collections/lo-nuevo/products/7896031230966,https://amarket.com.bo/cdn/shop/files/7896031230966_1200x1200.jpg?v=1775627536,2026-08-21T02:13:29.642388+00:00,59f35c31-a86c-44d9-adbe-e27e1d03b535,200,image/jpeg,1.0.0,726fca30522941c1dc134c6d1832604efcc0de5a2ca7fba93030890841c81ac2,726fca30522941c1dc134c6d1832604efcc0de5a2ca7fba93030890841c81ac2,1200,1200,RGB,UNIFORM_RGB,REDISTRIBUTION_PROHIBITED,ACCEPTED,,data\raw\amarket_full\7896031230966_726fca305229.jpg
f9f7f0e4aeb6ac8f99483b0b940177a5bc159bc405a03fc3b3eb7d5c9259292b,7896023017919,Vino Espumante Salton Moscato Rose X 750Ml,"Conforme a la Ley N.° 259, la venta de bebidas alcohólicas está restringida entre las 03:00 am y las 09:00 am. Los pedidos realizados durante ese horario se despacharán a partir de las 09:00 amDescripción:El Vino Espumante Salton Moscato Rosé 750 ml es un espumante elaborado con uvas Moscato caracterizado por su color",AMARKET,https://amarket.com.bo/collections/lo-nuevo/products/7896023017919,https://amarket.com.bo/cdn/shop/files/7896023017919_1200x1200.jpg?v=1787203493,2026-08-21T02:13:19.502734+00:00,59f35c31-a86c-44d9-adbe-e27e1d03b535,200,image/jpeg,1.0.0,3609683d7dd1d5158ecbd9112e078cdc9f57358161952fb64dbf43510c4dd82b,3609683d7dd1d5158ecbd9112e078cdc9f57358161952fb64dbf43510c4dd82b,1200,1200,RGB,UNIFORM_RGB,REDISTRIBUTION_PROHIBITED,ACCEPTED,,data\raw\amarket_full\7896023017919_3609683d7dd1.jpg
fa5c5c8157c537056b5edb654d4a804a62080e6dba80fea876364f8c796cad2a,9000968,Vasos Multiusos Plásticos Carmen De 250Ml X 100 Unidades,DescripciónLos Vasos Multiusos Plásticos Carmen de 250 ml (100 unidades) son vasos desechables diseñados para servir bebidas frías en diferentes ocasiones. Su material plástico ligero y resistente los hace prácticos para eventos reuniones celebraciones o uso diario permitiendo una solución rápida y funcional para el se,AMARKET,https://amarket.com.bo/collections/lo-nuevo/products/9000968,https://amarket.com.bo/cdn/shop/files/9000968_1200x1200.jpg?v=1773466451,2026-08-21T02:22:32.741957+00:00,59f35c31-a86c-44d9-adbe-e27e1d03b535,200,image/jpeg,1.0.0,a607d2d0d5320742f2daaad0aa6182b6bf649b4edc9d6329b0fea80bf586e995,a607d2d0d5320742f2daaad0aa6182b6bf649b4edc9d6329b0fea80bf586e995,1200,1200,RGB,UNIFORM_RGB,REDISTRIBUTION_PROHIBITED,ACCEPTED,,data\raw\amarket_full\9000968_a607d2d0d532.jpg
fb085c1d29068785aef85bfdcba4472c4ad041e7f73e184e104935c0ac29ada6,7891150101647,Mascara Capilar Sedal Toque Seda Amino-Silk X 300G,Mascara Capilar Sedal Toque Seda Amino-Silk X 300G,AMARKET,https://amarket.com.bo/collections/lo-nuevo/products/7891150101647,https://amarket.com.bo/cdn/shop/files/7891150101647_1200x1200.jpg?v=1787204845,2026-08-21T02:12:04.265686+00:00,59f35c31-a86c-44d9-adbe-e27e1d03b535,200,image/jpeg,1.0.0,28980d1bcb647d2e66a826fe491b12cd7c8e4bfcc2e490ef1173b9e7c6111161,28980d1bcb647d2e66a826fe491b12cd7c8e4bfcc2e490ef1173b9e7c6111161,1200,1200,RGB,UNIFORM_RGB,REDISTRIBUTION_PROHIBITED,ACCEPTED,,data\raw\amarket_full\7891150101647_28980d1bcb64.jpg
fbd58193a292f761c1733adba3323b619fcc62e01b4d916caa932edcd261ab2d,650240077531,Crema Facial Teatrical Células Madre Y Arroz Coreana X 200G,Descripción:La Crema Facial Teatrical Coreana Células Madre y Arroz 200 g está formulada para brindar hidratación suavidad y luminosidad a la piel. Inspirada en el efecto de la piel coreana combina células madre de la flor Buddleja davidii y extracto de arroz ayudando a mejorar la apariencia del tono uniforme de la pie,AMARKET,https://amarket.com.bo/collections/lo-nuevo/products/650240077531,https://amarket.com.bo/cdn/shop/files/650240077531_1200x1200.jpg?v=1787205788,2026-08-21T01:51:44.966153+00:00,59f35c31-a86c-44d9-adbe-e27e1d03b535,200,image/jpeg,1.0.0,ffa55f1830a9b3fd2696a993c6463921c5214cc152cf183b4c82a059ae108816,ffa55f1830a9b3fd2696a993c6463921c5214cc152cf183b4c82a059ae108816,1200,1200,RGB,UNIFORM_RGB,REDISTRIBUTION_PROHIBITED,ACCEPTED,,data\raw\amarket_full\650240077531_ffa55f1830a9.jpg
fc51cc21a2b1468298113f997ea62846f796ea7f81177f2edf79596eba8f8dca,7770017260331,Mantequilla Mani Tacker Cremosa X 360G,Mantequilla Mani Tacker Cremosa X 360G,AMARKET,https://amarket.com.bo/collections/lo-nuevo/products/7770017260331,https://amarket.com.bo/cdn/shop/files/7770017260331_1200x1200.jpg?v=1781936566,2026-08-21T01:57:26.460929+00:00,59f35c31-a86c-44d9-adbe-e27e1d03b535,200,image/jpeg,1.0.0,800ffd498083655e6b6dc876da0bb8a67a6e937b615ffac748d507358f107835,800ffd498083655e6b6dc876da0bb8a67a6e937b615ffac748d507358f107835,1200,1200,RGB,UNIFORM_RGB,REDISTRIBUTION_PROHIBITED,ACCEPTED,,data\raw\amarket_full\7770017260331_800ffd498083.jpg
fc81f54da31a0949e04c38d530aa1c493453baf783f042e1dff58918ade4a406,887961274394,Maracas De Animalitos Fisher Price 6M+,Maracas De Animalitos Fisher Price 6M+,AMARKET,https://amarket.com.bo/collections/lo-nuevo/products/887961274394,https://amarket.com.bo/cdn/shop/files/887961274394_1200x1200.jpg?v=1787204272,2026-08-21T02:21:47.292593+00:00,59f35c31-a86c-44d9-adbe-e27e1d03b535,200,image/jpeg,1.0.0,a825a314637c53b20b6aeb8f3334ce2f200d6dbcf7949f2c4daa9fb1e703f91b,a825a314637c53b20b6aeb8f3334ce2f200d6dbcf7949f2c4daa9fb1e703f91b,1200,1200,RGB,UNIFORM_RGB,REDISTRIBUTION_PROHIBITED,ACCEPTED,,data\raw\amarket_full\887961274394_a825a314637c.jpg
fce0b01c1ab565b51de1beb26b7b610cd47e56b898173de136cd912630696e32,7771228000570,Aceite De Oliva Campo Verde Virgen Extra X 500Ml,Aceite De Oliva Campo Verde Virgen Extra X 500Ml,AMARKET,https://amarket.com.bo/collections/lo-nuevo/products/7771228000570,https://amarket.com.bo/cdn/shop/files/7771228000570_1200x1200.jpg?v=1773985042,2026-08-21T01:59:55.074279+00:00,59f35c31-a86c-44d9-adbe-e27e1d03b535,200,image/jpeg,1.0.0,05d291e54cd2dfa71751fde5a9c6f704bff96b7b6ef66e300c36974c3de215bf,05d291e54cd2dfa71751fde5a9c6f704bff96b7b6ef66e300c36974c3de215bf,1200,1200,RGB,UNIFORM_RGB,REDISTRIBUTION_PROHIBITED,ACCEPTED,,data\raw\amarket_full\7771228000570_05d291e54cd2.jpg
fd03c5ab37e364761516bf7034a2b51f412404f6fd0a428dd6094ad0b38bca01,309975424034,Polvo Compacto Revlon Colorstay Para Rostro Tono 830 Light Medium,DescripciónEl Revlon ColorStay Pressed Powder Tono 830 Light Medium es un polvo compacto para rostro diseñado para ofrecer un acabado uniforme natural y de larga duración. Su fórmula ColorStay ayuda a minimizar el brillo sin resecar ni agrietar la piel proporcionando un look impecable hasta por 16 horas. Ideal para sel,AMARKET,https://amarket.com.bo/collections/lo-nuevo/products/309975424034,https://amarket.com.bo/cdn/shop/files/309975424034_1200x1200.jpg?v=1775108622,2026-08-21T01:50:09.860851+00:00,59f35c31-a86c-44d9-adbe-e27e1d03b535,200,image/jpeg,1.0.0,6d57c60acbf7d5aafa5d14ef0db319650e85b13577022873f322df08dd84716f,6d57c60acbf7d5aafa5d14ef0db319650e85b13577022873f322df08dd84716f,1200,1200,RGB,UNIFORM_RGB,REDISTRIBUTION_PROHIBITED,ACCEPTED,,data\raw\amarket_full\309975424034_6d57c60acbf7.jpg
fd949f22f6ae378f957c2323f4f64cfdcb73cb7114d3a901880beb6afd5e4925,7750243086394,Detergente Uno En Polvo Paraiso Tropical X 4.7Kg,Detergente Uno En Polvo Paraiso Tropical X 4.7Kg,AMARKET,https://amarket.com.bo/collections/lo-nuevo/products/7750243086394,https://amarket.com.bo/cdn/shop/files/7750243086394_1200x1200.jpg?v=1787205065,2026-08-21T01:56:44.350278+00:00,59f35c31-a86c-44d9-adbe-e27e1d03b535,200,image/jpeg,1.0.0,9039449a3bb25b975488779d4378e175bac9e37d670a763d38526dc542930ab9,9039449a3bb25b975488779d4378e175bac9e37d670a763d38526dc542930ab9,1200,1200,RGB,UNIFORM_RGB,REDISTRIBUTION_PROHIBITED,ACCEPTED,,data\raw\amarket_full\7750243086394_9039449a3bb2.jpg
fda37a1e77bbf203c0ff79f19c9839b421e8da7e3d6736a985ec78fc4bef83ea,4059729521989,Bálsamo Labial Essence So Cherry Happy Tono 01 Cheeky Cherry,Descripción:El Bálsamo Labial Hidratante Essence Cherry nutre hidrata y protege los labios ayudando a mantenerlos suaves y confortables durante todo el día. Su fórmula con agentes humectantes y emolientes combate la resequedad mientras su delicado aroma a cereza y su ligero toque de color realzan el aspecto natural de,AMARKET,https://amarket.com.bo/collections/lo-nuevo/products/4059729521989,https://amarket.com.bo/cdn/shop/files/4059729521989_1200x1200.jpg?v=1787205475,2026-08-21T01:51:14.826418+00:00,59f35c31-a86c-44d9-adbe-e27e1d03b535,200,image/jpeg,1.0.0,25d421d727e8ddd0b132f8ee107a1d3645d5e91b53bc3e6ebfcfaf015c3fd7ea,25d421d727e8ddd0b132f8ee107a1d3645d5e91b53bc3e6ebfcfaf015c3fd7ea,1200,1200,RGB,UNIFORM_RGB,REDISTRIBUTION_PROHIBITED,ACCEPTED,,data\raw\amarket_full\4059729521989_25d421d727e8.jpg
fde4cb7ee103a9b1ac33c175ef30b2bc137b21b61187acbca77fbd26bba12db2,7840185788477,Arroz Blanco Norte Tipo 1 X 1Kg,Arroz Blanco Norte Tipo 1 X 1Kg,AMARKET,https://amarket.com.bo/collections/lo-nuevo/products/7840185788477,https://amarket.com.bo/cdn/shop/files/7840185788477_1200x1200.jpg?v=1787204861,2026-08-21T02:11:08.715993+00:00,59f35c31-a86c-44d9-adbe-e27e1d03b535,200,image/jpeg,1.0.0,2cc3ce02587bd9b2468092cf538b222283110df69aa441688c97c63be9cec847,2cc3ce02587bd9b2468092cf538b222283110df69aa441688c97c63be9cec847,1200,1200,RGB,UNIFORM_RGB,REDISTRIBUTION_PROHIBITED,ACCEPTED,,data\raw\amarket_full\7840185788477_2cc3ce02587b.jpg
fdec5346596b86df750cd1bc7c5492398d4b95c843230524d1f362d964cfa1eb,7779970831343,Shampoo Sedal Toque De Seda Amino-Silk X 190Ml,Shampoo Sedal Toque De Seda Amino-Silk X 190Ml,AMARKET,https://amarket.com.bo/collections/lo-nuevo/products/7779970831343,https://amarket.com.bo/cdn/shop/files/7779970831343_1200x1200.jpg?v=1787204843,2026-08-21T02:07:32.315679+00:00,59f35c31-a86c-44d9-adbe-e27e1d03b535,200,image/jpeg,1.0.0,824ad1a0a87701f09a47de555a2aa2e3611f9ea826dbbe56b0a49c729f63f177,824ad1a0a87701f09a47de555a2aa2e3611f9ea826dbbe56b0a49c729f63f177,1200,1200,RGB,UNIFORM_RGB,REDISTRIBUTION_PROHIBITED,ACCEPTED,,data\raw\amarket_full\7779970831343_824ad1a0a877.jpg
ff5430ba5bbf7503bcda7ef7f3e5c57f6202b70e28365636092d8380eb4bf598,7770109060023,Leche Vegetal Coconut Coco X 800Ml,Descripción:La Leche Vegetal Coconut Coco 800 ml es una bebida de origen vegetal elaborada a partir de coco conocida por su sabor suave y ligeramente dulce. Su textura ligera la convierte en una opción versátil para consumir sola mezclar con café preparar batidos o incorporar en recetas dulces y saladas.Características,AMARKET,https://amarket.com.bo/collections/lo-nuevo/products/7770109060023,https://amarket.com.bo/cdn/shop/files/7770109060023_1200x1200.jpg?v=1787203483,2026-08-21T01:58:23.273312+00:00,59f35c31-a86c-44d9-adbe-e27e1d03b535,200,image/jpeg,1.0.0,0ddb3ad0bb5f345b276965015c71d9d36363b1f9cc1bf625799ff2c0d556b861,0ddb3ad0bb5f345b276965015c71d9d36363b1f9cc1bf625799ff2c0d556b861,1200,1200,RGB,UNIFORM_RGB,REDISTRIBUTION_PROHIBITED,ACCEPTED,,data\raw\amarket_full\7770109060023_0ddb3ad0bb5f.jpg
ff93c1f8b6ab8b01dba26379b902e889e907b4e864268869bbeb5761f256e110,7771228000648,Mermelada Piña Campo Verde X 410G,DescripciónLa Mermelada de Piña Campo Verde 410 g es una conserva elaborada a base de piña con una textura untuosa y sabor característico de la fruta. Su presentación de 410 g es ideal para untar en panes tostadas o utilizar en diferentes preparaciones dulces.,AMARKET,https://amarket.com.bo/collections/lo-nuevo/products/7771228000648,https://amarket.com.bo/cdn/shop/files/7771228000648_1200x1200.jpg?v=1774294950,2026-08-21T02:00:09.358459+00:00,59f35c31-a86c-44d9-adbe-e27e1d03b535,200,image/jpeg,1.0.0,740d3890f46a2e8881cd2ea47d5162596b715953eda6842f464f77bee7bea52c,740d3890f46a2e8881cd2ea47d5162596b715953eda6842f464f77bee7bea52c,1200,1200,RGB,UNIFORM_RGB,REDISTRIBUTION_PROHIBITED,ACCEPTED,,data\raw\amarket_full\7771228000648_740d3890f46a.jpg
ffa859be9d05c686264044e6bbccd4e7a6d1293b1cee92c5eaf770da37f5b9f2,7771611000002,Agua De Mesa Villa Santa Sin Gas X 2L,Agua De Mesa Villa Santa Sin Gas X 2L,AMARKET,https://amarket.com.bo/collections/lo-nuevo/products/7771611000002,https://amarket.com.bo/cdn/shop/files/7771611000002_1200x1200.jpg?v=1787205466,2026-08-21T02:01:46.783984+00:00,59f35c31-a86c-44d9-adbe-e27e1d03b535,200,image/jpeg,1.0.0,f4edf0b109500428ca6ab1ca76b68c7936c56d98f175d6b5b05c6ab7e3d3da10,f4edf0b109500428ca6ab1ca76b68c7936c56d98f175d6b5b05c6ab7e3d3da10,1200,1200,RGB,UNIFORM_RGB,REDISTRIBUTION_PROHIBITED,ACCEPTED,,data\raw\amarket_full\7771611000002_f4edf0b10950.jpg
