sku_id,source_asset_id,duplicate_group_id,class_id,split,image_path,label_path,source_sha256,box_algorithm_version,parameters_hash
7773401007956,0007ba67a0d3dbe70c9ee0dcc110b178b5b5f10b9cfa1408283cb2fcb3d94a9f,07ab51fe60aaa5d907987ea2c3a2ec5a954f88c67cde42e81152067c34add6bc,0,val,images/val/0007ba67a0d3dbe70c9ee0dcc110b178b5b5f10b9cfa1408283cb2fcb3d94a9f.jpg,labels/val/0007ba67a0d3dbe70c9ee0dcc110b178b5b5f10b9cfa1408283cb2fcb3d94a9f.txt,07ab51fe60aaa5d907987ea2c3a2ec5a954f88c67cde42e81152067c34add6bc,pixel-extremes-v1,87f64e55aa7b63804c03badb8d3cf038c7f8a2bdff322bf6a983acd6697d72a0
7798186034119,001d3573fef14278e77229280a2b0d000da130fad3ac091f35a7848e2139c9b4,4346deb3019749aef88f8c191655d4890cae1b0294a2c1cad7a51f7d65037503,0,train,images/train/001d3573fef14278e77229280a2b0d000da130fad3ac091f35a7848e2139c9b4.jpg,labels/train/001d3573fef14278e77229280a2b0d000da130fad3ac091f35a7848e2139c9b4.txt,4346deb3019749aef88f8c191655d4890cae1b0294a2c1cad7a51f7d65037503,pixel-extremes-v1,87f64e55aa7b63804c03badb8d3cf038c7f8a2bdff322bf6a983acd6697d72a0
7896902289727,003caf024e3c18688c4615e0b72e64b8380f0e6df8e445042617929072e227b8,4004d0475d7ee08ccffb6d75f33f0c258fbff828ffffd43e12fb8098b29b15aa,0,train,images/train/003caf024e3c18688c4615e0b72e64b8380f0e6df8e445042617929072e227b8.jpg,labels/train/003caf024e3c18688c4615e0b72e64b8380f0e6df8e445042617929072e227b8.txt,4004d0475d7ee08ccffb6d75f33f0c258fbff828ffffd43e12fb8098b29b15aa,pixel-extremes-v1,87f64e55aa7b63804c03badb8d3cf038c7f8a2bdff322bf6a983acd6697d72a0
7791274201653,003cbb21c22fd7b7b2a922404810bb858938cea665db130f0e443a2ce6f15dc3,2e70eefcf89098caf71fca678279a326f622c4cd22f8d89700a64f424f9da2fd,0,test,images/test/003cbb21c22fd7b7b2a922404810bb858938cea665db130f0e443a2ce6f15dc3.jpg,labels/test/003cbb21c22fd7b7b2a922404810bb858938cea665db130f0e443a2ce6f15dc3.txt,2e70eefcf89098caf71fca678279a326f622c4cd22f8d89700a64f424f9da2fd,pixel-extremes-v1,87f64e55aa7b63804c03badb8d3cf038c7f8a2bdff322bf6a983acd6697d72a0
7779970870182,00899550d8541852fac78309d735d33263debd9a7b09495ee8ed65bc6e2fad39,3f1ec8d9e2aa99889f467c1bc8bb06d9258097888d5f31ce9ed48aa097858f7a,0,train,images/train/00899550d8541852fac78309d735d33263debd9a7b09495ee8ed65bc6e2fad39.jpg,labels/train/00899550d8541852fac78309d735d33263debd9a7b09495ee8ed65bc6e2fad39.txt,3f1ec8d9e2aa99889f467c1bc8bb06d9258097888d5f31ce9ed48aa097858f7a,pixel-extremes-v1,87f64e55aa7b63804c03badb8d3cf038c7f8a2bdff322bf6a983acd6697d72a0
7774904408400,00ea393d021e5d79d5ea410540cbddb9b1c6a913a5649cc0837eabb9ef2511fd,e7bf15ae6d65f0e98475db50e2dd90d278c1270fdc8d60f46067b767acf9eed4,0,train,images/train/00ea393d021e5d79d5ea410540cbddb9b1c6a913a5649cc0837eabb9ef2511fd.jpg,labels/train/00ea393d021e5d79d5ea410540cbddb9b1c6a913a5649cc0837eabb9ef2511fd.txt,e7bf15ae6d65f0e98475db50e2dd90d278c1270fdc8d60f46067b767acf9eed4,pixel-extremes-v1,87f64e55aa7b63804c03badb8d3cf038c7f8a2bdff322bf6a983acd6697d72a0
309974677097,0200e739345eb36c23f0faea8a82736af0ab3f30b80d071d790ab8bced5d7cfe,b8427220be8ffaaf80a655e5a4b9136bfc5b91909e6b8328e52b22df2b37e6b6,0,train,images/train/0200e739345eb36c23f0faea8a82736af0ab3f30b80d071d790ab8bced5d7cfe.jpg,labels/train/0200e739345eb36c23f0faea8a82736af0ab3f30b80d071d790ab8bced5d7cfe.txt,b8427220be8ffaaf80a655e5a4b9136bfc5b91909e6b8328e52b22df2b37e6b6,pixel-extremes-v1,87f64e55aa7b63804c03badb8d3cf038c7f8a2bdff322bf6a983acd6697d72a0
7509552973136,031e2485e3079babb9250725b7d69750e3db658715c6b1aca8d2248804854bd3,763c8b40e6c5c93c0297660bad562754dad496627ca66a63c21985f53890a635,0,train,images/train/031e2485e3079babb9250725b7d69750e3db658715c6b1aca8d2248804854bd3.jpg,labels/train/031e2485e3079babb9250725b7d69750e3db658715c6b1aca8d2248804854bd3.txt,763c8b40e6c5c93c0297660bad562754dad496627ca66a63c21985f53890a635,pixel-extremes-v1,87f64e55aa7b63804c03badb8d3cf038c7f8a2bdff322bf6a983acd6697d72a0
7896451907660,0321ea22b3a0280cfc68b1a68aadcac7ae6cee25c6735d28d692b5e27bc26652,2c73ef246ef29b6735003bea3e9d31e2535e8213de4208ddc0013111e0de1e83,0,train,images/train/0321ea22b3a0280cfc68b1a68aadcac7ae6cee25c6735d28d692b5e27bc26652.jpg,labels/train/0321ea22b3a0280cfc68b1a68aadcac7ae6cee25c6735d28d692b5e27bc26652.txt,2c73ef246ef29b6735003bea3e9d31e2535e8213de4208ddc0013111e0de1e83,pixel-extremes-v1,87f64e55aa7b63804c03badb8d3cf038c7f8a2bdff322bf6a983acd6697d72a0
7891150103047,0329471d8dfd379f3494c3c0d2f4786b28622ba85c3da91022faa6d4d08c72b8,773ea9652bd91660ce1e07d3bd597651f35afd21de38a28deefdbc369fcbffba,0,train,images/train/0329471d8dfd379f3494c3c0d2f4786b28622ba85c3da91022faa6d4d08c72b8.jpg,labels/train/0329471d8dfd379f3494c3c0d2f4786b28622ba85c3da91022faa6d4d08c72b8.txt,773ea9652bd91660ce1e07d3bd597651f35afd21de38a28deefdbc369fcbffba,pixel-extremes-v1,87f64e55aa7b63804c03badb8d3cf038c7f8a2bdff322bf6a983acd6697d72a0
7896058259797,0362f9268cdfa0ae11785322d6445e2c67f1279be79b27793fba6dd2e6ef6d17,79278190eb4738457a57a7e2063cfb80f7ced8bc0664112838dc11807b82909c,0,test,images/test/0362f9268cdfa0ae11785322d6445e2c67f1279be79b27793fba6dd2e6ef6d17.jpg,labels/test/0362f9268cdfa0ae11785322d6445e2c67f1279be79b27793fba6dd2e6ef6d17.txt,79278190eb4738457a57a7e2063cfb80f7ced8bc0664112838dc11807b82909c,pixel-extremes-v1,87f64e55aa7b63804c03badb8d3cf038c7f8a2bdff322bf6a983acd6697d72a0
9000975,041831833afebcd07f320b298f057fce90084b95d710114def865c2f0b773954,5905e7761b21b0d1ccd6c328b8897403906b6f60888376e085ce1d965c7185fe,0,test,images/test/041831833afebcd07f320b298f057fce90084b95d710114def865c2f0b773954.jpg,labels/test/041831833afebcd07f320b298f057fce90084b95d710114def865c2f0b773954.txt,5905e7761b21b0d1ccd6c328b8897403906b6f60888376e085ce1d965c7185fe,pixel-extremes-v1,87f64e55aa7b63804c03badb8d3cf038c7f8a2bdff322bf6a983acd6697d72a0
7898930142630,041f3849fe260b99bbf4a05b102fb13e92826c3b7c9634f2319dacdd2869b7ba,84b3032d2f9fd08742429ca75eecaeb2584f297da38d2cd5afdb5b8b8ca8db1c,0,train,images/train/041f3849fe260b99bbf4a05b102fb13e92826c3b7c9634f2319dacdd2869b7ba.jpg,labels/train/041f3849fe260b99bbf4a05b102fb13e92826c3b7c9634f2319dacdd2869b7ba.txt,84b3032d2f9fd08742429ca75eecaeb2584f297da38d2cd5afdb5b8b8ca8db1c,pixel-extremes-v1,87f64e55aa7b63804c03badb8d3cf038c7f8a2bdff322bf6a983acd6697d72a0
7771260681935,0510490c6d0473fd2b0e852749e300dcae031c3a7e68909e15dd46e1a81296e1,3989d934ba29ddf1912bf303315e4769da286a534bb0edc2270b8d52a6f01058,0,train,images/train/0510490c6d0473fd2b0e852749e300dcae031c3a7e68909e15dd46e1a81296e1.jpg,labels/train/0510490c6d0473fd2b0e852749e300dcae031c3a7e68909e15dd46e1a81296e1.txt,3989d934ba29ddf1912bf303315e4769da286a534bb0edc2270b8d52a6f01058,pixel-extremes-v1,87f64e55aa7b63804c03badb8d3cf038c7f8a2bdff322bf6a983acd6697d72a0
9001111,05614bf137e042fb165895562168f2006f009dfe279f5995b9d3414673b8e277,4fa5af1a7146bbe9bba0fe87790cfd56f48a98226a0bd39ecaf0f4e8f03e5d94,0,train,images/train/05614bf137e042fb165895562168f2006f009dfe279f5995b9d3414673b8e277.jpg,labels/train/05614bf137e042fb165895562168f2006f009dfe279f5995b9d3414673b8e277.txt,4fa5af1a7146bbe9bba0fe87790cfd56f48a98226a0bd39ecaf0f4e8f03e5d94,pixel-extremes-v1,87f64e55aa7b63804c03badb8d3cf038c7f8a2bdff322bf6a983acd6697d72a0
7770000420087,05db1e8a70aee544e6bee0e56259af246776859d590634ef8f43506a5ddfe984,e2b2cc7e46d469aba7f8b20e725e55827f1aa22243290504142866fcd8e88200,0,train,images/train/05db1e8a70aee544e6bee0e56259af246776859d590634ef8f43506a5ddfe984.jpg,labels/train/05db1e8a70aee544e6bee0e56259af246776859d590634ef8f43506a5ddfe984.txt,e2b2cc7e46d469aba7f8b20e725e55827f1aa22243290504142866fcd8e88200,pixel-extremes-v1,87f64e55aa7b63804c03badb8d3cf038c7f8a2bdff322bf6a983acd6697d72a0
7801235148115,0610159f1f696d4ed9f5eb62a9ac4524b37932011e0b6c3317c3ac205d468c4e,020bf1ded60574d229a991cc5258e32c8e15e83cb89020e80767e15ae05b2986,0,val,images/val/0610159f1f696d4ed9f5eb62a9ac4524b37932011e0b6c3317c3ac205d468c4e.jpg,labels/val/0610159f1f696d4ed9f5eb62a9ac4524b37932011e0b6c3317c3ac205d468c4e.txt,020bf1ded60574d229a991cc5258e32c8e15e83cb89020e80767e15ae05b2986,pixel-extremes-v1,87f64e55aa7b63804c03badb8d3cf038c7f8a2bdff322bf6a983acd6697d72a0
7509552982725,06afe6653f792a8dfad0475f26ac833eb6cba7fb3ea0ffbc8a6652c48cdc60c6,9707947dcfac3b6839c451ce954a88609350935ebfa06a3a67511f669c08221d,0,train,images/train/06afe6653f792a8dfad0475f26ac833eb6cba7fb3ea0ffbc8a6652c48cdc60c6.jpg,labels/train/06afe6653f792a8dfad0475f26ac833eb6cba7fb3ea0ffbc8a6652c48cdc60c6.txt,9707947dcfac3b6839c451ce954a88609350935ebfa06a3a67511f669c08221d,pixel-extremes-v1,87f64e55aa7b63804c03badb8d3cf038c7f8a2bdff322bf6a983acd6697d72a0
7506306254374,076d7fc54e4157662c469deb5c14550022fdf992528941033797da172507f884,1913368f8f5f1f66294780612ae9fc3d7b64eafc9ca2bfa7aaa538f08fe4111d,0,train,images/train/076d7fc54e4157662c469deb5c14550022fdf992528941033797da172507f884.jpg,labels/train/076d7fc54e4157662c469deb5c14550022fdf992528941033797da172507f884.txt,1913368f8f5f1f66294780612ae9fc3d7b64eafc9ca2bfa7aaa538f08fe4111d,pixel-extremes-v1,87f64e55aa7b63804c03badb8d3cf038c7f8a2bdff322bf6a983acd6697d72a0
7792070053910,077a778a9e2af1bad08fbdcd1c17d11c10bbed6fa5c91dd263a29335fda2ced5,cbaf66d3f9e609ba90a8fa0d00e448fc2092e4517fdecb0d3a8d802e726665fd,0,train,images/train/077a778a9e2af1bad08fbdcd1c17d11c10bbed6fa5c91dd263a29335fda2ced5.jpg,labels/train/077a778a9e2af1bad08fbdcd1c17d11c10bbed6fa5c91dd263a29335fda2ced5.txt,cbaf66d3f9e609ba90a8fa0d00e448fc2092e4517fdecb0d3a8d802e726665fd,pixel-extremes-v1,87f64e55aa7b63804c03badb8d3cf038c7f8a2bdff322bf6a983acd6697d72a0
7771260763341,078accf22c9d521bbbc1338119115abef5674a7a63fdf1c3cb60acfb4dc14bf0,4671f070f8783b06f981d3a3c1525a57c9b5aa2ff8687f360e6a38e36ed9318c,0,train,images/train/078accf22c9d521bbbc1338119115abef5674a7a63fdf1c3cb60acfb4dc14bf0.jpg,labels/train/078accf22c9d521bbbc1338119115abef5674a7a63fdf1c3cb60acfb4dc14bf0.txt,4671f070f8783b06f981d3a3c1525a57c9b5aa2ff8687f360e6a38e36ed9318c,pixel-extremes-v1,87f64e55aa7b63804c03badb8d3cf038c7f8a2bdff322bf6a983acd6697d72a0
7702032553778,07b7b3d879fa639d076ef0cfe5afe39471def0c4e5606c5f7e52010a906c71ad,e2dc272df8d505aae0e4673e4fc9a94c41d56e44ca38898c51bfc6e9d5780b5e,0,train,images/train/07b7b3d879fa639d076ef0cfe5afe39471def0c4e5606c5f7e52010a906c71ad.jpg,labels/train/07b7b3d879fa639d076ef0cfe5afe39471def0c4e5606c5f7e52010a906c71ad.txt,e2dc272df8d505aae0e4673e4fc9a94c41d56e44ca38898c51bfc6e9d5780b5e,pixel-extremes-v1,87f64e55aa7b63804c03badb8d3cf038c7f8a2bdff322bf6a983acd6697d72a0
7896058597370,080ef647f9df979e0d618763ce1708e225da9cac17d74fe91c73dce383b196d0,791edb0f0594098c06ff2a313bc4453ffa6a49376aac83fdc5f3caed48e3e555,0,train,images/train/080ef647f9df979e0d618763ce1708e225da9cac17d74fe91c73dce383b196d0.jpg,labels/train/080ef647f9df979e0d618763ce1708e225da9cac17d74fe91c73dce383b196d0.txt,791edb0f0594098c06ff2a313bc4453ffa6a49376aac83fdc5f3caed48e3e555,pixel-extremes-v1,87f64e55aa7b63804c03badb8d3cf038c7f8a2bdff322bf6a983acd6697d72a0
3501118,083d39212b401b492a05d2e5a5a0c150ab1325ec8ea2021b11e985a2492728e7,63455251accaffa8b0e7f30044536a3afc42be450c8f1f923a48849bdb64ac81,0,train,images/train/083d39212b401b492a05d2e5a5a0c150ab1325ec8ea2021b11e985a2492728e7.jpg,labels/train/083d39212b401b492a05d2e5a5a0c150ab1325ec8ea2021b11e985a2492728e7.txt,63455251accaffa8b0e7f30044536a3afc42be450c8f1f923a48849bdb64ac81,pixel-extremes-v1,87f64e55aa7b63804c03badb8d3cf038c7f8a2bdff322bf6a983acd6697d72a0
7896042048598,08a2c876840319e054b696c7f92fb9d013586b2ab765387ee77ecc8e291d1cfe,43e3e5e17bf77836bc1d6e9cb21faba559cb810bb09ad1f91934ecd273587058,0,train,images/train/08a2c876840319e054b696c7f92fb9d013586b2ab765387ee77ecc8e291d1cfe.jpg,labels/train/08a2c876840319e054b696c7f92fb9d013586b2ab765387ee77ecc8e291d1cfe.txt,43e3e5e17bf77836bc1d6e9cb21faba559cb810bb09ad1f91934ecd273587058,pixel-extremes-v1,87f64e55aa7b63804c03badb8d3cf038c7f8a2bdff322bf6a983acd6697d72a0
0799192522895,09b000d00506d664d86511f56d1dca1f3a8e3f631d5018b3bf2302bf013e7a9c,31f98df0f83b94bb6b566b7f040b8bced0dee07ce4617d67a76df313e480f753,0,test,images/test/09b000d00506d664d86511f56d1dca1f3a8e3f631d5018b3bf2302bf013e7a9c.jpg,labels/test/09b000d00506d664d86511f56d1dca1f3a8e3f631d5018b3bf2302bf013e7a9c.txt,31f98df0f83b94bb6b566b7f040b8bced0dee07ce4617d67a76df313e480f753,pixel-extremes-v1,87f64e55aa7b63804c03badb8d3cf038c7f8a2bdff322bf6a983acd6697d72a0
7503037746222,09ddc1e5e8e821eed11714042f86a71cb85aad28cf338e7281b119185ab99fb1,3a580ef520fcd48e8ae9b9b4b3ce051cdc7a1153b00e3b350ed03b3f6b14a656,0,train,images/train/09ddc1e5e8e821eed11714042f86a71cb85aad28cf338e7281b119185ab99fb1.jpg,labels/train/09ddc1e5e8e821eed11714042f86a71cb85aad28cf338e7281b119185ab99fb1.txt,3a580ef520fcd48e8ae9b9b4b3ce051cdc7a1153b00e3b350ed03b3f6b14a656,pixel-extremes-v1,87f64e55aa7b63804c03badb8d3cf038c7f8a2bdff322bf6a983acd6697d72a0
7702007216103,09ea0d7d6c37e6af02755ee824c9f792881932efe1118ec04a69a080e428d9ee,11de52158b1737e7f6cd70b24454368d80d2118bf1fca08285433bd3176cb4a9,0,train,images/train/09ea0d7d6c37e6af02755ee824c9f792881932efe1118ec04a69a080e428d9ee.jpg,labels/train/09ea0d7d6c37e6af02755ee824c9f792881932efe1118ec04a69a080e428d9ee.txt,11de52158b1737e7f6cd70b24454368d80d2118bf1fca08285433bd3176cb4a9,pixel-extremes-v1,87f64e55aa7b63804c03badb8d3cf038c7f8a2bdff322bf6a983acd6697d72a0
8809686120260,0a328325e7dffd8bdd040703c5d269759dd98f9b5fe9317ba849713e50b69654,91b6a4a79b422fd13795693f604afba6171ddce8f2e462dac010a464f96ebd2f,0,train,images/train/0a328325e7dffd8bdd040703c5d269759dd98f9b5fe9317ba849713e50b69654.jpg,labels/train/0a328325e7dffd8bdd040703c5d269759dd98f9b5fe9317ba849713e50b69654.txt,91b6a4a79b422fd13795693f604afba6171ddce8f2e462dac010a464f96ebd2f,pixel-extremes-v1,87f64e55aa7b63804c03badb8d3cf038c7f8a2bdff322bf6a983acd6697d72a0
7798178800777,0a5f3dc921fa91be8053dfed008b9d0190faf693c07a0a67ea541cb2c854329d,57e4895ae88388690a58974e30c6871cd98c16205620e56d3d62e147baf84fbe,0,train,images/train/0a5f3dc921fa91be8053dfed008b9d0190faf693c07a0a67ea541cb2c854329d.jpg,labels/train/0a5f3dc921fa91be8053dfed008b9d0190faf693c07a0a67ea541cb2c854329d.txt,57e4895ae88388690a58974e30c6871cd98c16205620e56d3d62e147baf84fbe,pixel-extremes-v1,87f64e55aa7b63804c03badb8d3cf038c7f8a2bdff322bf6a983acd6697d72a0
7798178800593,0ac6d17a093c5841120a1532ba8a07a7e8ed40ed51235c6a838e6bef3ead71c1,0c41e2143c6a00ea854d59e43b77164254d6f568fe21b34946246386ec7baa81,0,train,images/train/0ac6d17a093c5841120a1532ba8a07a7e8ed40ed51235c6a838e6bef3ead71c1.jpg,labels/train/0ac6d17a093c5841120a1532ba8a07a7e8ed40ed51235c6a838e6bef3ead71c1.txt,0c41e2143c6a00ea854d59e43b77164254d6f568fe21b34946246386ec7baa81,pixel-extremes-v1,87f64e55aa7b63804c03badb8d3cf038c7f8a2bdff322bf6a983acd6697d72a0
7772314690026,0af651375d2efc9247dde3bbb96dba59e9b27698bc58d1ba6a8823d1b5bd0d39,60b2f04d2253ec6129c9eb35e6ec5938f79ac275da8b61e272dc89d659125fe6,0,test,images/test/0af651375d2efc9247dde3bbb96dba59e9b27698bc58d1ba6a8823d1b5bd0d39.jpg,labels/test/0af651375d2efc9247dde3bbb96dba59e9b27698bc58d1ba6a8823d1b5bd0d39.txt,60b2f04d2253ec6129c9eb35e6ec5938f79ac275da8b61e272dc89d659125fe6,pixel-extremes-v1,87f64e55aa7b63804c03badb8d3cf038c7f8a2bdff322bf6a983acd6697d72a0
7896115703577,0b3dcbfb13b1611a9b083b930da83d55750e4b30fcba9951e8891239c469a366,9c66356980a893e051d3bcc0ad6c627f30d77428669464f0ef598ec919308bf3,0,val,images/val/0b3dcbfb13b1611a9b083b930da83d55750e4b30fcba9951e8891239c469a366.jpg,labels/val/0b3dcbfb13b1611a9b083b930da83d55750e4b30fcba9951e8891239c469a366.txt,9c66356980a893e051d3bcc0ad6c627f30d77428669464f0ef598ec919308bf3,pixel-extremes-v1,87f64e55aa7b63804c03badb8d3cf038c7f8a2bdff322bf6a983acd6697d72a0
7770108960133,0b5606d4ebb8c06af139c2779356206caa615337d88c24725287b4726675801a,f88a279de82634c71773d46186a73137ba83d31fd9175f416a707f0449ada9f9,0,train,images/train/0b5606d4ebb8c06af139c2779356206caa615337d88c24725287b4726675801a.jpg,labels/train/0b5606d4ebb8c06af139c2779356206caa615337d88c24725287b4726675801a.txt,f88a279de82634c71773d46186a73137ba83d31fd9175f416a707f0449ada9f9,pixel-extremes-v1,87f64e55aa7b63804c03badb8d3cf038c7f8a2bdff322bf6a983acd6697d72a0
7798186033594,0b6f0cea238109aced06cd36359875694d46699ff5ecbe71b556f7976a1e7b9b,f9b31324fb694248041ff4edd03ce7ac4d04b3dcc039d75e54368765b1d981b0,0,test,images/test/0b6f0cea238109aced06cd36359875694d46699ff5ecbe71b556f7976a1e7b9b.jpg,labels/test/0b6f0cea238109aced06cd36359875694d46699ff5ecbe71b556f7976a1e7b9b.txt,f9b31324fb694248041ff4edd03ce7ac4d04b3dcc039d75e54368765b1d981b0,pixel-extremes-v1,87f64e55aa7b63804c03badb8d3cf038c7f8a2bdff322bf6a983acd6697d72a0
6941696107885,0c1b9960c69d5b3ccde4f6ca938b7dbfdb10b75e09334c1aa6662dd382b3fafa,1ba1dc1a050711582072c336c3cb5208b9f5aff6636be2d7174cac3be0908de3,0,test,images/test/0c1b9960c69d5b3ccde4f6ca938b7dbfdb10b75e09334c1aa6662dd382b3fafa.jpg,labels/test/0c1b9960c69d5b3ccde4f6ca938b7dbfdb10b75e09334c1aa6662dd382b3fafa.txt,1ba1dc1a050711582072c336c3cb5208b9f5aff6636be2d7174cac3be0908de3,pixel-extremes-v1,87f64e55aa7b63804c03badb8d3cf038c7f8a2bdff322bf6a983acd6697d72a0
7773400002709,0c35f1faeaab779a404e3a5ec7a3820dde14ce049cf0390c6707a62b2568b5f3,af68c73286717bfee141020aeff59f577008c34f14a1aa9b5fcddde54b21243c,0,val,images/val/0c35f1faeaab779a404e3a5ec7a3820dde14ce049cf0390c6707a62b2568b5f3.jpg,labels/val/0c35f1faeaab779a404e3a5ec7a3820dde14ce049cf0390c6707a62b2568b5f3.txt,af68c73286717bfee141020aeff59f577008c34f14a1aa9b5fcddde54b21243c,pixel-extremes-v1,87f64e55aa7b63804c03badb8d3cf038c7f8a2bdff322bf6a983acd6697d72a0
77890332,0c75af3cccae99dc9faa49875d6659d472248bba2b21283d5938e9f6b8399718,7a96eac9d022f1f0b46735aff09c198bd3fc77edddda9ddff37d3e66d7cf26ee,0,train,images/train/0c75af3cccae99dc9faa49875d6659d472248bba2b21283d5938e9f6b8399718.jpg,labels/train/0c75af3cccae99dc9faa49875d6659d472248bba2b21283d5938e9f6b8399718.txt,7a96eac9d022f1f0b46735aff09c198bd3fc77edddda9ddff37d3e66d7cf26ee,pixel-extremes-v1,87f64e55aa7b63804c03badb8d3cf038c7f8a2bdff322bf6a983acd6697d72a0
7771257660639,0c8d9bc09accee6664fcf9106bec16d14478b6c5e89b33fdbb24dbe051c1d223,4ed8da595bdc06fa1dfde899d551900b8f627a37abf2343e6f0983d32f1fc211,0,val,images/val/0c8d9bc09accee6664fcf9106bec16d14478b6c5e89b33fdbb24dbe051c1d223.jpg,labels/val/0c8d9bc09accee6664fcf9106bec16d14478b6c5e89b33fdbb24dbe051c1d223.txt,4ed8da595bdc06fa1dfde899d551900b8f627a37abf2343e6f0983d32f1fc211,pixel-extremes-v1,87f64e55aa7b63804c03badb8d3cf038c7f8a2bdff322bf6a983acd6697d72a0
9000969,0ccc53ce0f4b04f75fbfda67a23c842582a3720fe5f86cd3dd9a7a3ddd141ff6,5e075f9ba194c69647e1324f2895295e82b5984e678adcbe619dbd847af739f6,0,train,images/train/0ccc53ce0f4b04f75fbfda67a23c842582a3720fe5f86cd3dd9a7a3ddd141ff6.jpg,labels/train/0ccc53ce0f4b04f75fbfda67a23c842582a3720fe5f86cd3dd9a7a3ddd141ff6.txt,5e075f9ba194c69647e1324f2895295e82b5984e678adcbe619dbd847af739f6,pixel-extremes-v1,87f64e55aa7b63804c03badb8d3cf038c7f8a2bdff322bf6a983acd6697d72a0
7896115704314,0d8c72f092edb93f36dc32a25b7223de9339dfba39ac8e341ec056540b9ea32c,327bf540ac54516f74c9c2b64561f4ba2574f42c4f81e655e946d095264e1762,0,val,images/val/0d8c72f092edb93f36dc32a25b7223de9339dfba39ac8e341ec056540b9ea32c.jpg,labels/val/0d8c72f092edb93f36dc32a25b7223de9339dfba39ac8e341ec056540b9ea32c.txt,327bf540ac54516f74c9c2b64561f4ba2574f42c4f81e655e946d095264e1762,pixel-extremes-v1,87f64e55aa7b63804c03badb8d3cf038c7f8a2bdff322bf6a983acd6697d72a0
7798178801415,0ea5593c44a519551602f2e682601b968eeeb5127fbb690e026fd0c53adc06db,222b2ecdb3ff244e202c5d6c55d6b3809df615a96a2a9ecfa8133c7751f1e118,0,train,images/train/0ea5593c44a519551602f2e682601b968eeeb5127fbb690e026fd0c53adc06db.jpg,labels/train/0ea5593c44a519551602f2e682601b968eeeb5127fbb690e026fd0c53adc06db.txt,222b2ecdb3ff244e202c5d6c55d6b3809df615a96a2a9ecfa8133c7751f1e118,pixel-extremes-v1,87f64e55aa7b63804c03badb8d3cf038c7f8a2bdff322bf6a983acd6697d72a0
7804621470821,0eb51cbb654b0cc7d30d0b97bb344e9a3988f0b3190dac4dcac007f522dd56f6,776c8eb660f3e3295914b355e12f6807235becb587f657f7723eb466b9398313,0,train,images/train/0eb51cbb654b0cc7d30d0b97bb344e9a3988f0b3190dac4dcac007f522dd56f6.jpg,labels/train/0eb51cbb654b0cc7d30d0b97bb344e9a3988f0b3190dac4dcac007f522dd56f6.txt,776c8eb660f3e3295914b355e12f6807235becb587f657f7723eb466b9398313,pixel-extremes-v1,87f64e55aa7b63804c03badb8d3cf038c7f8a2bdff322bf6a983acd6697d72a0
7909930024939,0ec968dadd895e266ab9d60bbb122ac72fbf0940012ab4d7329f84d6f01f2072,00ff73ef081f3b0e8bc30ebc465d4e02ad89041d075e7b7b6f6855a1ae125612,0,train,images/train/0ec968dadd895e266ab9d60bbb122ac72fbf0940012ab4d7329f84d6f01f2072.jpg,labels/train/0ec968dadd895e266ab9d60bbb122ac72fbf0940012ab4d7329f84d6f01f2072.txt,00ff73ef081f3b0e8bc30ebc465d4e02ad89041d075e7b7b6f6855a1ae125612,pixel-extremes-v1,87f64e55aa7b63804c03badb8d3cf038c7f8a2bdff322bf6a983acd6697d72a0
7779970831312,0f4ab1c1aa39b01af5a5ebe9bcde1361ffad5676576d7e658c1943223abd81e8,036a1cc1aa5f0909dc4337db810f0707028c03b4d26aaa648a751a590a178210,0,train,images/train/0f4ab1c1aa39b01af5a5ebe9bcde1361ffad5676576d7e658c1943223abd81e8.jpg,labels/train/0f4ab1c1aa39b01af5a5ebe9bcde1361ffad5676576d7e658c1943223abd81e8.txt,036a1cc1aa5f0909dc4337db810f0707028c03b4d26aaa648a751a590a178210,pixel-extremes-v1,87f64e55aa7b63804c03badb8d3cf038c7f8a2bdff322bf6a983acd6697d72a0
7702032553785,0f70ed2a1b83789ec7e9761765ef6902ad35ea7728cd4acc9a6c4789c117b1a1,c584a26fcd15238e70810a1d758a55ba549c4059283756b913fe50bc3e93d317,0,train,images/train/0f70ed2a1b83789ec7e9761765ef6902ad35ea7728cd4acc9a6c4789c117b1a1.jpg,labels/train/0f70ed2a1b83789ec7e9761765ef6902ad35ea7728cd4acc9a6c4789c117b1a1.txt,c584a26fcd15238e70810a1d758a55ba549c4059283756b913fe50bc3e93d317,pixel-extremes-v1,87f64e55aa7b63804c03badb8d3cf038c7f8a2bdff322bf6a983acd6697d72a0
7792070002192,0faebb767d90ed4e799114c35526851f4ebf304607f214b65e4146ac17be9e38,b942fd931b522db2937f013d2e0621c40144630a71728b7330aa6ba3c9f17d81,0,train,images/train/0faebb767d90ed4e799114c35526851f4ebf304607f214b65e4146ac17be9e38.jpg,labels/train/0faebb767d90ed4e799114c35526851f4ebf304607f214b65e4146ac17be9e38.txt,b942fd931b522db2937f013d2e0621c40144630a71728b7330aa6ba3c9f17d81,pixel-extremes-v1,87f64e55aa7b63804c03badb8d3cf038c7f8a2bdff322bf6a983acd6697d72a0
7899808853009,10335fad2159f98779b9a0660a56b2fbf20fc1823e8af7b1f96c60613406a0f5,4f0ab7290457ae9dfc647424b2258668dc429c359fd72282d5dd1308d0d9828b,0,test,images/test/10335fad2159f98779b9a0660a56b2fbf20fc1823e8af7b1f96c60613406a0f5.jpg,labels/test/10335fad2159f98779b9a0660a56b2fbf20fc1823e8af7b1f96c60613406a0f5.txt,4f0ab7290457ae9dfc647424b2258668dc429c359fd72282d5dd1308d0d9828b,pixel-extremes-v1,87f64e55aa7b63804c03badb8d3cf038c7f8a2bdff322bf6a983acd6697d72a0
7896058503012,105d8b6ec91eb3fbceadd686998848cfa48ea04a6034a24b91bb0106ace77744,9be3038cfc3488d25440f0015971911282b9d975533c450f1af5468bde907a69,0,train,images/train/105d8b6ec91eb3fbceadd686998848cfa48ea04a6034a24b91bb0106ace77744.jpg,labels/train/105d8b6ec91eb3fbceadd686998848cfa48ea04a6034a24b91bb0106ace77744.txt,9be3038cfc3488d25440f0015971911282b9d975533c450f1af5468bde907a69,pixel-extremes-v1,87f64e55aa7b63804c03badb8d3cf038c7f8a2bdff322bf6a983acd6697d72a0
7503037746239,107893974fd9034cb81cb8962d045fa510f4cc53cb3f7e3757edab13b232e694,fdb2ff2f934089d974dab9abc9d96ec8256170f7458bc4954b8dde574e1e274a,0,train,images/train/107893974fd9034cb81cb8962d045fa510f4cc53cb3f7e3757edab13b232e694.jpg,labels/train/107893974fd9034cb81cb8962d045fa510f4cc53cb3f7e3757edab13b232e694.txt,fdb2ff2f934089d974dab9abc9d96ec8256170f7458bc4954b8dde574e1e274a,pixel-extremes-v1,87f64e55aa7b63804c03badb8d3cf038c7f8a2bdff322bf6a983acd6697d72a0
7774440631065,109f9f68232b681d39fee052604b6da228430a99d05f77bf3b9b62da25ce4ba8,7989def5ed2d66106bb1b585a0927fcfeb20546cf3441a13555c9bf1e8417248,0,train,images/train/109f9f68232b681d39fee052604b6da228430a99d05f77bf3b9b62da25ce4ba8.jpg,labels/train/109f9f68232b681d39fee052604b6da228430a99d05f77bf3b9b62da25ce4ba8.txt,7989def5ed2d66106bb1b585a0927fcfeb20546cf3441a13555c9bf1e8417248,pixel-extremes-v1,87f64e55aa7b63804c03badb8d3cf038c7f8a2bdff322bf6a983acd6697d72a0
3501113,113535f9bb4f848527746cb06254de89865bc412cf5aed1ad9f4cc2075a2d021,63455251accaffa8b0e7f30044536a3afc42be450c8f1f923a48849bdb64ac81,0,train,images/train/113535f9bb4f848527746cb06254de89865bc412cf5aed1ad9f4cc2075a2d021.jpg,labels/train/113535f9bb4f848527746cb06254de89865bc412cf5aed1ad9f4cc2075a2d021.txt,63455251accaffa8b0e7f30044536a3afc42be450c8f1f923a48849bdb64ac81,pixel-extremes-v1,87f64e55aa7b63804c03badb8d3cf038c7f8a2bdff322bf6a983acd6697d72a0
7770109740079,11483d77e76c37558fa0103f49b35a3ffd5040c6c3cdd85aa3be308dffe8e008,aca1f630dc5852d9f8bf5f368109a664683867639f06941225a65f3f8413e321,0,train,images/train/11483d77e76c37558fa0103f49b35a3ffd5040c6c3cdd85aa3be308dffe8e008.jpg,labels/train/11483d77e76c37558fa0103f49b35a3ffd5040c6c3cdd85aa3be308dffe8e008.txt,aca1f630dc5852d9f8bf5f368109a664683867639f06941225a65f3f8413e321,pixel-extremes-v1,87f64e55aa7b63804c03badb8d3cf038c7f8a2bdff322bf6a983acd6697d72a0
8809686120277,11697bf0d91da83bc0a1528837bea352721c0442895396ba6b778e8652fbddfc,dde6505620862b3a0d2f287f159fb717f49036a2ec8f347a5df10d9a8722b006,0,train,images/train/11697bf0d91da83bc0a1528837bea352721c0442895396ba6b778e8652fbddfc.jpg,labels/train/11697bf0d91da83bc0a1528837bea352721c0442895396ba6b778e8652fbddfc.txt,dde6505620862b3a0d2f287f159fb717f49036a2ec8f347a5df10d9a8722b006,pixel-extremes-v1,87f64e55aa7b63804c03badb8d3cf038c7f8a2bdff322bf6a983acd6697d72a0
9000210,11c64db264ad091b96c6bd3b13461505d0758f60fafb5670222b250ee69b2fc5,9e8f1bab29a07258f79251f7cb4a758ef478a6a567bf27fc3544e0b2a236dbc1,0,train,images/train/11c64db264ad091b96c6bd3b13461505d0758f60fafb5670222b250ee69b2fc5.jpg,labels/train/11c64db264ad091b96c6bd3b13461505d0758f60fafb5670222b250ee69b2fc5.txt,9e8f1bab29a07258f79251f7cb4a758ef478a6a567bf27fc3544e0b2a236dbc1,pixel-extremes-v1,87f64e55aa7b63804c03badb8d3cf038c7f8a2bdff322bf6a983acd6697d72a0
7898930142654,11f9917f633ced677823c569768cf9762a25da4c6af66c91a93ccb8522acefb2,eaa93b4ee366f774fae9e057c709fc65b96f46b7485374b2354ba29ce3f748d8,0,train,images/train/11f9917f633ced677823c569768cf9762a25da4c6af66c91a93ccb8522acefb2.jpg,labels/train/11f9917f633ced677823c569768cf9762a25da4c6af66c91a93ccb8522acefb2.txt,eaa93b4ee366f774fae9e057c709fc65b96f46b7485374b2354ba29ce3f748d8,pixel-extremes-v1,87f64e55aa7b63804c03badb8d3cf038c7f8a2bdff322bf6a983acd6697d72a0
7898142867680,11fbf334d887bd68afca72f1989b701c687d26ceb06e6790daa63759b383602a,54386bfa4bb1ebea299653102a7d88ae3796b3c919179a09ffb2e6a0fab11880,0,val,images/val/11fbf334d887bd68afca72f1989b701c687d26ceb06e6790daa63759b383602a.jpg,labels/val/11fbf334d887bd68afca72f1989b701c687d26ceb06e6790daa63759b383602a.txt,54386bfa4bb1ebea299653102a7d88ae3796b3c919179a09ffb2e6a0fab11880,pixel-extremes-v1,87f64e55aa7b63804c03badb8d3cf038c7f8a2bdff322bf6a983acd6697d72a0
7509552982732,1227cd709b3a9cbb310cd30506979cb5e09d1578b17f41dee47eb1444c32bd9a,18621f548b4ca1b479e673373477c233b2d6c86611a999b119fe9af7abb68ca2,0,train,images/train/1227cd709b3a9cbb310cd30506979cb5e09d1578b17f41dee47eb1444c32bd9a.jpg,labels/train/1227cd709b3a9cbb310cd30506979cb5e09d1578b17f41dee47eb1444c32bd9a.txt,18621f548b4ca1b479e673373477c233b2d6c86611a999b119fe9af7abb68ca2,pixel-extremes-v1,87f64e55aa7b63804c03badb8d3cf038c7f8a2bdff322bf6a983acd6697d72a0
4059729522023,1249873fbbd18536c46e9c7a4b05d362a0a888173b5cf8e159d9521b72cebdfc,7cc295aeba8559987537a1163b1cbc02f11e9c7580d49e7ef7332f7c8a28db4e,0,test,images/test/1249873fbbd18536c46e9c7a4b05d362a0a888173b5cf8e159d9521b72cebdfc.jpg,labels/test/1249873fbbd18536c46e9c7a4b05d362a0a888173b5cf8e159d9521b72cebdfc.txt,7cc295aeba8559987537a1163b1cbc02f11e9c7580d49e7ef7332f7c8a28db4e,pixel-extremes-v1,87f64e55aa7b63804c03badb8d3cf038c7f8a2bdff322bf6a983acd6697d72a0
7774904407489,126675cc86ddf627382b527c3592c38704ad0956c55d0b82b440ac0d3bf851bf,d2f562c40ac9e834608b22345ba05c6a00fabfe9c4c5e975836b2cd046c5b2e2,0,train,images/train/126675cc86ddf627382b527c3592c38704ad0956c55d0b82b440ac0d3bf851bf.jpg,labels/train/126675cc86ddf627382b527c3592c38704ad0956c55d0b82b440ac0d3bf851bf.txt,d2f562c40ac9e834608b22345ba05c6a00fabfe9c4c5e975836b2cd046c5b2e2,pixel-extremes-v1,87f64e55aa7b63804c03badb8d3cf038c7f8a2bdff322bf6a983acd6697d72a0
9000212,12769f487503d38c6bb966d65a432adb0fb771faebf3c52c9c155eadcdae1d73,42b5bbfcf6660bfb754c07e833cc2980fa1b5d9887c054ffafd67022c28d4539,0,train,images/train/12769f487503d38c6bb966d65a432adb0fb771faebf3c52c9c155eadcdae1d73.jpg,labels/train/12769f487503d38c6bb966d65a432adb0fb771faebf3c52c9c155eadcdae1d73.txt,42b5bbfcf6660bfb754c07e833cc2980fa1b5d9887c054ffafd67022c28d4539,pixel-extremes-v1,87f64e55aa7b63804c03badb8d3cf038c7f8a2bdff322bf6a983acd6697d72a0
7840185788514,12d686f87a2f07f8eb2c0566b38c73d270aa60eead91023cf4d8e02f9a234842,35ffbe3c0515e8453bb276752a2110bc89f2042818b6387ca80b9fc13ca818e9,0,train,images/train/12d686f87a2f07f8eb2c0566b38c73d270aa60eead91023cf4d8e02f9a234842.jpg,labels/train/12d686f87a2f07f8eb2c0566b38c73d270aa60eead91023cf4d8e02f9a234842.txt,35ffbe3c0515e8453bb276752a2110bc89f2042818b6387ca80b9fc13ca818e9,pixel-extremes-v1,87f64e55aa7b63804c03badb8d3cf038c7f8a2bdff322bf6a983acd6697d72a0
7891150103832,13e720322b28404961f2a16829ddbc7275c0c3428f10cbdaffd025f53f670afd,86d96c7eea83a6d9305cf3ecb6565874997d376193dd3e4e4aa977d21c854b8e,0,val,images/val/13e720322b28404961f2a16829ddbc7275c0c3428f10cbdaffd025f53f670afd.jpg,labels/val/13e720322b28404961f2a16829ddbc7275c0c3428f10cbdaffd025f53f670afd.txt,86d96c7eea83a6d9305cf3ecb6565874997d376193dd3e4e4aa977d21c854b8e,pixel-extremes-v1,87f64e55aa7b63804c03badb8d3cf038c7f8a2bdff322bf6a983acd6697d72a0
7896404600099,14643e59a3728bce37a0bcea1f6cb5d6ffbe261b40aeed2a890d13f3b897586f,7045219e8644ed820f40b080fddff34a0f50ad055ce91515f0a59f81a970f994,0,train,images/train/14643e59a3728bce37a0bcea1f6cb5d6ffbe261b40aeed2a890d13f3b897586f.jpg,labels/train/14643e59a3728bce37a0bcea1f6cb5d6ffbe261b40aeed2a890d13f3b897586f.txt,7045219e8644ed820f40b080fddff34a0f50ad055ce91515f0a59f81a970f994,pixel-extremes-v1,87f64e55aa7b63804c03badb8d3cf038c7f8a2bdff322bf6a983acd6697d72a0
077948588,1468fabe8909611b50ac95c14eb4271c2af67b80be2a8d321ca6a0d1ba3fb26a,c1ce0e716162b655d2245bf96c0cb2d160268e19ae6ccca1936454d3bc172a72,0,train,images/train/1468fabe8909611b50ac95c14eb4271c2af67b80be2a8d321ca6a0d1ba3fb26a.jpg,labels/train/1468fabe8909611b50ac95c14eb4271c2af67b80be2a8d321ca6a0d1ba3fb26a.txt,c1ce0e716162b655d2245bf96c0cb2d160268e19ae6ccca1936454d3bc172a72,pixel-extremes-v1,87f64e55aa7b63804c03badb8d3cf038c7f8a2bdff322bf6a983acd6697d72a0
0610985012303,14d3d4726fd35c3b850ad13a2b2dae31a465b36736dcfba31496e8c0a6c13acc,e7cc30931d3650536fb86c392e916b3a32915bd40b0d867f61e99029898dc93e,0,val,images/val/14d3d4726fd35c3b850ad13a2b2dae31a465b36736dcfba31496e8c0a6c13acc.jpg,labels/val/14d3d4726fd35c3b850ad13a2b2dae31a465b36736dcfba31496e8c0a6c13acc.txt,e7cc30931d3650536fb86c392e916b3a32915bd40b0d867f61e99029898dc93e,pixel-extremes-v1,87f64e55aa7b63804c03badb8d3cf038c7f8a2bdff322bf6a983acd6697d72a0
7891150099463,15afc7887f33d5d3c773e037a56db6b6a75ae52bf70fa61020645e4cd66d54fc,e1714171b6787d70c0a315f4516166615424575d96ee7558d32314b3691535a6,0,val,images/val/15afc7887f33d5d3c773e037a56db6b6a75ae52bf70fa61020645e4cd66d54fc.jpg,labels/val/15afc7887f33d5d3c773e037a56db6b6a75ae52bf70fa61020645e4cd66d54fc.txt,e1714171b6787d70c0a315f4516166615424575d96ee7558d32314b3691535a6,pixel-extremes-v1,87f64e55aa7b63804c03badb8d3cf038c7f8a2bdff322bf6a983acd6697d72a0
7771260760067,165c470a8cc984630b9f2fc0cdb7dd94e7222d2d2af06084afeaaf48adc14405,1a1429e73bf8b645419564b8ea1d78428c167ec533b1d14f3ebf861f90040c40,0,train,images/train/165c470a8cc984630b9f2fc0cdb7dd94e7222d2d2af06084afeaaf48adc14405.jpg,labels/train/165c470a8cc984630b9f2fc0cdb7dd94e7222d2d2af06084afeaaf48adc14405.txt,1a1429e73bf8b645419564b8ea1d78428c167ec533b1d14f3ebf861f90040c40,pixel-extremes-v1,87f64e55aa7b63804c03badb8d3cf038c7f8a2bdff322bf6a983acd6697d72a0
7896451912466,16966295008a68d13117e0130d8af6c6fdae2b7c2db1361c68342aab520e3eac,b1ad31c8275ef0a11d08cfd675235481d78dee57d2b16dbf1f8d8b5b0d7b232c,0,test,images/test/16966295008a68d13117e0130d8af6c6fdae2b7c2db1361c68342aab520e3eac.jpg,labels/test/16966295008a68d13117e0130d8af6c6fdae2b7c2db1361c68342aab520e3eac.txt,b1ad31c8275ef0a11d08cfd675235481d78dee57d2b16dbf1f8d8b5b0d7b232c,pixel-extremes-v1,87f64e55aa7b63804c03badb8d3cf038c7f8a2bdff322bf6a983acd6697d72a0
7896451912541,170d93cfec9379c1938f55110bb50320fc3ae5e339dd0872f3f59d2a5d8da104,fae1a4ceb6622e17faeec2d5a5e9845737a92665f4f37dc930c5bc84a6e39f67,0,train,images/train/170d93cfec9379c1938f55110bb50320fc3ae5e339dd0872f3f59d2a5d8da104.jpg,labels/train/170d93cfec9379c1938f55110bb50320fc3ae5e339dd0872f3f59d2a5d8da104.txt,fae1a4ceb6622e17faeec2d5a5e9845737a92665f4f37dc930c5bc84a6e39f67,pixel-extremes-v1,87f64e55aa7b63804c03badb8d3cf038c7f8a2bdff322bf6a983acd6697d72a0
7770108960157,1737c47accb029f4a7a9758fe9027398c8ba4f9ffbc88c985c150c9d87973672,2d8970002d6496a81133c8079afb9fbc3812e900ced354fa8ef3fe4a8e19f9be,0,train,images/train/1737c47accb029f4a7a9758fe9027398c8ba4f9ffbc88c985c150c9d87973672.jpg,labels/train/1737c47accb029f4a7a9758fe9027398c8ba4f9ffbc88c985c150c9d87973672.txt,2d8970002d6496a81133c8079afb9fbc3812e900ced354fa8ef3fe4a8e19f9be,pixel-extremes-v1,87f64e55aa7b63804c03badb8d3cf038c7f8a2bdff322bf6a983acd6697d72a0
7841503002497,173db71f8ca9cc653effd5a99a39a21469852783fdb54d56fd8b23d60e25b20c,a94846896ac3f1700224adc1855ef79fc8def17af61d9817d6c248b977957c21,0,train,images/train/173db71f8ca9cc653effd5a99a39a21469852783fdb54d56fd8b23d60e25b20c.jpg,labels/train/173db71f8ca9cc653effd5a99a39a21469852783fdb54d56fd8b23d60e25b20c.txt,a94846896ac3f1700224adc1855ef79fc8def17af61d9817d6c248b977957c21,pixel-extremes-v1,87f64e55aa7b63804c03badb8d3cf038c7f8a2bdff322bf6a983acd6697d72a0
7894904268290,174bcd58dd88f48a422aa1871968fcc1e2c4319b97e6e310332ed009323f8921,a2190b20931ee30aaee66c705cb59a6b341ce595719600b0ae749d08a41119ed,0,val,images/val/174bcd58dd88f48a422aa1871968fcc1e2c4319b97e6e310332ed009323f8921.jpg,labels/val/174bcd58dd88f48a422aa1871968fcc1e2c4319b97e6e310332ed009323f8921.txt,a2190b20931ee30aaee66c705cb59a6b341ce595719600b0ae749d08a41119ed,pixel-extremes-v1,87f64e55aa7b63804c03badb8d3cf038c7f8a2bdff322bf6a983acd6697d72a0
3501121,17f02c31541ece4711456e465bc5a7e922141e81d3839220f4fc9fbbfb5fd06c,63455251accaffa8b0e7f30044536a3afc42be450c8f1f923a48849bdb64ac81,0,train,images/train/17f02c31541ece4711456e465bc5a7e922141e81d3839220f4fc9fbbfb5fd06c.jpg,labels/train/17f02c31541ece4711456e465bc5a7e922141e81d3839220f4fc9fbbfb5fd06c.txt,63455251accaffa8b0e7f30044536a3afc42be450c8f1f923a48849bdb64ac81,pixel-extremes-v1,87f64e55aa7b63804c03badb8d3cf038c7f8a2bdff322bf6a983acd6697d72a0
7774440391754,184f946fab8f8c00be081ca94ececd1bebd58d7f357b4db33027610ac2216788,92fbdec747082b6a373ba58083732136303b43f413cd5fe71aa7332a80247e9c,0,train,images/train/184f946fab8f8c00be081ca94ececd1bebd58d7f357b4db33027610ac2216788.jpg,labels/train/184f946fab8f8c00be081ca94ececd1bebd58d7f357b4db33027610ac2216788.txt,92fbdec747082b6a373ba58083732136303b43f413cd5fe71aa7332a80247e9c,pixel-extremes-v1,87f64e55aa7b63804c03badb8d3cf038c7f8a2bdff322bf6a983acd6697d72a0
7896023082979,189acbff232071f95288975fd978f779e3ee596633a5650a58ec16e3af3ebde4,f7c4bdf6cc414368b094726fa50870393818a1fd701512b9f0cad936e982bae8,0,train,images/train/189acbff232071f95288975fd978f779e3ee596633a5650a58ec16e3af3ebde4.jpg,labels/train/189acbff232071f95288975fd978f779e3ee596633a5650a58ec16e3af3ebde4.txt,f7c4bdf6cc414368b094726fa50870393818a1fd701512b9f0cad936e982bae8,pixel-extremes-v1,87f64e55aa7b63804c03badb8d3cf038c7f8a2bdff322bf6a983acd6697d72a0
7896183911027,19038b00cc2ea092950385b93f64f4cc80296288f9fba79adfacabcac355c70a,a7ca20742cb748c0373fc709320fa87ce652fcaa181872c64a4aefab88e590ae,0,train,images/train/19038b00cc2ea092950385b93f64f4cc80296288f9fba79adfacabcac355c70a.jpg,labels/train/19038b00cc2ea092950385b93f64f4cc80296288f9fba79adfacabcac355c70a.txt,a7ca20742cb748c0373fc709320fa87ce652fcaa181872c64a4aefab88e590ae,pixel-extremes-v1,87f64e55aa7b63804c03badb8d3cf038c7f8a2bdff322bf6a983acd6697d72a0
7772115100632,19222539f6afcbea6512a3a714251d643fa6bfe59b28fc95c4bb4e77a374e9dc,ba7195b8db5cdd5475276a985fe20032f5336995b0ff4ab6db70979eff690020,0,train,images/train/19222539f6afcbea6512a3a714251d643fa6bfe59b28fc95c4bb4e77a374e9dc.jpg,labels/train/19222539f6afcbea6512a3a714251d643fa6bfe59b28fc95c4bb4e77a374e9dc.txt,ba7195b8db5cdd5475276a985fe20032f5336995b0ff4ab6db70979eff690020,pixel-extremes-v1,87f64e55aa7b63804c03badb8d3cf038c7f8a2bdff322bf6a983acd6697d72a0
7896902288799,1956bda85b04cd16b57ea172dfbc56f6e4550f329fdef33423ecf72fe6bdf156,e51c86bd2c9944cf93707a0444b75f4badc72a74c8cd06b3424951d1f978b72b,0,train,images/train/1956bda85b04cd16b57ea172dfbc56f6e4550f329fdef33423ecf72fe6bdf156.jpg,labels/train/1956bda85b04cd16b57ea172dfbc56f6e4550f329fdef33423ecf72fe6bdf156.txt,e51c86bd2c9944cf93707a0444b75f4badc72a74c8cd06b3424951d1f978b72b,pixel-extremes-v1,87f64e55aa7b63804c03badb8d3cf038c7f8a2bdff322bf6a983acd6697d72a0
7790580151195,19b318faa2f9b7366700f8b42d753c16974842bac362095280dafe90a8321921,e8c32f0beef2a8ff03a9c2717e6cf877bf3569aedb50dd047fb5893580cb5127,0,train,images/train/19b318faa2f9b7366700f8b42d753c16974842bac362095280dafe90a8321921.jpg,labels/train/19b318faa2f9b7366700f8b42d753c16974842bac362095280dafe90a8321921.txt,e8c32f0beef2a8ff03a9c2717e6cf877bf3569aedb50dd047fb5893580cb5127,pixel-extremes-v1,87f64e55aa7b63804c03badb8d3cf038c7f8a2bdff322bf6a983acd6697d72a0
7779970870168,19cf04e83a980d61a09bff3cea3775b45b161c4b98e734fbf6cb6ef073ed552a,96ec77ff5878afad04b3c92e2adf643228051c5d8574f51e06d8b98aa1a7a352,0,train,images/train/19cf04e83a980d61a09bff3cea3775b45b161c4b98e734fbf6cb6ef073ed552a.jpg,labels/train/19cf04e83a980d61a09bff3cea3775b45b161c4b98e734fbf6cb6ef073ed552a.txt,96ec77ff5878afad04b3c92e2adf643228051c5d8574f51e06d8b98aa1a7a352,pixel-extremes-v1,87f64e55aa7b63804c03badb8d3cf038c7f8a2bdff322bf6a983acd6697d72a0
7896023016639,1a48d2e7ee674e217122c1d7081fcecd71ce827adfa170614e21007c517e1f56,f57b2001bcf26a96fef1174c211313c3671bb5fe66734405aa0813591842c652,0,test,images/test/1a48d2e7ee674e217122c1d7081fcecd71ce827adfa170614e21007c517e1f56.jpg,labels/test/1a48d2e7ee674e217122c1d7081fcecd71ce827adfa170614e21007c517e1f56.txt,f57b2001bcf26a96fef1174c211313c3671bb5fe66734405aa0813591842c652,pixel-extremes-v1,87f64e55aa7b63804c03badb8d3cf038c7f8a2bdff322bf6a983acd6697d72a0
309974209014,1b5bc2fd4a0f4213ac27bca1677d4e7086672d6fb4262cf3f523a3f5416b6165,3fa30a1726ac8d2fee8fd2c6acdcefddac44cc7aa21c1ce78f7962ff4c959de2,0,val,images/val/1b5bc2fd4a0f4213ac27bca1677d4e7086672d6fb4262cf3f523a3f5416b6165.jpg,labels/val/1b5bc2fd4a0f4213ac27bca1677d4e7086672d6fb4262cf3f523a3f5416b6165.txt,3fa30a1726ac8d2fee8fd2c6acdcefddac44cc7aa21c1ce78f7962ff4c959de2,pixel-extremes-v1,87f64e55aa7b63804c03badb8d3cf038c7f8a2bdff322bf6a983acd6697d72a0
7898142866935,1b96b37ba93481d47b0cfcb02e93d178121e6a3272bdf7b6c934dec249e57b9e,5fd149342bb2c35f12c769b9ae7f59d939d507ab750530b55d0ffc58b0c053bb,0,train,images/train/1b96b37ba93481d47b0cfcb02e93d178121e6a3272bdf7b6c934dec249e57b9e.jpg,labels/train/1b96b37ba93481d47b0cfcb02e93d178121e6a3272bdf7b6c934dec249e57b9e.txt,5fd149342bb2c35f12c769b9ae7f59d939d507ab750530b55d0ffc58b0c053bb,pixel-extremes-v1,87f64e55aa7b63804c03badb8d3cf038c7f8a2bdff322bf6a983acd6697d72a0
7772919390468,1bcf2152429fce6a8f2917a2c9eb2b92d5601513ba2973460f1a241cf48eec1b,bf904d5491f9e73f6b24d2d64063d11b4219d9a07c19045f1478cc928d6ba66c,0,train,images/train/1bcf2152429fce6a8f2917a2c9eb2b92d5601513ba2973460f1a241cf48eec1b.jpg,labels/train/1bcf2152429fce6a8f2917a2c9eb2b92d5601513ba2973460f1a241cf48eec1b.txt,bf904d5491f9e73f6b24d2d64063d11b4219d9a07c19045f1478cc928d6ba66c,pixel-extremes-v1,87f64e55aa7b63804c03badb8d3cf038c7f8a2bdff322bf6a983acd6697d72a0
7896023012471,1bfac3b10ddb1dc792a8f2f2625d0363324f0b852fc60fc80a649013148c180d,50c7ac50881f17881a398a04bb339cf95b25fa54a83c9895e828a424b9ec2c7e,0,train,images/train/1bfac3b10ddb1dc792a8f2f2625d0363324f0b852fc60fc80a649013148c180d.jpg,labels/train/1bfac3b10ddb1dc792a8f2f2625d0363324f0b852fc60fc80a649013148c180d.txt,50c7ac50881f17881a398a04bb339cf95b25fa54a83c9895e828a424b9ec2c7e,pixel-extremes-v1,87f64e55aa7b63804c03badb8d3cf038c7f8a2bdff322bf6a983acd6697d72a0
7899808880456,1c4ceb51c2f347647367e4360af8cf802423ceee4ec1650b727139312225252b,edf1bea1be2bc343cce3b10f030fcb9c6a340ba33bb52d87331f49effa3b1017,0,test,images/test/1c4ceb51c2f347647367e4360af8cf802423ceee4ec1650b727139312225252b.jpg,labels/test/1c4ceb51c2f347647367e4360af8cf802423ceee4ec1650b727139312225252b.txt,edf1bea1be2bc343cce3b10f030fcb9c6a340ba33bb52d87331f49effa3b1017,pixel-extremes-v1,87f64e55aa7b63804c03badb8d3cf038c7f8a2bdff322bf6a983acd6697d72a0
7899808880357,1c4dd752598ee953b8712f99e5ebf163666284a1a8941acd96389c4b2bf49a89,0765dafdc6abbf7bac4dadafebff48257ec978ddafb61cb7fd9931aa88b12399,0,train,images/train/1c4dd752598ee953b8712f99e5ebf163666284a1a8941acd96389c4b2bf49a89.jpg,labels/train/1c4dd752598ee953b8712f99e5ebf163666284a1a8941acd96389c4b2bf49a89.txt,0765dafdc6abbf7bac4dadafebff48257ec978ddafb61cb7fd9931aa88b12399,pixel-extremes-v1,87f64e55aa7b63804c03badb8d3cf038c7f8a2bdff322bf6a983acd6697d72a0
7771228000099,1c74c3d5a2f13e995c28c86431a02f5d0de06425f8b13ec269562f47a246ae31,fc3351ce16ef80c21720c9f8305cdaff7636192a7b4d3b73a4efc1d29e2c3952,0,train,images/train/1c74c3d5a2f13e995c28c86431a02f5d0de06425f8b13ec269562f47a246ae31.jpg,labels/train/1c74c3d5a2f13e995c28c86431a02f5d0de06425f8b13ec269562f47a246ae31.txt,fc3351ce16ef80c21720c9f8305cdaff7636192a7b4d3b73a4efc1d29e2c3952,pixel-extremes-v1,87f64e55aa7b63804c03badb8d3cf038c7f8a2bdff322bf6a983acd6697d72a0
7896902289529,1cae6a5daad48f354d96931ee35baad6e22a4e3bb204d11068a78c423bb5e7e7,f8b47cb10d4be53d7fabbf17b3a9f58d5c595fa272600daf2afefe2371eced9e,0,train,images/train/1cae6a5daad48f354d96931ee35baad6e22a4e3bb204d11068a78c423bb5e7e7.jpg,labels/train/1cae6a5daad48f354d96931ee35baad6e22a4e3bb204d11068a78c423bb5e7e7.txt,f8b47cb10d4be53d7fabbf17b3a9f58d5c595fa272600daf2afefe2371eced9e,pixel-extremes-v1,87f64e55aa7b63804c03badb8d3cf038c7f8a2bdff322bf6a983acd6697d72a0
7896451912480,1cc036cd41d5b05c919636f12c13eb7dac5247d712c182a341046d9342455d1e,dfb798159dceceb77651cd17b6e7267b59d76ffa0f8d6f1111f8621328b6d962,0,train,images/train/1cc036cd41d5b05c919636f12c13eb7dac5247d712c182a341046d9342455d1e.jpg,labels/train/1cc036cd41d5b05c919636f12c13eb7dac5247d712c182a341046d9342455d1e.txt,dfb798159dceceb77651cd17b6e7267b59d76ffa0f8d6f1111f8621328b6d962,pixel-extremes-v1,87f64e55aa7b63804c03badb8d3cf038c7f8a2bdff322bf6a983acd6697d72a0
7896115704109,1d2efdffac3c0b9e5061a860a0d9dea2899d2f9777b739046c6a2c802c46cb82,b3ded3c3642b9844da477992ef5c8368b54d679b673fa0d88b8628bb1f6eda02,0,val,images/val/1d2efdffac3c0b9e5061a860a0d9dea2899d2f9777b739046c6a2c802c46cb82.jpg,labels/val/1d2efdffac3c0b9e5061a860a0d9dea2899d2f9777b739046c6a2c802c46cb82.txt,b3ded3c3642b9844da477992ef5c8368b54d679b673fa0d88b8628bb1f6eda02,pixel-extremes-v1,87f64e55aa7b63804c03badb8d3cf038c7f8a2bdff322bf6a983acd6697d72a0
7770109060016,1d3bcd51af0dedeffa9a8e434a91757aad70a02f88cb7ef6f4c240897527d38e,2b50568afda13c8fc2975c9b84e9f1b662978bc3bc3cfbf126193ef2d939a78f,0,train,images/train/1d3bcd51af0dedeffa9a8e434a91757aad70a02f88cb7ef6f4c240897527d38e.jpg,labels/train/1d3bcd51af0dedeffa9a8e434a91757aad70a02f88cb7ef6f4c240897527d38e.txt,2b50568afda13c8fc2975c9b84e9f1b662978bc3bc3cfbf126193ef2d939a78f,pixel-extremes-v1,87f64e55aa7b63804c03badb8d3cf038c7f8a2bdff322bf6a983acd6697d72a0
041554098389,1d8846529ca40105f0c9503184670a1b75a452a0b78d1b206c77c9207534ba11,bd30eb8f77e56cad10044c48038c50059085ec76e14f6a21664b5bd4c2f3df51,0,train,images/train/1d8846529ca40105f0c9503184670a1b75a452a0b78d1b206c77c9207534ba11.jpg,labels/train/1d8846529ca40105f0c9503184670a1b75a452a0b78d1b206c77c9207534ba11.txt,bd30eb8f77e56cad10044c48038c50059085ec76e14f6a21664b5bd4c2f3df51,pixel-extremes-v1,87f64e55aa7b63804c03badb8d3cf038c7f8a2bdff322bf6a983acd6697d72a0
7896451916709,1db2e2e7a415726f2fd955d29d0b54a3bc097e7d49b1a4560c1025712a0f9b28,8dcf8d015526469cfca4475dcbda5a5de181bba69ed6b3a5c45b9fb0634f8201,0,train,images/train/1db2e2e7a415726f2fd955d29d0b54a3bc097e7d49b1a4560c1025712a0f9b28.jpg,labels/train/1db2e2e7a415726f2fd955d29d0b54a3bc097e7d49b1a4560c1025712a0f9b28.txt,8dcf8d015526469cfca4475dcbda5a5de181bba69ed6b3a5c45b9fb0634f8201,pixel-extremes-v1,87f64e55aa7b63804c03badb8d3cf038c7f8a2bdff322bf6a983acd6697d72a0
7792070054245,1e242f123f958f240aa4565476ed8ebb6b25203b433b1b14b32d0dfa1e8f0d6a,7f10e69ef4f84e1432b7bb12f291456bc03e51da13b9ad6ed36b7d100d9fb3ab,0,val,images/val/1e242f123f958f240aa4565476ed8ebb6b25203b433b1b14b32d0dfa1e8f0d6a.jpg,labels/val/1e242f123f958f240aa4565476ed8ebb6b25203b433b1b14b32d0dfa1e8f0d6a.txt,7f10e69ef4f84e1432b7bb12f291456bc03e51da13b9ad6ed36b7d100d9fb3ab,pixel-extremes-v1,87f64e55aa7b63804c03badb8d3cf038c7f8a2bdff322bf6a983acd6697d72a0
7770000850044,1e427c4167a9777092b3648045a6c958ec219f81f95bda3e73b4ac96ef64c344,aa7171dfc0fb210b4566afe47df950981991c251174fbcc613a95defe11d86ad,0,train,images/train/1e427c4167a9777092b3648045a6c958ec219f81f95bda3e73b4ac96ef64c344.jpg,labels/train/1e427c4167a9777092b3648045a6c958ec219f81f95bda3e73b4ac96ef64c344.txt,aa7171dfc0fb210b4566afe47df950981991c251174fbcc613a95defe11d86ad,pixel-extremes-v1,87f64e55aa7b63804c03badb8d3cf038c7f8a2bdff322bf6a983acd6697d72a0
7509552961904,1f37dc0bc5146d48b6e9988724f8f92365c324b11f3f1e00e4a91569f3a99c36,868b6d2f872dde5c98f37e60d8ce89b9759a7031fd21248f1515e087d032da5c,0,test,images/test/1f37dc0bc5146d48b6e9988724f8f92365c324b11f3f1e00e4a91569f3a99c36.jpg,labels/test/1f37dc0bc5146d48b6e9988724f8f92365c324b11f3f1e00e4a91569f3a99c36.txt,868b6d2f872dde5c98f37e60d8ce89b9759a7031fd21248f1515e087d032da5c,pixel-extremes-v1,87f64e55aa7b63804c03badb8d3cf038c7f8a2bdff322bf6a983acd6697d72a0
7771260681676,1f9ec91e85158cc623fee91969a4254a7ae053215945958c0f6a03eb243d2d16,b2da85ec588e75bd0be6bbd32c736622cc6068a7f086ab0d09be19e78627874a,0,train,images/train/1f9ec91e85158cc623fee91969a4254a7ae053215945958c0f6a03eb243d2d16.png,labels/train/1f9ec91e85158cc623fee91969a4254a7ae053215945958c0f6a03eb243d2d16.txt,b2da85ec588e75bd0be6bbd32c736622cc6068a7f086ab0d09be19e78627874a,pixel-extremes-v1,87f64e55aa7b63804c03badb8d3cf038c7f8a2bdff322bf6a983acd6697d72a0
7778608382080,1ff24abdb2cf7abf78465ba7c13aa8a3580fb175796a5883fbc97240ba922877,58fbc20674362b1ce1e08d0700a44a79774ce7ba0ab882c94e42c5939b47c566,0,test,images/test/1ff24abdb2cf7abf78465ba7c13aa8a3580fb175796a5883fbc97240ba922877.jpg,labels/test/1ff24abdb2cf7abf78465ba7c13aa8a3580fb175796a5883fbc97240ba922877.txt,58fbc20674362b1ce1e08d0700a44a79774ce7ba0ab882c94e42c5939b47c566,pixel-extremes-v1,87f64e55aa7b63804c03badb8d3cf038c7f8a2bdff322bf6a983acd6697d72a0
309974700146,2128719317a13661903e8a715a35c89d4d95424b598f177531e2182c6bee11c3,3b77536507299fddd82705e9578ca8a3fe9da0cd965dd7281bf07f5caf5f87b6,0,test,images/test/2128719317a13661903e8a715a35c89d4d95424b598f177531e2182c6bee11c3.jpg,labels/test/2128719317a13661903e8a715a35c89d4d95424b598f177531e2182c6bee11c3.txt,3b77536507299fddd82705e9578ca8a3fe9da0cd965dd7281bf07f5caf5f87b6,pixel-extremes-v1,87f64e55aa7b63804c03badb8d3cf038c7f8a2bdff322bf6a983acd6697d72a0
8901023028434,215bfe1055cb6328d333bd122c4f9cd24ebdc5e07bebfbeba62a8df942d9348a,9d34d5a30ef05de956a0041cf198564b507cd2684d2aa07a14f5bafb470cad60,0,val,images/val/215bfe1055cb6328d333bd122c4f9cd24ebdc5e07bebfbeba62a8df942d9348a.jpg,labels/val/215bfe1055cb6328d333bd122c4f9cd24ebdc5e07bebfbeba62a8df942d9348a.txt,9d34d5a30ef05de956a0041cf198564b507cd2684d2aa07a14f5bafb470cad60,pixel-extremes-v1,87f64e55aa7b63804c03badb8d3cf038c7f8a2bdff322bf6a983acd6697d72a0
7861087802597,22d85b1952faf972b5cabd178e14cc782eac9ff71361f9191a28f753bc8b9082,c294dc07629c6523d5f92f73f121c811beadd76a466a4387cbb075c0ff6edad0,0,train,images/train/22d85b1952faf972b5cabd178e14cc782eac9ff71361f9191a28f753bc8b9082.jpg,labels/train/22d85b1952faf972b5cabd178e14cc782eac9ff71361f9191a28f753bc8b9082.txt,c294dc07629c6523d5f92f73f121c811beadd76a466a4387cbb075c0ff6edad0,pixel-extremes-v1,87f64e55aa7b63804c03badb8d3cf038c7f8a2bdff322bf6a983acd6697d72a0
7506306252837,22df33e59fe22a8924894a4ac34a3ef8d8d0a1a674ee61642550f48518fdad5e,48f4739e75707f3bf9b44159aef8859aa51bbaad865f9130ce9f99b6458c836a,0,train,images/train/22df33e59fe22a8924894a4ac34a3ef8d8d0a1a674ee61642550f48518fdad5e.jpg,labels/train/22df33e59fe22a8924894a4ac34a3ef8d8d0a1a674ee61642550f48518fdad5e.txt,48f4739e75707f3bf9b44159aef8859aa51bbaad865f9130ce9f99b6458c836a,pixel-extremes-v1,87f64e55aa7b63804c03badb8d3cf038c7f8a2bdff322bf6a983acd6697d72a0
7771612001398,233027468dcbc64624b628e18b159ffe09d51326aa4c4b0309c77b0f86bc50d8,32b9707709be5a8068431abff96a967ccacecd595f06af30b30a5dfa02bd6abf,0,train,images/train/233027468dcbc64624b628e18b159ffe09d51326aa4c4b0309c77b0f86bc50d8.jpg,labels/train/233027468dcbc64624b628e18b159ffe09d51326aa4c4b0309c77b0f86bc50d8.txt,32b9707709be5a8068431abff96a967ccacecd595f06af30b30a5dfa02bd6abf,pixel-extremes-v1,87f64e55aa7b63804c03badb8d3cf038c7f8a2bdff322bf6a983acd6697d72a0
7773431000095,25173230998c4086aaa60c0dae0cfe97c6663d91b01fab3454a0a6dc9fc28959,c66d95d75c6671f9ce375433184d8ff1c0146119c6db8e3f60e1172b593288b4,0,val,images/val/25173230998c4086aaa60c0dae0cfe97c6663d91b01fab3454a0a6dc9fc28959.jpg,labels/val/25173230998c4086aaa60c0dae0cfe97c6663d91b01fab3454a0a6dc9fc28959.txt,c66d95d75c6671f9ce375433184d8ff1c0146119c6db8e3f60e1172b593288b4,pixel-extremes-v1,87f64e55aa7b63804c03badb8d3cf038c7f8a2bdff322bf6a983acd6697d72a0
7798178800685,251a162f2268746e5aa5ebbde3750df992601e43e580443ddc7a5bd58b040670,2be3cd98510e0f7be28ffd399770c982ca4a512c7c2f76ee2679408970e94ac4,0,train,images/train/251a162f2268746e5aa5ebbde3750df992601e43e580443ddc7a5bd58b040670.jpg,labels/train/251a162f2268746e5aa5ebbde3750df992601e43e580443ddc7a5bd58b040670.txt,2be3cd98510e0f7be28ffd399770c982ca4a512c7c2f76ee2679408970e94ac4,pixel-extremes-v1,87f64e55aa7b63804c03badb8d3cf038c7f8a2bdff322bf6a983acd6697d72a0
3501112,251d88d72344db6bf4bac6fcbfa0798a18ae8a58a27c7b739453aa27178ad2d8,06b9e9678c13fff72ac7e6f6ecaaf4ffa28f5d451bd3b4391fced7884409a1ef,0,train,images/train/251d88d72344db6bf4bac6fcbfa0798a18ae8a58a27c7b739453aa27178ad2d8.jpg,labels/train/251d88d72344db6bf4bac6fcbfa0798a18ae8a58a27c7b739453aa27178ad2d8.txt,06b9e9678c13fff72ac7e6f6ecaaf4ffa28f5d451bd3b4391fced7884409a1ef,pixel-extremes-v1,87f64e55aa7b63804c03badb8d3cf038c7f8a2bdff322bf6a983acd6697d72a0
7896115703560,2592cf432c5b1a976caf2cb0ddc366106682acfc6fd7484e4ee2c61113e1b9b5,278d7b9ae92240589523b9b33833be01cab9568d296fbbb51345847f138e42aa,0,train,images/train/2592cf432c5b1a976caf2cb0ddc366106682acfc6fd7484e4ee2c61113e1b9b5.jpg,labels/train/2592cf432c5b1a976caf2cb0ddc366106682acfc6fd7484e4ee2c61113e1b9b5.txt,278d7b9ae92240589523b9b33833be01cab9568d296fbbb51345847f138e42aa,pixel-extremes-v1,87f64e55aa7b63804c03badb8d3cf038c7f8a2bdff322bf6a983acd6697d72a0
7771259758112,25fc98b36014da7d1d56cf29b15143a85551e2a160a95a1510349d53b2415a32,37cefe0fa2b1e7c91e652d01f5c593189dfaffa81ea27d2591e6d33a81e8c841,0,train,images/train/25fc98b36014da7d1d56cf29b15143a85551e2a160a95a1510349d53b2415a32.jpg,labels/train/25fc98b36014da7d1d56cf29b15143a85551e2a160a95a1510349d53b2415a32.txt,37cefe0fa2b1e7c91e652d01f5c593189dfaffa81ea27d2591e6d33a81e8c841,pixel-extremes-v1,87f64e55aa7b63804c03badb8d3cf038c7f8a2bdff322bf6a983acd6697d72a0
7909930024922,264ba1a54f41c831501890ed1663f0ead03583add35b7e6b74574a85efc674e1,088ea1a3ceaf47ad8366496268d87bfe1c2f3954716aed59c5983805defcd847,0,val,images/val/264ba1a54f41c831501890ed1663f0ead03583add35b7e6b74574a85efc674e1.jpg,labels/val/264ba1a54f41c831501890ed1663f0ead03583add35b7e6b74574a85efc674e1.txt,088ea1a3ceaf47ad8366496268d87bfe1c2f3954716aed59c5983805defcd847,pixel-extremes-v1,87f64e55aa7b63804c03badb8d3cf038c7f8a2bdff322bf6a983acd6697d72a0
7773510140148,26b20fb758ce43cc36debb2f904e994b21c0a8eb10c18c78bcaaaa66966ef4fb,94ecea8a72f686da2b24ac02268668fae9f0212528d725f7002e140df5f655cf,0,test,images/test/26b20fb758ce43cc36debb2f904e994b21c0a8eb10c18c78bcaaaa66966ef4fb.jpg,labels/test/26b20fb758ce43cc36debb2f904e994b21c0a8eb10c18c78bcaaaa66966ef4fb.txt,94ecea8a72f686da2b24ac02268668fae9f0212528d725f7002e140df5f655cf,pixel-extremes-v1,87f64e55aa7b63804c03badb8d3cf038c7f8a2bdff322bf6a983acd6697d72a0
6941696111394,27241ed37e52a5c20bd9afd9a175c114c7bb928f0b0d8c16fd55ee15c292d67d,7e56591a89ab18ab94b1d368d00278d78f3539ea885e22fb23fde181b8f30f02,0,train,images/train/27241ed37e52a5c20bd9afd9a175c114c7bb928f0b0d8c16fd55ee15c292d67d.jpg,labels/train/27241ed37e52a5c20bd9afd9a175c114c7bb928f0b0d8c16fd55ee15c292d67d.txt,7e56591a89ab18ab94b1d368d00278d78f3539ea885e22fb23fde181b8f30f02,pixel-extremes-v1,87f64e55aa7b63804c03badb8d3cf038c7f8a2bdff322bf6a983acd6697d72a0
7509552992090,27689690f4b157202ddb44ad4df88453c4cb73f33e1c76f3a886fa8568489444,02112079340bc65f5bc7646746e14bee9e06d7cc8a9ccee5a70bf925a5c98491,0,test,images/test/27689690f4b157202ddb44ad4df88453c4cb73f33e1c76f3a886fa8568489444.jpg,labels/test/27689690f4b157202ddb44ad4df88453c4cb73f33e1c76f3a886fa8568489444.txt,02112079340bc65f5bc7646746e14bee9e06d7cc8a9ccee5a70bf925a5c98491,pixel-extremes-v1,87f64e55aa7b63804c03badb8d3cf038c7f8a2bdff322bf6a983acd6697d72a0
7792389080331,276df6eb7ff7569667f90011aec7eb9d677c12c8b92ade7550beda40167dc22e,b6cc88ecbf861280bfeef0c3defe0d16145e55726035a90a132f81a25e985779,0,test,images/test/276df6eb7ff7569667f90011aec7eb9d677c12c8b92ade7550beda40167dc22e.jpg,labels/test/276df6eb7ff7569667f90011aec7eb9d677c12c8b92ade7550beda40167dc22e.txt,b6cc88ecbf861280bfeef0c3defe0d16145e55726035a90a132f81a25e985779,pixel-extremes-v1,87f64e55aa7b63804c03badb8d3cf038c7f8a2bdff322bf6a983acd6697d72a0
7896902288140,2887264aaa3d682b7ffbcebe01b5dbc4eb0c5e8153ef2446cfa5ca16ae131a08,75441d7cd1db53c1a75661c78229e96c8c59183a47887b187e3217d207fbc6ab,0,train,images/train/2887264aaa3d682b7ffbcebe01b5dbc4eb0c5e8153ef2446cfa5ca16ae131a08.jpg,labels/train/2887264aaa3d682b7ffbcebe01b5dbc4eb0c5e8153ef2446cfa5ca16ae131a08.txt,75441d7cd1db53c1a75661c78229e96c8c59183a47887b187e3217d207fbc6ab,pixel-extremes-v1,87f64e55aa7b63804c03badb8d3cf038c7f8a2bdff322bf6a983acd6697d72a0
7798186031750,2896726c24249a72b2a7cf556e37ec3a575be7a3f0b1d0a6eadab4b31b48ac8c,0bc64040f25b4c6fce66cd37fea82811e1afc3fc09ba41590c0d215e0f72a693,0,train,images/train/2896726c24249a72b2a7cf556e37ec3a575be7a3f0b1d0a6eadab4b31b48ac8c.jpg,labels/train/2896726c24249a72b2a7cf556e37ec3a575be7a3f0b1d0a6eadab4b31b48ac8c.txt,0bc64040f25b4c6fce66cd37fea82811e1afc3fc09ba41590c0d215e0f72a693,pixel-extremes-v1,87f64e55aa7b63804c03badb8d3cf038c7f8a2bdff322bf6a983acd6697d72a0
07896058500219,28c4c5825c229410ad42bb91e81069623e84a6cf9b2281370f7a2ba243b52702,83532d30c475d2463ae8d4139e329c795664fb5a5b076333c80381c246ce19f8,0,test,images/test/28c4c5825c229410ad42bb91e81069623e84a6cf9b2281370f7a2ba243b52702.jpg,labels/test/28c4c5825c229410ad42bb91e81069623e84a6cf9b2281370f7a2ba243b52702.txt,83532d30c475d2463ae8d4139e329c795664fb5a5b076333c80381c246ce19f8,pixel-extremes-v1,87f64e55aa7b63804c03badb8d3cf038c7f8a2bdff322bf6a983acd6697d72a0
7793742003431,28e5857d198785a8b5c002d27231202ab6350574541de2e28698551d72fe1c11,901a383f38db2edc695fe4213ac2a414ec928c926b891109279dde88896c7c2e,0,train,images/train/28e5857d198785a8b5c002d27231202ab6350574541de2e28698551d72fe1c11.jpg,labels/train/28e5857d198785a8b5c002d27231202ab6350574541de2e28698551d72fe1c11.txt,901a383f38db2edc695fe4213ac2a414ec928c926b891109279dde88896c7c2e,pixel-extremes-v1,87f64e55aa7b63804c03badb8d3cf038c7f8a2bdff322bf6a983acd6697d72a0
1000000000577,29876a10793b74a51a995cbe11b2979bd135124989adc91022a66259aa7743aa,8c595a67a1e0b2b2c65f9eebee4766190f91c545362fc9b4e0df1f785213d05b,0,val,images/val/29876a10793b74a51a995cbe11b2979bd135124989adc91022a66259aa7743aa.jpg,labels/val/29876a10793b74a51a995cbe11b2979bd135124989adc91022a66259aa7743aa.txt,8c595a67a1e0b2b2c65f9eebee4766190f91c545362fc9b4e0df1f785213d05b,pixel-extremes-v1,87f64e55aa7b63804c03badb8d3cf038c7f8a2bdff322bf6a983acd6697d72a0
309975424041,2a11bbb86bb1a1084f464575f4ae999c8beee38d964aa14079e3762082d23dfb,4b2b3e5f5aade04c74d89ee83d02fcb07702544c4c18ee929700a1094326e4ee,0,train,images/train/2a11bbb86bb1a1084f464575f4ae999c8beee38d964aa14079e3762082d23dfb.jpg,labels/train/2a11bbb86bb1a1084f464575f4ae999c8beee38d964aa14079e3762082d23dfb.txt,4b2b3e5f5aade04c74d89ee83d02fcb07702544c4c18ee929700a1094326e4ee,pixel-extremes-v1,87f64e55aa7b63804c03badb8d3cf038c7f8a2bdff322bf6a983acd6697d72a0
7896183905682,2b53956d73c061eab11d5c25d3ccc72b6e595471f2e96a9591544779699a2126,0b4459bb3cc0e9c8bad776c45fca4060bf7eab8626ef071da49283d070db04df,0,train,images/train/2b53956d73c061eab11d5c25d3ccc72b6e595471f2e96a9591544779699a2126.jpg,labels/train/2b53956d73c061eab11d5c25d3ccc72b6e595471f2e96a9591544779699a2126.txt,0b4459bb3cc0e9c8bad776c45fca4060bf7eab8626ef071da49283d070db04df,pixel-extremes-v1,87f64e55aa7b63804c03badb8d3cf038c7f8a2bdff322bf6a983acd6697d72a0
07896058595307,2b7b520d7b24b391020914c599083cc10f208be33ad090a6e03605c24d5679ef,16e6b106a07e573bb3c124d9724948a2312a8e0ccf9a5d672ff0c1679382add7,0,train,images/train/2b7b520d7b24b391020914c599083cc10f208be33ad090a6e03605c24d5679ef.jpg,labels/train/2b7b520d7b24b391020914c599083cc10f208be33ad090a6e03605c24d5679ef.txt,16e6b106a07e573bb3c124d9724948a2312a8e0ccf9a5d672ff0c1679382add7,pixel-extremes-v1,87f64e55aa7b63804c03badb8d3cf038c7f8a2bdff322bf6a983acd6697d72a0
4059729521941,2c06fa03a4c13b934b13b9fb126c6487432488c6a5655ec0ad3391d237cbcd6a,d87e9c7520d50a5f93af7a8cf3df29aba6be00fe4381d93bd37d67e0edbc17be,0,train,images/train/2c06fa03a4c13b934b13b9fb126c6487432488c6a5655ec0ad3391d237cbcd6a.jpg,labels/train/2c06fa03a4c13b934b13b9fb126c6487432488c6a5655ec0ad3391d237cbcd6a.txt,d87e9c7520d50a5f93af7a8cf3df29aba6be00fe4381d93bd37d67e0edbc17be,pixel-extremes-v1,87f64e55aa7b63804c03badb8d3cf038c7f8a2bdff322bf6a983acd6697d72a0
7770110170056,2c62ec22fd73cf2985643a3eb69498bd73d0e78c30636dbd4cfc6900d69c56ec,38c07c104ea1f677ae80b19a445a81f06f66024c3eeee1b3f5323e6477334b71,0,val,images/val/2c62ec22fd73cf2985643a3eb69498bd73d0e78c30636dbd4cfc6900d69c56ec.jpg,labels/val/2c62ec22fd73cf2985643a3eb69498bd73d0e78c30636dbd4cfc6900d69c56ec.txt,38c07c104ea1f677ae80b19a445a81f06f66024c3eeee1b3f5323e6477334b71,pixel-extremes-v1,87f64e55aa7b63804c03badb8d3cf038c7f8a2bdff322bf6a983acd6697d72a0
7798186034959,2cae72b3464a53e58311c33886af242491f73be0caf4aa4b47709c697679d977,1b085bd41f1cc0366c38b884ad6f5275eefc5a465fb077c93a4e3c16ed66300a,0,test,images/test/2cae72b3464a53e58311c33886af242491f73be0caf4aa4b47709c697679d977.jpg,labels/test/2cae72b3464a53e58311c33886af242491f73be0caf4aa4b47709c697679d977.txt,1b085bd41f1cc0366c38b884ad6f5275eefc5a465fb077c93a4e3c16ed66300a,pixel-extremes-v1,87f64e55aa7b63804c03badb8d3cf038c7f8a2bdff322bf6a983acd6697d72a0
7702032553761,2cca054f9ead196eba2a85d9a2f0ee5edf298cee86c41b3e79940f48c3a637da,06c44fe25cf867f68910ef7fb74df14b77a89283754089b52ab9623b1c472fd6,0,val,images/val/2cca054f9ead196eba2a85d9a2f0ee5edf298cee86c41b3e79940f48c3a637da.jpg,labels/val/2cca054f9ead196eba2a85d9a2f0ee5edf298cee86c41b3e79940f48c3a637da.txt,06c44fe25cf867f68910ef7fb74df14b77a89283754089b52ab9623b1c472fd6,pixel-extremes-v1,87f64e55aa7b63804c03badb8d3cf038c7f8a2bdff322bf6a983acd6697d72a0
7891991305679,2d0b96e197e174652d69ade4a81692c1acb4681a0ead3cd8cddc797835fd3ae1,b79ac1bf124ebdd36373f4edba6582ec73990e975fa50f2fd72eba028a5ba883,0,train,images/train/2d0b96e197e174652d69ade4a81692c1acb4681a0ead3cd8cddc797835fd3ae1.jpg,labels/train/2d0b96e197e174652d69ade4a81692c1acb4681a0ead3cd8cddc797835fd3ae1.txt,b79ac1bf124ebdd36373f4edba6582ec73990e975fa50f2fd72eba028a5ba883,pixel-extremes-v1,87f64e55aa7b63804c03badb8d3cf038c7f8a2bdff322bf6a983acd6697d72a0
7804621470814,2d38b1398db501e21f9b12f2d40eeb664d95908d03bbb7f95bd5527ce71a2ab1,3b5a2ae7158bfe2e7542a6179d6d3a3e832387c97d6f79ea939caa97025ef21a,0,train,images/train/2d38b1398db501e21f9b12f2d40eeb664d95908d03bbb7f95bd5527ce71a2ab1.jpg,labels/train/2d38b1398db501e21f9b12f2d40eeb664d95908d03bbb7f95bd5527ce71a2ab1.txt,3b5a2ae7158bfe2e7542a6179d6d3a3e832387c97d6f79ea939caa97025ef21a,pixel-extremes-v1,87f64e55aa7b63804c03badb8d3cf038c7f8a2bdff322bf6a983acd6697d72a0
7770000420032,2eaefd293d5201c4dde82fd67a128c4aec890f32a6c36ca14b489bade1b54d79,5f9d5c76d5f27d505c992ba3cf4b6ce775f4863a4f51a397c76e1a4cc6c82352,0,train,images/train/2eaefd293d5201c4dde82fd67a128c4aec890f32a6c36ca14b489bade1b54d79.jpg,labels/train/2eaefd293d5201c4dde82fd67a128c4aec890f32a6c36ca14b489bade1b54d79.txt,5f9d5c76d5f27d505c992ba3cf4b6ce775f4863a4f51a397c76e1a4cc6c82352,pixel-extremes-v1,87f64e55aa7b63804c03badb8d3cf038c7f8a2bdff322bf6a983acd6697d72a0
7896451908377,2ec21d6413ce62d521fbf9f31175dd04f01ac34ae37634a1fb04ff0d316f483b,cfd82d8e7943358f96a30eba9e151b4f9bd3ca9b94f5e4dc339fc6a53e6e81d8,0,train,images/train/2ec21d6413ce62d521fbf9f31175dd04f01ac34ae37634a1fb04ff0d316f483b.jpg,labels/train/2ec21d6413ce62d521fbf9f31175dd04f01ac34ae37634a1fb04ff0d316f483b.txt,cfd82d8e7943358f96a30eba9e151b4f9bd3ca9b94f5e4dc339fc6a53e6e81d8,pixel-extremes-v1,87f64e55aa7b63804c03badb8d3cf038c7f8a2bdff322bf6a983acd6697d72a0
7891151039598,2ec9ae036c75da6b9d5e80a4f2aab133ecebe3ec149357dea266f99e6b3a2738,314d91d5fb0f5109111787f0b4e106b179dbc9afc7eaa071c3a12fe09bb9c868,0,train,images/train/2ec9ae036c75da6b9d5e80a4f2aab133ecebe3ec149357dea266f99e6b3a2738.jpg,labels/train/2ec9ae036c75da6b9d5e80a4f2aab133ecebe3ec149357dea266f99e6b3a2738.txt,314d91d5fb0f5109111787f0b4e106b179dbc9afc7eaa071c3a12fe09bb9c868,pixel-extremes-v1,87f64e55aa7b63804c03badb8d3cf038c7f8a2bdff322bf6a983acd6697d72a0
7779604240022,2ef077a2c5d211a74a63593d9bf73c7d456d4ce849762a15bf379419af440a57,e356a7fbd58094531ebb943cd6c0c91c6e3b9b8f84638de5d6c609d02eb5efd2,0,train,images/train/2ef077a2c5d211a74a63593d9bf73c7d456d4ce849762a15bf379419af440a57.jpg,labels/train/2ef077a2c5d211a74a63593d9bf73c7d456d4ce849762a15bf379419af440a57.txt,e356a7fbd58094531ebb943cd6c0c91c6e3b9b8f84638de5d6c609d02eb5efd2,pixel-extremes-v1,87f64e55aa7b63804c03badb8d3cf038c7f8a2bdff322bf6a983acd6697d72a0
7896183903527,2f2eb91c0606ac1f6d2651f96b6e8798be963285d3cfabf036fe0ed5098755ba,61fb70a9b6879af36dedf000bd92ada2b51d67806d17d3b73308c18a033f0ac2,0,train,images/train/2f2eb91c0606ac1f6d2651f96b6e8798be963285d3cfabf036fe0ed5098755ba.jpg,labels/train/2f2eb91c0606ac1f6d2651f96b6e8798be963285d3cfabf036fe0ed5098755ba.txt,61fb70a9b6879af36dedf000bd92ada2b51d67806d17d3b73308c18a033f0ac2,pixel-extremes-v1,87f64e55aa7b63804c03badb8d3cf038c7f8a2bdff322bf6a983acd6697d72a0
7841503031640,2f34fcb287cddd78f5acf1327f35d5d7764ef58f5103369f35e3867ae715059c,7322aca111d275c335b1f6166ff69b9f30a63fdf9e6000f364341a3d92b29b49,0,train,images/train/2f34fcb287cddd78f5acf1327f35d5d7764ef58f5103369f35e3867ae715059c.jpg,labels/train/2f34fcb287cddd78f5acf1327f35d5d7764ef58f5103369f35e3867ae715059c.txt,7322aca111d275c335b1f6166ff69b9f30a63fdf9e6000f364341a3d92b29b49,pixel-extremes-v1,87f64e55aa7b63804c03badb8d3cf038c7f8a2bdff322bf6a983acd6697d72a0
7779970830032,2f3c54d437c3e6d61f9b7917c59de3b54a0a2e7c67de1e6deed8e764e9098b90,0e1ff437eade0317f1a5086c1654a9f555bb8404266ab64edab129d2a7caa5df,0,train,images/train/2f3c54d437c3e6d61f9b7917c59de3b54a0a2e7c67de1e6deed8e764e9098b90.jpg,labels/train/2f3c54d437c3e6d61f9b7917c59de3b54a0a2e7c67de1e6deed8e764e9098b90.txt,0e1ff437eade0317f1a5086c1654a9f555bb8404266ab64edab129d2a7caa5df,pixel-extremes-v1,87f64e55aa7b63804c03badb8d3cf038c7f8a2bdff322bf6a983acd6697d72a0
7792222004012,2f598090a8d16fb504b9339ea3b04ad015a2b1150fee5136ea72068591c2d59e,51686ab38f113bb0d208d325bc3fbcafd0d6a99968c6a7c9499c03858042b1b0,0,train,images/train/2f598090a8d16fb504b9339ea3b04ad015a2b1150fee5136ea72068591c2d59e.jpg,labels/train/2f598090a8d16fb504b9339ea3b04ad015a2b1150fee5136ea72068591c2d59e.txt,51686ab38f113bb0d208d325bc3fbcafd0d6a99968c6a7c9499c03858042b1b0,pixel-extremes-v1,87f64e55aa7b63804c03badb8d3cf038c7f8a2bdff322bf6a983acd6697d72a0
7792389080300,2f72a5b8a1dc6a3ee7fa8bdedbd00b3960f7ea33739cfd5f87512c8c84a2c5f4,10f5872c7fc345445dbebc2dca04de047e24b56e20baaac8cc8b6685325db1cb,0,val,images/val/2f72a5b8a1dc6a3ee7fa8bdedbd00b3960f7ea33739cfd5f87512c8c84a2c5f4.jpg,labels/val/2f72a5b8a1dc6a3ee7fa8bdedbd00b3960f7ea33739cfd5f87512c8c84a2c5f4.txt,10f5872c7fc345445dbebc2dca04de047e24b56e20baaac8cc8b6685325db1cb,pixel-extremes-v1,87f64e55aa7b63804c03badb8d3cf038c7f8a2bdff322bf6a983acd6697d72a0
7896058500936,301775c3a7f7967d94a11625b457445b2089897ee72bbfbbab2eb05b65c82db1,9d0fe65103ccdf41a2958615d2a6583224a02f8ceb14a3e41d154cd666a12e19,0,train,images/train/301775c3a7f7967d94a11625b457445b2089897ee72bbfbbab2eb05b65c82db1.jpg,labels/train/301775c3a7f7967d94a11625b457445b2089897ee72bbfbbab2eb05b65c82db1.txt,9d0fe65103ccdf41a2958615d2a6583224a02f8ceb14a3e41d154cd666a12e19,pixel-extremes-v1,87f64e55aa7b63804c03badb8d3cf038c7f8a2bdff322bf6a983acd6697d72a0
7798186035215,301e9aaddf8d75deee4b5447aa0ff6c594513c4567e8e57170d228ced0da40bd,ab0c623d5de9de51726ae1b53821856ddae236aaa9845c6521f4eb8b7787323d,0,train,images/train/301e9aaddf8d75deee4b5447aa0ff6c594513c4567e8e57170d228ced0da40bd.jpg,labels/train/301e9aaddf8d75deee4b5447aa0ff6c594513c4567e8e57170d228ced0da40bd.txt,ab0c623d5de9de51726ae1b53821856ddae236aaa9845c6521f4eb8b7787323d,pixel-extremes-v1,87f64e55aa7b63804c03badb8d3cf038c7f8a2bdff322bf6a983acd6697d72a0
7509552961850,30bf7049fdbeb967ac121a010ab3a0136886c87ba264c207fd9676243db5af90,439505b75dd905ea513d900a5a4875f514e09617fc40b0b337d981a0ce6ec0e2,0,train,images/train/30bf7049fdbeb967ac121a010ab3a0136886c87ba264c207fd9676243db5af90.jpg,labels/train/30bf7049fdbeb967ac121a010ab3a0136886c87ba264c207fd9676243db5af90.txt,439505b75dd905ea513d900a5a4875f514e09617fc40b0b337d981a0ce6ec0e2,pixel-extremes-v1,87f64e55aa7b63804c03badb8d3cf038c7f8a2bdff322bf6a983acd6697d72a0
7798178801637,3193a19eea1abfbed1d754cc1c7a3c006cdb4178bd869b3e62860cf06dca7226,8bcf1ebd21cd772529e3a77ea9d4183b7091efde4aad63ae9effb74dd4c04b49,0,train,images/train/3193a19eea1abfbed1d754cc1c7a3c006cdb4178bd869b3e62860cf06dca7226.jpg,labels/train/3193a19eea1abfbed1d754cc1c7a3c006cdb4178bd869b3e62860cf06dca7226.txt,8bcf1ebd21cd772529e3a77ea9d4183b7091efde4aad63ae9effb74dd4c04b49,pixel-extremes-v1,87f64e55aa7b63804c03badb8d3cf038c7f8a2bdff322bf6a983acd6697d72a0
7791293050126,31c96471fa7eafbcc558ae5e2c1f88ca5a4a1f96ed7f0bab19f4d1ce5d1af348,a52287010939e69f7215ec80f0c16e464224b1f5340caeb68ecd7900fb0f70fa,0,train,images/train/31c96471fa7eafbcc558ae5e2c1f88ca5a4a1f96ed7f0bab19f4d1ce5d1af348.jpg,labels/train/31c96471fa7eafbcc558ae5e2c1f88ca5a4a1f96ed7f0bab19f4d1ce5d1af348.txt,a52287010939e69f7215ec80f0c16e464224b1f5340caeb68ecd7900fb0f70fa,pixel-extremes-v1,87f64e55aa7b63804c03badb8d3cf038c7f8a2bdff322bf6a983acd6697d72a0
7774904408486,32f59bdd41fe099a91ac2406af3b8cc75ca15a91a39b4c28561b5835cdd00204,ec498ec39a0162a6c4201bcd82a46583cb3c9597eb53eba4b228f06d68a3f3b4,0,val,images/val/32f59bdd41fe099a91ac2406af3b8cc75ca15a91a39b4c28561b5835cdd00204.jpg,labels/val/32f59bdd41fe099a91ac2406af3b8cc75ca15a91a39b4c28561b5835cdd00204.txt,ec498ec39a0162a6c4201bcd82a46583cb3c9597eb53eba4b228f06d68a3f3b4,pixel-extremes-v1,87f64e55aa7b63804c03badb8d3cf038c7f8a2bdff322bf6a983acd6697d72a0
7792070001614,3311a655ef4e2918100af57a5a6550c43f9e4665de63fcab2e637746b20342c3,3040b18a19e83637b356586768c6355dbccebda9bb48189b6a96f0538a4c4c72,0,val,images/val/3311a655ef4e2918100af57a5a6550c43f9e4665de63fcab2e637746b20342c3.jpg,labels/val/3311a655ef4e2918100af57a5a6550c43f9e4665de63fcab2e637746b20342c3.txt,3040b18a19e83637b356586768c6355dbccebda9bb48189b6a96f0538a4c4c72,pixel-extremes-v1,87f64e55aa7b63804c03badb8d3cf038c7f8a2bdff322bf6a983acd6697d72a0
07896058595314,3370197f25f86cd1ee0341e43ed91799c02d707b82c4a6075e36550cbb46ac15,3e366ae936696b51a662028a1f57fd66e94181badca5316e316f23330b52939b,0,train,images/train/3370197f25f86cd1ee0341e43ed91799c02d707b82c4a6075e36550cbb46ac15.jpg,labels/train/3370197f25f86cd1ee0341e43ed91799c02d707b82c4a6075e36550cbb46ac15.txt,3e366ae936696b51a662028a1f57fd66e94181badca5316e316f23330b52939b,pixel-extremes-v1,87f64e55aa7b63804c03badb8d3cf038c7f8a2bdff322bf6a983acd6697d72a0
7792222004005,337d3ddff550d31fbc8cbc6dd6dc7627940c9785f656a454e1ea1e7cdefd14d5,7261bffdf88d148e79eca13400f704ae4abeaa645de68431e86ab903a544dbb4,0,train,images/train/337d3ddff550d31fbc8cbc6dd6dc7627940c9785f656a454e1ea1e7cdefd14d5.jpg,labels/train/337d3ddff550d31fbc8cbc6dd6dc7627940c9785f656a454e1ea1e7cdefd14d5.txt,7261bffdf88d148e79eca13400f704ae4abeaa645de68431e86ab903a544dbb4,pixel-extremes-v1,87f64e55aa7b63804c03badb8d3cf038c7f8a2bdff322bf6a983acd6697d72a0
7891010255725,338f4fc16294ac23df6e35357fe401c49e45077040e63bbf3cb3b3433b677d11,3b5d8c987cdf9536dd970b16100aa045e99c3d6b3b9969326cce307c73c6c0fa,0,train,images/train/338f4fc16294ac23df6e35357fe401c49e45077040e63bbf3cb3b3433b677d11.jpg,labels/train/338f4fc16294ac23df6e35357fe401c49e45077040e63bbf3cb3b3433b677d11.txt,3b5d8c987cdf9536dd970b16100aa045e99c3d6b3b9969326cce307c73c6c0fa,pixel-extremes-v1,87f64e55aa7b63804c03badb8d3cf038c7f8a2bdff322bf6a983acd6697d72a0
7774904407090,34a59e4bd3a8b4ae7877845ac39d7ba3152e37c0d6fe9cb9342a7991843c1913,1208352b69584369e0ca893d77601ccac7c90394687474ca2057d75f7c84ad00,0,val,images/val/34a59e4bd3a8b4ae7877845ac39d7ba3152e37c0d6fe9cb9342a7991843c1913.jpg,labels/val/34a59e4bd3a8b4ae7877845ac39d7ba3152e37c0d6fe9cb9342a7991843c1913.txt,1208352b69584369e0ca893d77601ccac7c90394687474ca2057d75f7c84ad00,pixel-extremes-v1,87f64e55aa7b63804c03badb8d3cf038c7f8a2bdff322bf6a983acd6697d72a0
091000004624,356e0c0cc388f690fa87e994c31faeca4269f92a8bdb20c49daf3438b470ffd6,a1ac63318c32cc886068b32f6aa3b027509aca9d9367bd7659db7dbc932a1db5,0,train,images/train/356e0c0cc388f690fa87e994c31faeca4269f92a8bdb20c49daf3438b470ffd6.jpg,labels/train/356e0c0cc388f690fa87e994c31faeca4269f92a8bdb20c49daf3438b470ffd6.txt,a1ac63318c32cc886068b32f6aa3b027509aca9d9367bd7659db7dbc932a1db5,pixel-extremes-v1,87f64e55aa7b63804c03badb8d3cf038c7f8a2bdff322bf6a983acd6697d72a0
7896150020226,35cac6800e685d90725af3cdfdb54f3ac2cad8c67d30e881f92b97769f266017,32f0794eecc538cd3de03c7098fa537f12e3199b54c5b1a6bb5862b82fedd241,0,train,images/train/35cac6800e685d90725af3cdfdb54f3ac2cad8c67d30e881f92b97769f266017.jpg,labels/train/35cac6800e685d90725af3cdfdb54f3ac2cad8c67d30e881f92b97769f266017.txt,32f0794eecc538cd3de03c7098fa537f12e3199b54c5b1a6bb5862b82fedd241,pixel-extremes-v1,87f64e55aa7b63804c03badb8d3cf038c7f8a2bdff322bf6a983acd6697d72a0
7773435930268,35e2b063ce49e9853195f4b5f25c562a3c5c9f22f51e8cefdaf90e8bfbfb2634,cbddf3a6b80463500b95496e8ccedc21bd2e64c1d224b5da5955d77fbde3aeca,0,train,images/train/35e2b063ce49e9853195f4b5f25c562a3c5c9f22f51e8cefdaf90e8bfbfb2634.jpg,labels/train/35e2b063ce49e9853195f4b5f25c562a3c5c9f22f51e8cefdaf90e8bfbfb2634.txt,cbddf3a6b80463500b95496e8ccedc21bd2e64c1d224b5da5955d77fbde3aeca,pixel-extremes-v1,87f64e55aa7b63804c03badb8d3cf038c7f8a2bdff322bf6a983acd6697d72a0
7770109841318,372dfe932fd01c3392b2b09af7ca84c38287c986f4f922c2b3980358f94d3850,d5dd30fabc4f0117420cdfe587e611373280bc7ab68a682da31c56512f142560,0,train,images/train/372dfe932fd01c3392b2b09af7ca84c38287c986f4f922c2b3980358f94d3850.jpg,labels/train/372dfe932fd01c3392b2b09af7ca84c38287c986f4f922c2b3980358f94d3850.txt,d5dd30fabc4f0117420cdfe587e611373280bc7ab68a682da31c56512f142560,pixel-extremes-v1,87f64e55aa7b63804c03badb8d3cf038c7f8a2bdff322bf6a983acd6697d72a0
7771257081236,3750f6b080ba7b6fb950259781b93566d057338664b5d2d3b280a21f11f0c804,3e757cc8541705e60bb5a3f34626a1399f76811e3576a733bff0d4723326e60f,0,train,images/train/3750f6b080ba7b6fb950259781b93566d057338664b5d2d3b280a21f11f0c804.jpg,labels/train/3750f6b080ba7b6fb950259781b93566d057338664b5d2d3b280a21f11f0c804.txt,3e757cc8541705e60bb5a3f34626a1399f76811e3576a733bff0d4723326e60f,pixel-extremes-v1,87f64e55aa7b63804c03badb8d3cf038c7f8a2bdff322bf6a983acd6697d72a0
7509552961874,375ee9a5e650ce19eed9ec50c4d9539b1e284ca9f094c3440c5acc4bad31c47d,06380846d56a5e4443c564f6d7dcfd2f00d8929d4a68b173df902e6936852548,0,train,images/train/375ee9a5e650ce19eed9ec50c4d9539b1e284ca9f094c3440c5acc4bad31c47d.jpg,labels/train/375ee9a5e650ce19eed9ec50c4d9539b1e284ca9f094c3440c5acc4bad31c47d.txt,06380846d56a5e4443c564f6d7dcfd2f00d8929d4a68b173df902e6936852548,pixel-extremes-v1,87f64e55aa7b63804c03badb8d3cf038c7f8a2bdff322bf6a983acd6697d72a0
7779970831183,3810a32143561eae69b22488a83545f8d821ff71e1313b350e572bc84dbf95c9,a1133d8963656fe7e80799ff5641359a05aa1254c36ccabbc6a9505f134a0495,0,train,images/train/3810a32143561eae69b22488a83545f8d821ff71e1313b350e572bc84dbf95c9.jpg,labels/train/3810a32143561eae69b22488a83545f8d821ff71e1313b350e572bc84dbf95c9.txt,a1133d8963656fe7e80799ff5641359a05aa1254c36ccabbc6a9505f134a0495,pixel-extremes-v1,87f64e55aa7b63804c03badb8d3cf038c7f8a2bdff322bf6a983acd6697d72a0
7772314690040,385c18d24dad77aa725a934d239bf2b744fe8b4cb9408ae86d610f348f58fa3a,33fbcdc377e201e14ba20545f762d5d4c82892f9149bc461f1701d9d37ef4957,0,train,images/train/385c18d24dad77aa725a934d239bf2b744fe8b4cb9408ae86d610f348f58fa3a.jpg,labels/train/385c18d24dad77aa725a934d239bf2b744fe8b4cb9408ae86d610f348f58fa3a.txt,33fbcdc377e201e14ba20545f762d5d4c82892f9149bc461f1701d9d37ef4957,pixel-extremes-v1,87f64e55aa7b63804c03badb8d3cf038c7f8a2bdff322bf6a983acd6697d72a0
7702007243628,39223f1dfd3994a8fdfd0c0615056eec0aadff37e25f889ccf5dd2e8ae0781d8,83767228d8b7f4964b69d112763971a8a8a456f20aba319bd1e02066b6a59ec9,0,train,images/train/39223f1dfd3994a8fdfd0c0615056eec0aadff37e25f889ccf5dd2e8ae0781d8.jpg,labels/train/39223f1dfd3994a8fdfd0c0615056eec0aadff37e25f889ccf5dd2e8ae0781d8.txt,83767228d8b7f4964b69d112763971a8a8a456f20aba319bd1e02066b6a59ec9,pixel-extremes-v1,87f64e55aa7b63804c03badb8d3cf038c7f8a2bdff322bf6a983acd6697d72a0
7770109740130,3943b345b3e1cdfac11e6170e199fe0969350619cdb87106717d4c7da2476207,d5c4173099fd2362f61d239f8414950eb0bf9b61b0040ed8d3fb9249b8979fec,0,val,images/val/3943b345b3e1cdfac11e6170e199fe0969350619cdb87106717d4c7da2476207.jpg,labels/val/3943b345b3e1cdfac11e6170e199fe0969350619cdb87106717d4c7da2476207.txt,d5c4173099fd2362f61d239f8414950eb0bf9b61b0040ed8d3fb9249b8979fec,pixel-extremes-v1,87f64e55aa7b63804c03badb8d3cf038c7f8a2bdff322bf6a983acd6697d72a0
7770017980031,394b402111e99ce38ec00b32c6c66f56bcfaa6d909a81ffea7fe8dbafe35fd8a,1cb7338e5ab15751e2b3b13d37706af1b7e3b92068d3b6043f037b9c39571119,0,test,images/test/394b402111e99ce38ec00b32c6c66f56bcfaa6d909a81ffea7fe8dbafe35fd8a.jpg,labels/test/394b402111e99ce38ec00b32c6c66f56bcfaa6d909a81ffea7fe8dbafe35fd8a.txt,1cb7338e5ab15751e2b3b13d37706af1b7e3b92068d3b6043f037b9c39571119,pixel-extremes-v1,87f64e55aa7b63804c03badb8d3cf038c7f8a2bdff322bf6a983acd6697d72a0
041554098297,3997e2e02b217f2395b804f59383691ddcd2fbfe979f040cba4e3f307f12b632,111ee41040a159a3588cf8ef75ff5e795b597844e06717e9097dca3cecd63c1f,0,train,images/train/3997e2e02b217f2395b804f59383691ddcd2fbfe979f040cba4e3f307f12b632.jpg,labels/train/3997e2e02b217f2395b804f59383691ddcd2fbfe979f040cba4e3f307f12b632.txt,111ee41040a159a3588cf8ef75ff5e795b597844e06717e9097dca3cecd63c1f,pixel-extremes-v1,87f64e55aa7b63804c03badb8d3cf038c7f8a2bdff322bf6a983acd6697d72a0
1000000000544,399a011dc5c4189da76784d69d14ccbbf7d591d3b072de38b287bef2c1d9a010,c475eecac96bd5997965071224fab8ee307e7fe12223ff4a979e57cea3091c4a,0,val,images/val/399a011dc5c4189da76784d69d14ccbbf7d591d3b072de38b287bef2c1d9a010.jpg,labels/val/399a011dc5c4189da76784d69d14ccbbf7d591d3b072de38b287bef2c1d9a010.txt,c475eecac96bd5997965071224fab8ee307e7fe12223ff4a979e57cea3091c4a,pixel-extremes-v1,87f64e55aa7b63804c03badb8d3cf038c7f8a2bdff322bf6a983acd6697d72a0
3501111,39f1583a14a95c15d76678ca7cc975fe0f713fe75986703cb7267481b45219c4,63455251accaffa8b0e7f30044536a3afc42be450c8f1f923a48849bdb64ac81,0,train,images/train/39f1583a14a95c15d76678ca7cc975fe0f713fe75986703cb7267481b45219c4.jpg,labels/train/39f1583a14a95c15d76678ca7cc975fe0f713fe75986703cb7267481b45219c4.txt,63455251accaffa8b0e7f30044536a3afc42be450c8f1f923a48849bdb64ac81,pixel-extremes-v1,87f64e55aa7b63804c03badb8d3cf038c7f8a2bdff322bf6a983acd6697d72a0
7774904408905,3b39fec1da8be175bb55bcb18ff903cdb89223800d8d67d93a8babed2f40a1e0,3cba3423ceb340bad7c3a82ddbc511082ee9695ddadb18caf4813c622ab4a506,0,train,images/train/3b39fec1da8be175bb55bcb18ff903cdb89223800d8d67d93a8babed2f40a1e0.jpg,labels/train/3b39fec1da8be175bb55bcb18ff903cdb89223800d8d67d93a8babed2f40a1e0.txt,3cba3423ceb340bad7c3a82ddbc511082ee9695ddadb18caf4813c622ab4a506,pixel-extremes-v1,87f64e55aa7b63804c03badb8d3cf038c7f8a2bdff322bf6a983acd6697d72a0
7771612001381,3bae27ef1447f0798402f168a008d7eba4a354f8c8fc0076184d38c2c433f079,44919fed30670c09ba03bda48bde0bd40514f233940be207edab61d22d7be49a,0,val,images/val/3bae27ef1447f0798402f168a008d7eba4a354f8c8fc0076184d38c2c433f079.jpg,labels/val/3bae27ef1447f0798402f168a008d7eba4a354f8c8fc0076184d38c2c433f079.txt,44919fed30670c09ba03bda48bde0bd40514f233940be207edab61d22d7be49a,pixel-extremes-v1,87f64e55aa7b63804c03badb8d3cf038c7f8a2bdff322bf6a983acd6697d72a0
6942108429816,3c4eaa9e3b236616d3e7b0556822e69ad4e3c4a092373296eb833e8bbdffe9ba,b76555f9af21d21a979c439f32a9b09839ece81ed7b168d7a3fd73f10cc5d490,0,train,images/train/3c4eaa9e3b236616d3e7b0556822e69ad4e3c4a092373296eb833e8bbdffe9ba.jpg,labels/train/3c4eaa9e3b236616d3e7b0556822e69ad4e3c4a092373296eb833e8bbdffe9ba.txt,b76555f9af21d21a979c439f32a9b09839ece81ed7b168d7a3fd73f10cc5d490,pixel-extremes-v1,87f64e55aa7b63804c03badb8d3cf038c7f8a2bdff322bf6a983acd6697d72a0
7702007033489,3cd3607c571d1d37a46106e47613672f5abff800ee24cf15e5bc41f466589f89,fe47fad64e7237c303c9240f88c4d26860a99d59217d92c08a721fe07d79d3a2,0,test,images/test/3cd3607c571d1d37a46106e47613672f5abff800ee24cf15e5bc41f466589f89.jpg,labels/test/3cd3607c571d1d37a46106e47613672f5abff800ee24cf15e5bc41f466589f89.txt,fe47fad64e7237c303c9240f88c4d26860a99d59217d92c08a721fe07d79d3a2,pixel-extremes-v1,87f64e55aa7b63804c03badb8d3cf038c7f8a2bdff322bf6a983acd6697d72a0
7840185788545,3d13b6b092184a7e15d2e119af6c1dde6b04eae6d4f09aba33d4f50dd1d8253e,163006cff91201685edcec9de002f41a8c90eaaf4c8e974361d072530af599bf,0,train,images/train/3d13b6b092184a7e15d2e119af6c1dde6b04eae6d4f09aba33d4f50dd1d8253e.jpg,labels/train/3d13b6b092184a7e15d2e119af6c1dde6b04eae6d4f09aba33d4f50dd1d8253e.txt,163006cff91201685edcec9de002f41a8c90eaaf4c8e974361d072530af599bf,pixel-extremes-v1,87f64e55aa7b63804c03badb8d3cf038c7f8a2bdff322bf6a983acd6697d72a0
7773401007697,3d4fdd944add8649990e2d869206726019e838207bb084cf47d4c9d8b9c110da,48c1ed880abc7c3990b7259e248108dbc02dd3b9d847cd47509ed39f856c3086,0,test,images/test/3d4fdd944add8649990e2d869206726019e838207bb084cf47d4c9d8b9c110da.jpg,labels/test/3d4fdd944add8649990e2d869206726019e838207bb084cf47d4c9d8b9c110da.txt,48c1ed880abc7c3990b7259e248108dbc02dd3b9d847cd47509ed39f856c3086,pixel-extremes-v1,87f64e55aa7b63804c03badb8d3cf038c7f8a2bdff322bf6a983acd6697d72a0
4059729521903,3e266ba74e9f5958f030139f447ac1642b158e52875d57f4d4749ff18d9f7965,3ab3e9c990c3505a29a8cefefd60673fa95ffec6dcadc0de845e5d4f0d31475c,0,test,images/test/3e266ba74e9f5958f030139f447ac1642b158e52875d57f4d4749ff18d9f7965.jpg,labels/test/3e266ba74e9f5958f030139f447ac1642b158e52875d57f4d4749ff18d9f7965.txt,3ab3e9c990c3505a29a8cefefd60673fa95ffec6dcadc0de845e5d4f0d31475c,pixel-extremes-v1,87f64e55aa7b63804c03badb8d3cf038c7f8a2bdff322bf6a983acd6697d72a0
7896902289697,3e8e48d32d42bd2e95957864bad44f26f6c0acd87625d41634815aeb5277ebad,5acf0b463746f68ce1482af84dc0f78d41fd845559c95decfcc12d61f0b83435,0,test,images/test/3e8e48d32d42bd2e95957864bad44f26f6c0acd87625d41634815aeb5277ebad.jpg,labels/test/3e8e48d32d42bd2e95957864bad44f26f6c0acd87625d41634815aeb5277ebad.txt,5acf0b463746f68ce1482af84dc0f78d41fd845559c95decfcc12d61f0b83435,pixel-extremes-v1,87f64e55aa7b63804c03badb8d3cf038c7f8a2bdff322bf6a983acd6697d72a0
080100005549,3f1adf15486861c2ff86cf7df1be2cb3480c39bbad35a30869bd2a1c9ba958dc,25e0ab9f593d2a46b46ef1dd2673157d8df4e532e6d3d72c84f9318bff7f87bb,0,train,images/train/3f1adf15486861c2ff86cf7df1be2cb3480c39bbad35a30869bd2a1c9ba958dc.jpg,labels/train/3f1adf15486861c2ff86cf7df1be2cb3480c39bbad35a30869bd2a1c9ba958dc.txt,25e0ab9f593d2a46b46ef1dd2673157d8df4e532e6d3d72c84f9318bff7f87bb,pixel-extremes-v1,87f64e55aa7b63804c03badb8d3cf038c7f8a2bdff322bf6a983acd6697d72a0
1200185061035,3fd2ab18c358761bf0c591b9b05d0b3c3be43359e9484bf7adcc2d2f40b03584,9b9b40bf64b3f54f876029a0020256c30127a93d32b32b7c55a64b075ab4c09d,0,train,images/train/3fd2ab18c358761bf0c591b9b05d0b3c3be43359e9484bf7adcc2d2f40b03584.jpg,labels/train/3fd2ab18c358761bf0c591b9b05d0b3c3be43359e9484bf7adcc2d2f40b03584.txt,9b9b40bf64b3f54f876029a0020256c30127a93d32b32b7c55a64b075ab4c09d,pixel-extremes-v1,87f64e55aa7b63804c03badb8d3cf038c7f8a2bdff322bf6a983acd6697d72a0
7773400003003,40233ca670301924cb971bfc99d656ade8883135c5da38977f3bc7721a68ef03,dcd97c797ee6b8bb2d076ff9209a3762049238ad66695a9a0a6af7eb6ca8bdff,0,train,images/train/40233ca670301924cb971bfc99d656ade8883135c5da38977f3bc7721a68ef03.jpg,labels/train/40233ca670301924cb971bfc99d656ade8883135c5da38977f3bc7721a68ef03.txt,dcd97c797ee6b8bb2d076ff9209a3762049238ad66695a9a0a6af7eb6ca8bdff,pixel-extremes-v1,87f64e55aa7b63804c03badb8d3cf038c7f8a2bdff322bf6a983acd6697d72a0
7771259757993,40e355d92ab9dfe5e495dce6fa2bb7736a3559b36b0f13fd7a7e27fff2cc037c,278499cf9a991f017a908182cd49bcc1dd8dec37c1356946d9e83d13c084728a,0,train,images/train/40e355d92ab9dfe5e495dce6fa2bb7736a3559b36b0f13fd7a7e27fff2cc037c.jpg,labels/train/40e355d92ab9dfe5e495dce6fa2bb7736a3559b36b0f13fd7a7e27fff2cc037c.txt,278499cf9a991f017a908182cd49bcc1dd8dec37c1356946d9e83d13c084728a,pixel-extremes-v1,87f64e55aa7b63804c03badb8d3cf038c7f8a2bdff322bf6a983acd6697d72a0
7896058517521,40eaa011322b070624a5b6a5c299556ea960c3b3668657101a37b1b1c0ab9418,33654e6d3ea982ffec91b51934ac0742e61ac9265e8d7bb8f1a579f46db673c0,0,train,images/train/40eaa011322b070624a5b6a5c299556ea960c3b3668657101a37b1b1c0ab9418.jpg,labels/train/40eaa011322b070624a5b6a5c299556ea960c3b3668657101a37b1b1c0ab9418.txt,33654e6d3ea982ffec91b51934ac0742e61ac9265e8d7bb8f1a579f46db673c0,pixel-extremes-v1,87f64e55aa7b63804c03badb8d3cf038c7f8a2bdff322bf6a983acd6697d72a0
309970002626,410052c44c26da379720af42f288efd9e370be188044aff1239bb14f0afabf16,be900200b0ff8023dac3f31bdc09144b5d2a8a5df347a674e91f146d4aee0c8b,0,train,images/train/410052c44c26da379720af42f288efd9e370be188044aff1239bb14f0afabf16.jpg,labels/train/410052c44c26da379720af42f288efd9e370be188044aff1239bb14f0afabf16.txt,be900200b0ff8023dac3f31bdc09144b5d2a8a5df347a674e91f146d4aee0c8b,pixel-extremes-v1,87f64e55aa7b63804c03badb8d3cf038c7f8a2bdff322bf6a983acd6697d72a0
3501116,41982bfe391a175312a62d01ed44bce312655458014e681ae6e090a705b43a9a,63455251accaffa8b0e7f30044536a3afc42be450c8f1f923a48849bdb64ac81,0,train,images/train/41982bfe391a175312a62d01ed44bce312655458014e681ae6e090a705b43a9a.jpg,labels/train/41982bfe391a175312a62d01ed44bce312655458014e681ae6e090a705b43a9a.txt,63455251accaffa8b0e7f30044536a3afc42be450c8f1f923a48849bdb64ac81,pixel-extremes-v1,87f64e55aa7b63804c03badb8d3cf038c7f8a2bdff322bf6a983acd6697d72a0
7894904268283,427aa762144b775939c7f531a3ae9f607e0a7b1332ecdadcb3673bb93313e8ac,4a188b70f6d526e110aec8cdebb42b47ee8417a02e1e1c9bdf7bea834f330850,0,train,images/train/427aa762144b775939c7f531a3ae9f607e0a7b1332ecdadcb3673bb93313e8ac.jpg,labels/train/427aa762144b775939c7f531a3ae9f607e0a7b1332ecdadcb3673bb93313e8ac.txt,4a188b70f6d526e110aec8cdebb42b47ee8417a02e1e1c9bdf7bea834f330850,pixel-extremes-v1,87f64e55aa7b63804c03badb8d3cf038c7f8a2bdff322bf6a983acd6697d72a0
9000213,43bbda792b5c2e970bc4c59bda8b30d58dd32ddf65aac207ef84bd933cd2850c,50c7b12c11e85b50dd05756f86395457be28d606a974b859301a30b3d9e8b91b,0,test,images/test/43bbda792b5c2e970bc4c59bda8b30d58dd32ddf65aac207ef84bd933cd2850c.jpg,labels/test/43bbda792b5c2e970bc4c59bda8b30d58dd32ddf65aac207ef84bd933cd2850c.txt,50c7b12c11e85b50dd05756f86395457be28d606a974b859301a30b3d9e8b91b,pixel-extremes-v1,87f64e55aa7b63804c03badb8d3cf038c7f8a2bdff322bf6a983acd6697d72a0
7896058503005,44bdc41b363c3933fcba00428da1e9c4952217139eff9387d62011d4e5e75462,6e90eca521692bedef3e33faa3ac67ba94dec1028e4e85a0fad316e15b5f28a5,0,train,images/train/44bdc41b363c3933fcba00428da1e9c4952217139eff9387d62011d4e5e75462.jpg,labels/train/44bdc41b363c3933fcba00428da1e9c4952217139eff9387d62011d4e5e75462.txt,6e90eca521692bedef3e33faa3ac67ba94dec1028e4e85a0fad316e15b5f28a5,pixel-extremes-v1,87f64e55aa7b63804c03badb8d3cf038c7f8a2bdff322bf6a983acd6697d72a0
7771228000624,45214371e9bede1df0567faeade496827e90ef870d4b5e2b69abf7e5e8308819,4d13f97b296fb6faf91c5af3cdcb3972a8e736d03e5de29bebdb19bab6967e2d,0,train,images/train/45214371e9bede1df0567faeade496827e90ef870d4b5e2b69abf7e5e8308819.jpg,labels/train/45214371e9bede1df0567faeade496827e90ef870d4b5e2b69abf7e5e8308819.txt,4d13f97b296fb6faf91c5af3cdcb3972a8e736d03e5de29bebdb19bab6967e2d,pixel-extremes-v1,87f64e55aa7b63804c03badb8d3cf038c7f8a2bdff322bf6a983acd6697d72a0
8412122034016,45cdc1d7b4d7ec6c79e5b6590524b711a4685d9dd2002e493ae300d2ed3c31c6,f00ebf5ac027054d95fe5d9155a64ec61055f81201e472330cbfb082cc4f2e65,0,train,images/train/45cdc1d7b4d7ec6c79e5b6590524b711a4685d9dd2002e493ae300d2ed3c31c6.jpg,labels/train/45cdc1d7b4d7ec6c79e5b6590524b711a4685d9dd2002e493ae300d2ed3c31c6.txt,f00ebf5ac027054d95fe5d9155a64ec61055f81201e472330cbfb082cc4f2e65,pixel-extremes-v1,87f64e55aa7b63804c03badb8d3cf038c7f8a2bdff322bf6a983acd6697d72a0
7798186032368,45d31b28b53cb05f08cca2c6ea06d334a3c25bcb9f03d5ddc65f18271f2fc00c,e8b05b74829f9f4ab48640a152efb3248d5de574c8969c0505dabd0a22dcb7bd,0,train,images/train/45d31b28b53cb05f08cca2c6ea06d334a3c25bcb9f03d5ddc65f18271f2fc00c.jpg,labels/train/45d31b28b53cb05f08cca2c6ea06d334a3c25bcb9f03d5ddc65f18271f2fc00c.txt,e8b05b74829f9f4ab48640a152efb3248d5de574c8969c0505dabd0a22dcb7bd,pixel-extremes-v1,87f64e55aa7b63804c03badb8d3cf038c7f8a2bdff322bf6a983acd6697d72a0
041554098259,460c0a289559560193858721c6f8163d864766b8c2b184a9c3dce077870eb014,8677cf45f18356bb0253c4d337f032de000b843fcfd8f4f6befe3689a79278d5,0,train,images/train/460c0a289559560193858721c6f8163d864766b8c2b184a9c3dce077870eb014.jpg,labels/train/460c0a289559560193858721c6f8163d864766b8c2b184a9c3dce077870eb014.txt,8677cf45f18356bb0253c4d337f032de000b843fcfd8f4f6befe3689a79278d5,pixel-extremes-v1,87f64e55aa7b63804c03badb8d3cf038c7f8a2bdff322bf6a983acd6697d72a0
7771621640113,463de77e5cd01d5d7b1c3490b28f466cc18d9d56b36049eba90255677a513730,2515e89bf265dc1cbb37675e4641d1a040d81a92c8216551af04b6f0c0465539,0,train,images/train/463de77e5cd01d5d7b1c3490b28f466cc18d9d56b36049eba90255677a513730.jpg,labels/train/463de77e5cd01d5d7b1c3490b28f466cc18d9d56b36049eba90255677a513730.txt,2515e89bf265dc1cbb37675e4641d1a040d81a92c8216551af04b6f0c0465539,pixel-extremes-v1,87f64e55aa7b63804c03badb8d3cf038c7f8a2bdff322bf6a983acd6697d72a0
7896451912503,464523ed89c41923b989b5433f528dcb5b3df1709b638af70336f4c91c11e713,d3981a1651a5224036c90069c2d71f642bf83496cdeb2d3bc2beba368d261ef6,0,test,images/test/464523ed89c41923b989b5433f528dcb5b3df1709b638af70336f4c91c11e713.jpg,labels/test/464523ed89c41923b989b5433f528dcb5b3df1709b638af70336f4c91c11e713.txt,d3981a1651a5224036c90069c2d71f642bf83496cdeb2d3bc2beba368d261ef6,pixel-extremes-v1,87f64e55aa7b63804c03badb8d3cf038c7f8a2bdff322bf6a983acd6697d72a0
7771214005480,46deedfd0f05fdf3779c462491123ae32ebb94b63c231739d3d3244f449873bd,f50b122ea809b08bdd709921d0269418d061041bfcf00c2204cfe2d48f1a376e,0,train,images/train/46deedfd0f05fdf3779c462491123ae32ebb94b63c231739d3d3244f449873bd.jpg,labels/train/46deedfd0f05fdf3779c462491123ae32ebb94b63c231739d3d3244f449873bd.txt,f50b122ea809b08bdd709921d0269418d061041bfcf00c2204cfe2d48f1a376e,pixel-extremes-v1,87f64e55aa7b63804c03badb8d3cf038c7f8a2bdff322bf6a983acd6697d72a0
7891151039796,47cc066481fb38a95ef7fb998f846a5ba297d78fd7c18f4e9deb82e04dde7089,6165d486c1955add6785c1e7d6f01018ec038c2a36bee1152e6a2c2aa1158a9f,0,train,images/train/47cc066481fb38a95ef7fb998f846a5ba297d78fd7c18f4e9deb82e04dde7089.jpg,labels/train/47cc066481fb38a95ef7fb998f846a5ba297d78fd7c18f4e9deb82e04dde7089.txt,6165d486c1955add6785c1e7d6f01018ec038c2a36bee1152e6a2c2aa1158a9f,pixel-extremes-v1,87f64e55aa7b63804c03badb8d3cf038c7f8a2bdff322bf6a983acd6697d72a0
7773510140483,4817f336c3d428e7e2d9e8fa091421e08ead8df387870519cc0b1b7e962ab2da,f3e7b876fa39ae4b7897b34d605f87c43f1f3b197c239fe194fc20cfe4e4a925,0,train,images/train/4817f336c3d428e7e2d9e8fa091421e08ead8df387870519cc0b1b7e962ab2da.jpg,labels/train/4817f336c3d428e7e2d9e8fa091421e08ead8df387870519cc0b1b7e962ab2da.txt,f3e7b876fa39ae4b7897b34d605f87c43f1f3b197c239fe194fc20cfe4e4a925,pixel-extremes-v1,87f64e55aa7b63804c03badb8d3cf038c7f8a2bdff322bf6a983acd6697d72a0
3501114,482df5bab93e933058f725343b29f8eab8f754e06fa574e9a01c49ba57f933e7,63455251accaffa8b0e7f30044536a3afc42be450c8f1f923a48849bdb64ac81,0,train,images/train/482df5bab93e933058f725343b29f8eab8f754e06fa574e9a01c49ba57f933e7.jpg,labels/train/482df5bab93e933058f725343b29f8eab8f754e06fa574e9a01c49ba57f933e7.txt,63455251accaffa8b0e7f30044536a3afc42be450c8f1f923a48849bdb64ac81,pixel-extremes-v1,87f64e55aa7b63804c03badb8d3cf038c7f8a2bdff322bf6a983acd6697d72a0
7798186032375,4865570ff37b7874dcea32703946ba6fa02fee9ea79e132d9ca3585be8817149,dd0557b3b8e5b6f7917dc51362fc3abfd8e4c9c8b46af39db7995bc161c837e5,0,train,images/train/4865570ff37b7874dcea32703946ba6fa02fee9ea79e132d9ca3585be8817149.jpg,labels/train/4865570ff37b7874dcea32703946ba6fa02fee9ea79e132d9ca3585be8817149.txt,dd0557b3b8e5b6f7917dc51362fc3abfd8e4c9c8b46af39db7995bc161c837e5,pixel-extremes-v1,87f64e55aa7b63804c03badb8d3cf038c7f8a2bdff322bf6a983acd6697d72a0
07509546690384,4907ddb45a9c1f56f747cb4d835b55b531b1e518224f97f5db51be86bb4b114c,c7c4d52a0d805e33bbffc48d37560000cd237feb49b5e3c05e30ef0040c587ed,0,train,images/train/4907ddb45a9c1f56f747cb4d835b55b531b1e518224f97f5db51be86bb4b114c.jpg,labels/train/4907ddb45a9c1f56f747cb4d835b55b531b1e518224f97f5db51be86bb4b114c.txt,c7c4d52a0d805e33bbffc48d37560000cd237feb49b5e3c05e30ef0040c587ed,pixel-extremes-v1,87f64e55aa7b63804c03badb8d3cf038c7f8a2bdff322bf6a983acd6697d72a0
309973174603,4950f2e2afa3f53a2b29b6bfbb53273e6f3cee0b822dd78318cf4dceb9d4b21f,459ad20d4ce8e99ce8e0aa968169a676d7c4d1c33d82f4c52c24e350de96dcde,0,train,images/train/4950f2e2afa3f53a2b29b6bfbb53273e6f3cee0b822dd78318cf4dceb9d4b21f.jpg,labels/train/4950f2e2afa3f53a2b29b6bfbb53273e6f3cee0b822dd78318cf4dceb9d4b21f.txt,459ad20d4ce8e99ce8e0aa968169a676d7c4d1c33d82f4c52c24e350de96dcde,pixel-extremes-v1,87f64e55aa7b63804c03badb8d3cf038c7f8a2bdff322bf6a983acd6697d72a0
07896058500226,49b5f1d3f7a56f0f65438e50cc9ac89d5fb7a61af011496a21a73d49d2cc0ddb,f8cf6c538cf34012739cae36158bdd3294555c05f516dd7a760544b569bc40b2,0,train,images/train/49b5f1d3f7a56f0f65438e50cc9ac89d5fb7a61af011496a21a73d49d2cc0ddb.jpg,labels/train/49b5f1d3f7a56f0f65438e50cc9ac89d5fb7a61af011496a21a73d49d2cc0ddb.txt,f8cf6c538cf34012739cae36158bdd3294555c05f516dd7a760544b569bc40b2,pixel-extremes-v1,87f64e55aa7b63804c03badb8d3cf038c7f8a2bdff322bf6a983acd6697d72a0
7771224006293,49e5cd73630322f75527027b31744b8f10c85d192d0ab5f8a2a4e483f26e330f,7f12480f325a6954b3810eb5d6c859e580ce1ebfaf3462cc4102f2c4edba36dd,0,train,images/train/49e5cd73630322f75527027b31744b8f10c85d192d0ab5f8a2a4e483f26e330f.jpg,labels/train/49e5cd73630322f75527027b31744b8f10c85d192d0ab5f8a2a4e483f26e330f.txt,7f12480f325a6954b3810eb5d6c859e580ce1ebfaf3462cc4102f2c4edba36dd,pixel-extremes-v1,87f64e55aa7b63804c03badb8d3cf038c7f8a2bdff322bf6a983acd6697d72a0
7771260763334,4a11d74fb082fcdf88b57e953486cfe4374572ac821687e16660774633fd60dd,e78d2978b56e91a95d0b68ce2e6c172b1500acad2454617542e640d0de1b42b1,0,train,images/train/4a11d74fb082fcdf88b57e953486cfe4374572ac821687e16660774633fd60dd.jpg,labels/train/4a11d74fb082fcdf88b57e953486cfe4374572ac821687e16660774633fd60dd.txt,e78d2978b56e91a95d0b68ce2e6c172b1500acad2454617542e640d0de1b42b1,pixel-extremes-v1,87f64e55aa7b63804c03badb8d3cf038c7f8a2bdff322bf6a983acd6697d72a0
6971549925618,4a26f7aa261a15fc464e924b391d1eafb074e65cc29377ef9abf5a32f755aea3,8fbfdb8c4991ed5cd49fa3a1a18783173374f099466bf3dfafd068881d031b50,0,train,images/train/4a26f7aa261a15fc464e924b391d1eafb074e65cc29377ef9abf5a32f755aea3.jpg,labels/train/4a26f7aa261a15fc464e924b391d1eafb074e65cc29377ef9abf5a32f755aea3.txt,8fbfdb8c4991ed5cd49fa3a1a18783173374f099466bf3dfafd068881d031b50,pixel-extremes-v1,87f64e55aa7b63804c03badb8d3cf038c7f8a2bdff322bf6a983acd6697d72a0
041554098341,4abcf5c6fd5a407bb6d691fb76d551e4f86af8c574aeae13110c40362996ca15,3e34fcc1f81f02140a9aeb3dffbf6928ff7b3681d71132812fe844a9493b9ae4,0,train,images/train/4abcf5c6fd5a407bb6d691fb76d551e4f86af8c574aeae13110c40362996ca15.jpg,labels/train/4abcf5c6fd5a407bb6d691fb76d551e4f86af8c574aeae13110c40362996ca15.txt,3e34fcc1f81f02140a9aeb3dffbf6928ff7b3681d71132812fe844a9493b9ae4,pixel-extremes-v1,87f64e55aa7b63804c03badb8d3cf038c7f8a2bdff322bf6a983acd6697d72a0
084773611519,4b4a4edaa958e364bb6dbf8627ce7a292135d1ba3bdaf69c1080d085b0445fda,50b5754b348b86cbdffe8ccb4dd1677c5131388ed2a54c4395d8cfd344a737a3,0,val,images/val/4b4a4edaa958e364bb6dbf8627ce7a292135d1ba3bdaf69c1080d085b0445fda.jpg,labels/val/4b4a4edaa958e364bb6dbf8627ce7a292135d1ba3bdaf69c1080d085b0445fda.txt,50b5754b348b86cbdffe8ccb4dd1677c5131388ed2a54c4395d8cfd344a737a3,pixel-extremes-v1,87f64e55aa7b63804c03badb8d3cf038c7f8a2bdff322bf6a983acd6697d72a0
7509552992281,4b5df0a8b2783273da5dcb1ca920aa703e1ad9bbd2f3064c38c3b444aab59d0a,4e60d0705a03f6c0881fab7568011ed39284680d340a4ac4cdcf2b366044dd44,0,train,images/train/4b5df0a8b2783273da5dcb1ca920aa703e1ad9bbd2f3064c38c3b444aab59d0a.jpg,labels/train/4b5df0a8b2783273da5dcb1ca920aa703e1ad9bbd2f3064c38c3b444aab59d0a.txt,4e60d0705a03f6c0881fab7568011ed39284680d340a4ac4cdcf2b366044dd44,pixel-extremes-v1,87f64e55aa7b63804c03badb8d3cf038c7f8a2bdff322bf6a983acd6697d72a0
7702032008919,4bb4107c7ed87fb2508dddbc5e5bab55d0d95756bb7e35f90086b7211fdcdcdf,54a94451e841df2ac68b9244688a5b8aaecbc4bca8ee5a6d1e19df72f59c3241,0,test,images/test/4bb4107c7ed87fb2508dddbc5e5bab55d0d95756bb7e35f90086b7211fdcdcdf.jpg,labels/test/4bb4107c7ed87fb2508dddbc5e5bab55d0d95756bb7e35f90086b7211fdcdcdf.txt,54a94451e841df2ac68b9244688a5b8aaecbc4bca8ee5a6d1e19df72f59c3241,pixel-extremes-v1,87f64e55aa7b63804c03badb8d3cf038c7f8a2bdff322bf6a983acd6697d72a0
7702032117444,4c3d15769e59446495639a96a943f7223ce18c92fea5d256bbc174c3df78261b,08585d73daa3b8cdd2093cda93f72c0a967b195134f3d2f04fd52a1bbbf6076c,0,train,images/train/4c3d15769e59446495639a96a943f7223ce18c92fea5d256bbc174c3df78261b.jpg,labels/train/4c3d15769e59446495639a96a943f7223ce18c92fea5d256bbc174c3df78261b.txt,08585d73daa3b8cdd2093cda93f72c0a967b195134f3d2f04fd52a1bbbf6076c,pixel-extremes-v1,87f64e55aa7b63804c03badb8d3cf038c7f8a2bdff322bf6a983acd6697d72a0
7771228000587,4c4081523fb30c8f2233b4a410df4948ef7536e2b8f8649ac14bd7339ecb1d47,9d04bbacdebdc6dab9271e5b36b1b775e52302d5e9e56c43446923be96db6cd8,0,train,images/train/4c4081523fb30c8f2233b4a410df4948ef7536e2b8f8649ac14bd7339ecb1d47.jpg,labels/train/4c4081523fb30c8f2233b4a410df4948ef7536e2b8f8649ac14bd7339ecb1d47.txt,9d04bbacdebdc6dab9271e5b36b1b775e52302d5e9e56c43446923be96db6cd8,pixel-extremes-v1,87f64e55aa7b63804c03badb8d3cf038c7f8a2bdff322bf6a983acd6697d72a0
7771609005286,4cd8d2dbdc0d5f87170dc4055723eeaebe1de40c1dfcb884ae4428fc15dea29b,21f43ef98c616f309e0b36fe1e51df0a874883effc656288cdc7c3eda87ac0b8,0,test,images/test/4cd8d2dbdc0d5f87170dc4055723eeaebe1de40c1dfcb884ae4428fc15dea29b.jpg,labels/test/4cd8d2dbdc0d5f87170dc4055723eeaebe1de40c1dfcb884ae4428fc15dea29b.txt,21f43ef98c616f309e0b36fe1e51df0a874883effc656288cdc7c3eda87ac0b8,pixel-extremes-v1,87f64e55aa7b63804c03badb8d3cf038c7f8a2bdff322bf6a983acd6697d72a0
7899620665101,4cdfde08522c848d906705a3ea52085ab97c62544b3e3b421a71857fe918dfec,91a3d48971df1629053708001b526f46e4777508c56dc4d0e10bdd11a51e9136,0,train,images/train/4cdfde08522c848d906705a3ea52085ab97c62544b3e3b421a71857fe918dfec.jpg,labels/train/4cdfde08522c848d906705a3ea52085ab97c62544b3e3b421a71857fe918dfec.txt,91a3d48971df1629053708001b526f46e4777508c56dc4d0e10bdd11a51e9136,pixel-extremes-v1,87f64e55aa7b63804c03badb8d3cf038c7f8a2bdff322bf6a983acd6697d72a0
7774904408820,4ce3a2dc9e4d4eeb75526660f70ba8f60b16fd84bad42d1c4cd9a9bd24aec2b1,37811d65d569e9bfc4bc19f33f05b0779d1c57764f2fd94aef1f94517791be16,0,train,images/train/4ce3a2dc9e4d4eeb75526660f70ba8f60b16fd84bad42d1c4cd9a9bd24aec2b1.jpg,labels/train/4ce3a2dc9e4d4eeb75526660f70ba8f60b16fd84bad42d1c4cd9a9bd24aec2b1.txt,37811d65d569e9bfc4bc19f33f05b0779d1c57764f2fd94aef1f94517791be16,pixel-extremes-v1,87f64e55aa7b63804c03badb8d3cf038c7f8a2bdff322bf6a983acd6697d72a0
041554098228,4d41ec6e4af5c30764006f34bfd72aebe422a538e58baaf4d9718e850378cd9f,c1288cfeba863f1007b39071def7d2cd27ac569d861700913b5179ce52b9e453,0,train,images/train/4d41ec6e4af5c30764006f34bfd72aebe422a538e58baaf4d9718e850378cd9f.jpg,labels/train/4d41ec6e4af5c30764006f34bfd72aebe422a538e58baaf4d9718e850378cd9f.txt,c1288cfeba863f1007b39071def7d2cd27ac569d861700913b5179ce52b9e453,pixel-extremes-v1,87f64e55aa7b63804c03badb8d3cf038c7f8a2bdff322bf6a983acd6697d72a0
7896183912505,4d820b4ef9e5e0e02a85866cab04e2adb9d62bc10d545e96a477033830f77f36,920664d8abe0f482f73aff22426fcfc9eb188b76b0af3c64c8c848deb167ed46,0,val,images/val/4d820b4ef9e5e0e02a85866cab04e2adb9d62bc10d545e96a477033830f77f36.jpg,labels/val/4d820b4ef9e5e0e02a85866cab04e2adb9d62bc10d545e96a477033830f77f36.txt,920664d8abe0f482f73aff22426fcfc9eb188b76b0af3c64c8c848deb167ed46,pixel-extremes-v1,87f64e55aa7b63804c03badb8d3cf038c7f8a2bdff322bf6a983acd6697d72a0
7896451912916,4dcf92b84e0d890509f58db22a3fc257728d58d8ebe4693fe66e232aa3396ee7,370cb58e47cee205ec05197e23abf06be093bef2b0fe5f784779b1b611d077c1,0,train,images/train/4dcf92b84e0d890509f58db22a3fc257728d58d8ebe4693fe66e232aa3396ee7.jpg,labels/train/4dcf92b84e0d890509f58db22a3fc257728d58d8ebe4693fe66e232aa3396ee7.txt,370cb58e47cee205ec05197e23abf06be093bef2b0fe5f784779b1b611d077c1,pixel-extremes-v1,87f64e55aa7b63804c03badb8d3cf038c7f8a2bdff322bf6a983acd6697d72a0
3997800000668,4dd91d2cb1ede15c4f3247bfe7ffae7dad8e4054982831ddf828a8b8566b17c8,4d3ef31e79d9157e6532fcb9d9479f3c45c554b2516b3f97dbe041573cb18e0b,0,val,images/val/4dd91d2cb1ede15c4f3247bfe7ffae7dad8e4054982831ddf828a8b8566b17c8.jpg,labels/val/4dd91d2cb1ede15c4f3247bfe7ffae7dad8e4054982831ddf828a8b8566b17c8.txt,4d3ef31e79d9157e6532fcb9d9479f3c45c554b2516b3f97dbe041573cb18e0b,pixel-extremes-v1,87f64e55aa7b63804c03badb8d3cf038c7f8a2bdff322bf6a983acd6697d72a0
7509552961751,4e24edc97236bca639d5dba48d7122cb323a813585b79b54509baf64bf755c1e,e8f5d346c0ef0a9f3ce22eaea02932d854ef9a6bfb4ac7d67df1ec5697890406,0,val,images/val/4e24edc97236bca639d5dba48d7122cb323a813585b79b54509baf64bf755c1e.jpg,labels/val/4e24edc97236bca639d5dba48d7122cb323a813585b79b54509baf64bf755c1e.txt,e8f5d346c0ef0a9f3ce22eaea02932d854ef9a6bfb4ac7d67df1ec5697890406,pixel-extremes-v1,87f64e55aa7b63804c03badb8d3cf038c7f8a2bdff322bf6a983acd6697d72a0
7774904407113,4f9cec603cc5bf3e34cbce3ad9e4aec660af192f8792a8ba4f81de3b70af5c4e,9f1062ea0574c17fa5f43294668fccc8d9932d78c6aa2a3eeef3fd5540840d66,0,train,images/train/4f9cec603cc5bf3e34cbce3ad9e4aec660af192f8792a8ba4f81de3b70af5c4e.jpg,labels/train/4f9cec603cc5bf3e34cbce3ad9e4aec660af192f8792a8ba4f81de3b70af5c4e.txt,9f1062ea0574c17fa5f43294668fccc8d9932d78c6aa2a3eeef3fd5540840d66,pixel-extremes-v1,87f64e55aa7b63804c03badb8d3cf038c7f8a2bdff322bf6a983acd6697d72a0
7771259210276,4fd9e0822fde2098b3861db41e0fa79c55526dfd280af52df179d4e570017ce0,868ac70621a7a61abc93cf036921710aaca106293806b31f6a6566edafe6a0d8,0,train,images/train/4fd9e0822fde2098b3861db41e0fa79c55526dfd280af52df179d4e570017ce0.jpg,labels/train/4fd9e0822fde2098b3861db41e0fa79c55526dfd280af52df179d4e570017ce0.txt,868ac70621a7a61abc93cf036921710aaca106293806b31f6a6566edafe6a0d8,pixel-extremes-v1,87f64e55aa7b63804c03badb8d3cf038c7f8a2bdff322bf6a983acd6697d72a0
7899620679290,503426bb2f91a4049ad52fe35317f5b18550e83f1695ebd3ad1210bceb9e47b5,7507176bb9b8eaa8a61c1c6889ca83a6a1ae8b491331333fe44c413ecd0310ce,0,train,images/train/503426bb2f91a4049ad52fe35317f5b18550e83f1695ebd3ad1210bceb9e47b5.jpg,labels/train/503426bb2f91a4049ad52fe35317f5b18550e83f1695ebd3ad1210bceb9e47b5.txt,7507176bb9b8eaa8a61c1c6889ca83a6a1ae8b491331333fe44c413ecd0310ce,pixel-extremes-v1,87f64e55aa7b63804c03badb8d3cf038c7f8a2bdff322bf6a983acd6697d72a0
7773401007819,50a25caec7002dc278318482ec0ed20779cd8342ea546f93475de72e7e41012c,744f52237d45bf63bee082d55d0f49cecb87636e8718e669303496f67c33afaf,0,val,images/val/50a25caec7002dc278318482ec0ed20779cd8342ea546f93475de72e7e41012c.jpg,labels/val/50a25caec7002dc278318482ec0ed20779cd8342ea546f93475de72e7e41012c.txt,744f52237d45bf63bee082d55d0f49cecb87636e8718e669303496f67c33afaf,pixel-extremes-v1,87f64e55aa7b63804c03badb8d3cf038c7f8a2bdff322bf6a983acd6697d72a0
7896115700408,50a3dbe6af305783e1f37d3a427cb9aded7f37d06431199066a64b51fc5b1cb3,aa98502fc0308bfa1dd36ea84c11c781fba45d81b2f78251ba2d906418273e5a,0,train,images/train/50a3dbe6af305783e1f37d3a427cb9aded7f37d06431199066a64b51fc5b1cb3.jpg,labels/train/50a3dbe6af305783e1f37d3a427cb9aded7f37d06431199066a64b51fc5b1cb3.txt,aa98502fc0308bfa1dd36ea84c11c781fba45d81b2f78251ba2d906418273e5a,pixel-extremes-v1,87f64e55aa7b63804c03badb8d3cf038c7f8a2bdff322bf6a983acd6697d72a0
7509552961812,5109c568073baaeb5ddf4807eb97208c1e3a6f7914cef725edf4b2317d1f363c,485162bc6ccd1028ad3d82c32b368de94a1b708227003d5f64b1e79f8d6f9aff,0,train,images/train/5109c568073baaeb5ddf4807eb97208c1e3a6f7914cef725edf4b2317d1f363c.jpg,labels/train/5109c568073baaeb5ddf4807eb97208c1e3a6f7914cef725edf4b2317d1f363c.txt,485162bc6ccd1028ad3d82c32b368de94a1b708227003d5f64b1e79f8d6f9aff,pixel-extremes-v1,87f64e55aa7b63804c03badb8d3cf038c7f8a2bdff322bf6a983acd6697d72a0
7891150099456,51357bf2143dd0a8f87f5b24cb737b5c1a20dc679b990291cb4308225f34c6f3,b2aca1464c7b32032dce655b97c14a92b3bfd50321b520c8163567bc226013ca,0,train,images/train/51357bf2143dd0a8f87f5b24cb737b5c1a20dc679b990291cb4308225f34c6f3.jpg,labels/train/51357bf2143dd0a8f87f5b24cb737b5c1a20dc679b990291cb4308225f34c6f3.txt,b2aca1464c7b32032dce655b97c14a92b3bfd50321b520c8163567bc226013ca,pixel-extremes-v1,87f64e55aa7b63804c03badb8d3cf038c7f8a2bdff322bf6a983acd6697d72a0
7770109740147,51f7fe388c8b819d1f76e2a21e284cbaf893fdb3995591093762c0dcf089d6bb,9e93c43f70bc6566130db4f8873051d2ba7d1459a263302b7de360d911a6c797,0,test,images/test/51f7fe388c8b819d1f76e2a21e284cbaf893fdb3995591093762c0dcf089d6bb.jpg,labels/test/51f7fe388c8b819d1f76e2a21e284cbaf893fdb3995591093762c0dcf089d6bb.txt,9e93c43f70bc6566130db4f8873051d2ba7d1459a263302b7de360d911a6c797,pixel-extremes-v1,87f64e55aa7b63804c03badb8d3cf038c7f8a2bdff322bf6a983acd6697d72a0
7898080664808,52141bbcc23ccbee0ccb03d109a0f04157af31f981264998debb4248dddad1ed,e98b075219db1697c579e9701cd0e5995a98994556430dd935e44d4cd733d654,0,train,images/train/52141bbcc23ccbee0ccb03d109a0f04157af31f981264998debb4248dddad1ed.jpg,labels/train/52141bbcc23ccbee0ccb03d109a0f04157af31f981264998debb4248dddad1ed.txt,e98b075219db1697c579e9701cd0e5995a98994556430dd935e44d4cd733d654,pixel-extremes-v1,87f64e55aa7b63804c03badb8d3cf038c7f8a2bdff322bf6a983acd6697d72a0
7899567245015,53245b3ca9237a07888d90c4ba146a4024fcb302347e97b5683aa54d4f892954,4620e25ed3800bd20beffdbada49247bc4da7944c2eaa01d0d0668fa6473366e,0,val,images/val/53245b3ca9237a07888d90c4ba146a4024fcb302347e97b5683aa54d4f892954.jpg,labels/val/53245b3ca9237a07888d90c4ba146a4024fcb302347e97b5683aa54d4f892954.txt,4620e25ed3800bd20beffdbada49247bc4da7944c2eaa01d0d0668fa6473366e,pixel-extremes-v1,87f64e55aa7b63804c03badb8d3cf038c7f8a2bdff322bf6a983acd6697d72a0
8901023025082,534e2cc3d96076fb2047b15874c71b6bef47064a0091272c4bcb76441be9fb61,20a3a66db9f2028176506c9c4821874195de539dc4c005c2aebf52c06bc7e385,0,test,images/test/534e2cc3d96076fb2047b15874c71b6bef47064a0091272c4bcb76441be9fb61.jpg,labels/test/534e2cc3d96076fb2047b15874c71b6bef47064a0091272c4bcb76441be9fb61.txt,20a3a66db9f2028176506c9c4821874195de539dc4c005c2aebf52c06bc7e385,pixel-extremes-v1,87f64e55aa7b63804c03badb8d3cf038c7f8a2bdff322bf6a983acd6697d72a0
041554096064,5371abef52f3cb6e8828550e36cd94731eacf9aa3dd4c432fe7c24866c77ca66,f028136c0bb4eb60fc2c68a488efe17134d2703a2ae522264536c64927dcf61c,0,train,images/train/5371abef52f3cb6e8828550e36cd94731eacf9aa3dd4c432fe7c24866c77ca66.jpg,labels/train/5371abef52f3cb6e8828550e36cd94731eacf9aa3dd4c432fe7c24866c77ca66.txt,f028136c0bb4eb60fc2c68a488efe17134d2703a2ae522264536c64927dcf61c,pixel-extremes-v1,87f64e55aa7b63804c03badb8d3cf038c7f8a2bdff322bf6a983acd6697d72a0
7770109740161,545b00f9c7863d3683889ece5e117710bf7cad2a9b3992c74585e581e92eb5d3,5a3474eb3ad9587af861141ad8668de57716fd4fc638369c0d9e130a89b83f15,0,train,images/train/545b00f9c7863d3683889ece5e117710bf7cad2a9b3992c74585e581e92eb5d3.jpg,labels/train/545b00f9c7863d3683889ece5e117710bf7cad2a9b3992c74585e581e92eb5d3.txt,5a3474eb3ad9587af861141ad8668de57716fd4fc638369c0d9e130a89b83f15,pixel-extremes-v1,87f64e55aa7b63804c03badb8d3cf038c7f8a2bdff322bf6a983acd6697d72a0
850071452006,54989765530f4a10ffdb2965a79d750eeebf688fa87443feb35e1bf15ed4e20b,65070099e03b34fbfc8ceb279eaa684e74af98dd8982500cdce44576693d1a7d,0,train,images/train/54989765530f4a10ffdb2965a79d750eeebf688fa87443feb35e1bf15ed4e20b.jpg,labels/train/54989765530f4a10ffdb2965a79d750eeebf688fa87443feb35e1bf15ed4e20b.txt,65070099e03b34fbfc8ceb279eaa684e74af98dd8982500cdce44576693d1a7d,pixel-extremes-v1,87f64e55aa7b63804c03badb8d3cf038c7f8a2bdff322bf6a983acd6697d72a0
4059729522061,54992e1217901c59b5a08a22b84d3b59fdcef2f6e5df659f6f8be5db9accb026,bb0ae0c614e33b326751f88e019063ab49f4829ee8dd7a1e9408e520a1677a72,0,train,images/train/54992e1217901c59b5a08a22b84d3b59fdcef2f6e5df659f6f8be5db9accb026.jpg,labels/train/54992e1217901c59b5a08a22b84d3b59fdcef2f6e5df659f6f8be5db9accb026.txt,bb0ae0c614e33b326751f88e019063ab49f4829ee8dd7a1e9408e520a1677a72,pixel-extremes-v1,87f64e55aa7b63804c03badb8d3cf038c7f8a2bdff322bf6a983acd6697d72a0
7509552982688,54ef5b433d2c7659ee24af64ad69a57f5bad8560b5201820d9ce0223707b1fff,637cdf8c8001f1b2a6375c5e04984eaca7aa60e83e91747569548e7f75b78298,0,train,images/train/54ef5b433d2c7659ee24af64ad69a57f5bad8560b5201820d9ce0223707b1fff.jpg,labels/train/54ef5b433d2c7659ee24af64ad69a57f5bad8560b5201820d9ce0223707b1fff.txt,637cdf8c8001f1b2a6375c5e04984eaca7aa60e83e91747569548e7f75b78298,pixel-extremes-v1,87f64e55aa7b63804c03badb8d3cf038c7f8a2bdff322bf6a983acd6697d72a0
309973978010,5548d8811808679af808babc0f6f27e3f4a0e86527538175d10e9328b4b2ed8b,ba86916b3fc6c37ace03cf2ccf1b7fac62d9184eda4c73b838d3f277cf7d2c77,0,val,images/val/5548d8811808679af808babc0f6f27e3f4a0e86527538175d10e9328b4b2ed8b.jpg,labels/val/5548d8811808679af808babc0f6f27e3f4a0e86527538175d10e9328b4b2ed8b.txt,ba86916b3fc6c37ace03cf2ccf1b7fac62d9184eda4c73b838d3f277cf7d2c77,pixel-extremes-v1,87f64e55aa7b63804c03badb8d3cf038c7f8a2bdff322bf6a983acd6697d72a0
7896451907189,55c3f50713ff343219032dbb60002420a29cc5a80cb741ea9b45aed839fe09b8,13918b00ebe5dbc3d515f64ba9072e57fff516624e930dddc494f9be8393a765,0,val,images/val/55c3f50713ff343219032dbb60002420a29cc5a80cb741ea9b45aed839fe09b8.jpg,labels/val/55c3f50713ff343219032dbb60002420a29cc5a80cb741ea9b45aed839fe09b8.txt,13918b00ebe5dbc3d515f64ba9072e57fff516624e930dddc494f9be8393a765,pixel-extremes-v1,87f64e55aa7b63804c03badb8d3cf038c7f8a2bdff322bf6a983acd6697d72a0
7772115002769,5664f4409afc5ea139876a47864e7a937ebdaa643c44c21436d7369336c67556,09d3c334beff7a712129c7d9b02403c4e3cb1460bcdbaa30e3698dab5bc1d371,0,val,images/val/5664f4409afc5ea139876a47864e7a937ebdaa643c44c21436d7369336c67556.jpg,labels/val/5664f4409afc5ea139876a47864e7a937ebdaa643c44c21436d7369336c67556.txt,09d3c334beff7a712129c7d9b02403c4e3cb1460bcdbaa30e3698dab5bc1d371,pixel-extremes-v1,87f64e55aa7b63804c03badb8d3cf038c7f8a2bdff322bf6a983acd6697d72a0
041554098167,5676f851a1e7b3707d2b983351274d274f1c2a94f20d575fe21c7307c58243b3,e0b688f1612e58dd68ba85b222bd3ccd62a75a1bea8ee5251fb77c09bd105ea8,0,train,images/train/5676f851a1e7b3707d2b983351274d274f1c2a94f20d575fe21c7307c58243b3.jpg,labels/train/5676f851a1e7b3707d2b983351274d274f1c2a94f20d575fe21c7307c58243b3.txt,e0b688f1612e58dd68ba85b222bd3ccd62a75a1bea8ee5251fb77c09bd105ea8,pixel-extremes-v1,87f64e55aa7b63804c03badb8d3cf038c7f8a2bdff322bf6a983acd6697d72a0
041554096231,56b3dd6b75500d4f1cd40b85e3079b07715d81460e3aa1504c9e75aa3ea795a4,b719fd050314680712dcfc37d1be65d9f00e7f676cd1240229f1ecc3c84bada0,0,train,images/train/56b3dd6b75500d4f1cd40b85e3079b07715d81460e3aa1504c9e75aa3ea795a4.jpg,labels/train/56b3dd6b75500d4f1cd40b85e3079b07715d81460e3aa1504c9e75aa3ea795a4.txt,b719fd050314680712dcfc37d1be65d9f00e7f676cd1240229f1ecc3c84bada0,pixel-extremes-v1,87f64e55aa7b63804c03badb8d3cf038c7f8a2bdff322bf6a983acd6697d72a0
7771501000501,56f2e61692925b5511188067fe893547ea127d8d0d2af560fad1bc765fb588c5,1b21fe1bddccff2a9fbf6d3476f9768d311c145a5b0df028c107e52fdabce1b5,0,test,images/test/56f2e61692925b5511188067fe893547ea127d8d0d2af560fad1bc765fb588c5.jpg,labels/test/56f2e61692925b5511188067fe893547ea127d8d0d2af560fad1bc765fb588c5.txt,1b21fe1bddccff2a9fbf6d3476f9768d311c145a5b0df028c107e52fdabce1b5,pixel-extremes-v1,87f64e55aa7b63804c03badb8d3cf038c7f8a2bdff322bf6a983acd6697d72a0
8901030971921,571ca75363280a6dbfee6e838d8350df2ed61e4b23223110dd2b423d44a03c10,bca3327e471583b335806075b3f8c20f457c888ef5acf7c6ad07d41797d5d5cf,0,test,images/test/571ca75363280a6dbfee6e838d8350df2ed61e4b23223110dd2b423d44a03c10.jpg,labels/test/571ca75363280a6dbfee6e838d8350df2ed61e4b23223110dd2b423d44a03c10.txt,bca3327e471583b335806075b3f8c20f457c888ef5acf7c6ad07d41797d5d5cf,pixel-extremes-v1,87f64e55aa7b63804c03badb8d3cf038c7f8a2bdff322bf6a983acd6697d72a0
7773435930411,57510a55fb31743bf3169f99f4d11a9a9b4c67451fb767b145bd4bd38199107e,3b14208453f936572beca501a193c07d56be96d0564f8af433e6238cdc32b293,0,train,images/train/57510a55fb31743bf3169f99f4d11a9a9b4c67451fb767b145bd4bd38199107e.jpg,labels/train/57510a55fb31743bf3169f99f4d11a9a9b4c67451fb767b145bd4bd38199107e.txt,3b14208453f936572beca501a193c07d56be96d0564f8af433e6238cdc32b293,pixel-extremes-v1,87f64e55aa7b63804c03badb8d3cf038c7f8a2bdff322bf6a983acd6697d72a0
041554094121,58767935154950b9c8bb6d1ef0b5df1dadeb2b5adbc777ebceabd052335dfba4,8bf91868cb4bb51676058cfe4a097fa000a91ed1f9483252206e684fc1f02656,0,test,images/test/58767935154950b9c8bb6d1ef0b5df1dadeb2b5adbc777ebceabd052335dfba4.jpg,labels/test/58767935154950b9c8bb6d1ef0b5df1dadeb2b5adbc777ebceabd052335dfba4.txt,8bf91868cb4bb51676058cfe4a097fa000a91ed1f9483252206e684fc1f02656,pixel-extremes-v1,87f64e55aa7b63804c03badb8d3cf038c7f8a2bdff322bf6a983acd6697d72a0
7509552992144,596a9e6b411b740339fb03359a8e93c1ff7ba13258db2fcfd18efcd0fd6520fb,171f4552b6e25933b6bd4b1820e47049405abea474d1ad96e0aaccc6ed66fc92,0,train,images/train/596a9e6b411b740339fb03359a8e93c1ff7ba13258db2fcfd18efcd0fd6520fb.jpg,labels/train/596a9e6b411b740339fb03359a8e93c1ff7ba13258db2fcfd18efcd0fd6520fb.txt,171f4552b6e25933b6bd4b1820e47049405abea474d1ad96e0aaccc6ed66fc92,pixel-extremes-v1,87f64e55aa7b63804c03badb8d3cf038c7f8a2bdff322bf6a983acd6697d72a0
7891150102965,5a756edb408aaf5471c54b130bfcf02a8fb4024a12e79938ce78a3569bad488e,4d4261cc9efda4e6fc332ac2ad289cf226ee826db082dacd3db193009ec0c969,0,test,images/test/5a756edb408aaf5471c54b130bfcf02a8fb4024a12e79938ce78a3569bad488e.jpg,labels/test/5a756edb408aaf5471c54b130bfcf02a8fb4024a12e79938ce78a3569bad488e.txt,4d4261cc9efda4e6fc332ac2ad289cf226ee826db082dacd3db193009ec0c969,pixel-extremes-v1,87f64e55aa7b63804c03badb8d3cf038c7f8a2bdff322bf6a983acd6697d72a0
7896451927927,5ac39c91b5aedcdfbb15b9d5bd3b8c15236e72033ce1d8bb9f258ae72cb4929e,28304755a114d93dc688bfc0067fe6c052f5129531893878f128d16e1361af15,0,val,images/val/5ac39c91b5aedcdfbb15b9d5bd3b8c15236e72033ce1d8bb9f258ae72cb4929e.jpg,labels/val/5ac39c91b5aedcdfbb15b9d5bd3b8c15236e72033ce1d8bb9f258ae72cb4929e.txt,28304755a114d93dc688bfc0067fe6c052f5129531893878f128d16e1361af15,pixel-extremes-v1,87f64e55aa7b63804c03badb8d3cf038c7f8a2bdff322bf6a983acd6697d72a0
7771259758051,5b02045f9148070a154c933daef6f27b1b9ed9589b68e07c6ca590ad302591d6,1e3cbd27fdd047ab8de1eb1ec111dc23966e223f339d89fff8fea8442bcc81b8,0,train,images/train/5b02045f9148070a154c933daef6f27b1b9ed9589b68e07c6ca590ad302591d6.jpg,labels/train/5b02045f9148070a154c933daef6f27b1b9ed9589b68e07c6ca590ad302591d6.txt,1e3cbd27fdd047ab8de1eb1ec111dc23966e223f339d89fff8fea8442bcc81b8,pixel-extremes-v1,87f64e55aa7b63804c03badb8d3cf038c7f8a2bdff322bf6a983acd6697d72a0
7509552961799,5b118b8dd36085a352ae7e8ca6a1676c42f4ce9cfa0ed41adc0cdbe6b1054fee,341a429942ed525c78ec335b4b28bffadb43dea59e7d4f1e79c750c72cd9b62c,0,train,images/train/5b118b8dd36085a352ae7e8ca6a1676c42f4ce9cfa0ed41adc0cdbe6b1054fee.jpg,labels/train/5b118b8dd36085a352ae7e8ca6a1676c42f4ce9cfa0ed41adc0cdbe6b1054fee.txt,341a429942ed525c78ec335b4b28bffadb43dea59e7d4f1e79c750c72cd9b62c,pixel-extremes-v1,87f64e55aa7b63804c03badb8d3cf038c7f8a2bdff322bf6a983acd6697d72a0
7773400002617,5c495765e83ef15d228f67c18dcb72e28f21cbb0146a7980303720e8f492b066,3e8c4297830cf03d85a3cee1ddff66c27b2ca3f539435431e9c7abeb02200a25,0,train,images/train/5c495765e83ef15d228f67c18dcb72e28f21cbb0146a7980303720e8f492b066.jpg,labels/train/5c495765e83ef15d228f67c18dcb72e28f21cbb0146a7980303720e8f492b066.txt,3e8c4297830cf03d85a3cee1ddff66c27b2ca3f539435431e9c7abeb02200a25,pixel-extremes-v1,87f64e55aa7b63804c03badb8d3cf038c7f8a2bdff322bf6a983acd6697d72a0
7896902323486,5ce4f026ab749ef2486a76fc2736f5bdd237127fc2146923ee4451ce3ad3e3d2,212d31b5a47abf16548a1cf40c99dcb85a740f65a04da48cb7db23c166383c67,0,train,images/train/5ce4f026ab749ef2486a76fc2736f5bdd237127fc2146923ee4451ce3ad3e3d2.jpg,labels/train/5ce4f026ab749ef2486a76fc2736f5bdd237127fc2146923ee4451ce3ad3e3d2.txt,212d31b5a47abf16548a1cf40c99dcb85a740f65a04da48cb7db23c166383c67,pixel-extremes-v1,87f64e55aa7b63804c03badb8d3cf038c7f8a2bdff322bf6a983acd6697d72a0
7798178800715,5d51ab9ed8bb53d9c4a45d9d3f0c3585f1ebd2da6e040fd7d0f7525b9fb34f5e,f08bf0ff87c56a7e0ec5b67c0282f9f4d3f6e1e5c9d2b46f6a91200034705a67,0,train,images/train/5d51ab9ed8bb53d9c4a45d9d3f0c3585f1ebd2da6e040fd7d0f7525b9fb34f5e.jpg,labels/train/5d51ab9ed8bb53d9c4a45d9d3f0c3585f1ebd2da6e040fd7d0f7525b9fb34f5e.txt,f08bf0ff87c56a7e0ec5b67c0282f9f4d3f6e1e5c9d2b46f6a91200034705a67,pixel-extremes-v1,87f64e55aa7b63804c03badb8d3cf038c7f8a2bdff322bf6a983acd6697d72a0
9001063,5d5370335d2865c6408113ad97c6c9332fd2e2b38da21ccfe88a7d8c714df42f,c1699d7a42227fdc04b731c75ce2ff321a49733355c3b76a279af5b28ef40079,0,train,images/train/5d5370335d2865c6408113ad97c6c9332fd2e2b38da21ccfe88a7d8c714df42f.jpg,labels/train/5d5370335d2865c6408113ad97c6c9332fd2e2b38da21ccfe88a7d8c714df42f.txt,c1699d7a42227fdc04b731c75ce2ff321a49733355c3b76a279af5b28ef40079,pixel-extremes-v1,87f64e55aa7b63804c03badb8d3cf038c7f8a2bdff322bf6a983acd6697d72a0
7774904460026,5d738119b25a6678fcb15b03c664f140e4c7e7088c65d6455a849359219e78fb,90619af4986cfc91e834dac13cd5c24557dfd11313cc9c7fcc4275ba82ff575f,0,train,images/train/5d738119b25a6678fcb15b03c664f140e4c7e7088c65d6455a849359219e78fb.jpg,labels/train/5d738119b25a6678fcb15b03c664f140e4c7e7088c65d6455a849359219e78fb.txt,90619af4986cfc91e834dac13cd5c24557dfd11313cc9c7fcc4275ba82ff575f,pixel-extremes-v1,87f64e55aa7b63804c03badb8d3cf038c7f8a2bdff322bf6a983acd6697d72a0
309973174306,5dbbf80ac0c96f0c40441214c5f52210ea866ddf2444b3b70457993282f3a92f,e03e4a743289bcd03ad3203be92e076f9500935a05fe7664e22d4a9bd4a3ff9f,0,test,images/test/5dbbf80ac0c96f0c40441214c5f52210ea866ddf2444b3b70457993282f3a92f.jpg,labels/test/5dbbf80ac0c96f0c40441214c5f52210ea866ddf2444b3b70457993282f3a92f.txt,e03e4a743289bcd03ad3203be92e076f9500935a05fe7664e22d4a9bd4a3ff9f,pixel-extremes-v1,87f64e55aa7b63804c03badb8d3cf038c7f8a2bdff322bf6a983acd6697d72a0
7896451912886,5e161a3e4cfe6dc4c321a5b1a5f6866fc5514c35a93626e78cd3061ca2be00b3,b6a3f1b13b05c4a23d27beaf3d478f0168cad6e2ac17ef00f3dbaaeeb82452aa,0,val,images/val/5e161a3e4cfe6dc4c321a5b1a5f6866fc5514c35a93626e78cd3061ca2be00b3.jpg,labels/val/5e161a3e4cfe6dc4c321a5b1a5f6866fc5514c35a93626e78cd3061ca2be00b3.txt,b6a3f1b13b05c4a23d27beaf3d478f0168cad6e2ac17ef00f3dbaaeeb82452aa,pixel-extremes-v1,87f64e55aa7b63804c03badb8d3cf038c7f8a2bdff322bf6a983acd6697d72a0
7896451912527,5e29cc1c1baf3839735c78bcceeb00dd458d449c9a9b8a04416e66ee9456383c,981182dceb93dc59a1a7642e9f2bd8f658328148db7f05b560f324a77236356a,0,train,images/train/5e29cc1c1baf3839735c78bcceeb00dd458d449c9a9b8a04416e66ee9456383c.jpg,labels/train/5e29cc1c1baf3839735c78bcceeb00dd458d449c9a9b8a04416e66ee9456383c.txt,981182dceb93dc59a1a7642e9f2bd8f658328148db7f05b560f324a77236356a,pixel-extremes-v1,87f64e55aa7b63804c03badb8d3cf038c7f8a2bdff322bf6a983acd6697d72a0
6941696111387,5fc1b4145ddfda881fc190c3f89eea3a82307994425cda36e8b0d9a50f128499,498598b394c1eca900d034928c2d41215bea5d56121a6cfc0ff7deb4f28e1b3c,0,train,images/train/5fc1b4145ddfda881fc190c3f89eea3a82307994425cda36e8b0d9a50f128499.jpg,labels/train/5fc1b4145ddfda881fc190c3f89eea3a82307994425cda36e8b0d9a50f128499.txt,498598b394c1eca900d034928c2d41215bea5d56121a6cfc0ff7deb4f28e1b3c,pixel-extremes-v1,87f64e55aa7b63804c03badb8d3cf038c7f8a2bdff322bf6a983acd6697d72a0
7506306256934,606f645427234db0d28196cd3b6f0cb54cd1f15c6d6b52459e38bf4e49fbf3a8,0cd58b1988ede5413cdddf12d9f2930be279d3b962765ce90e480e056df83d8c,0,train,images/train/606f645427234db0d28196cd3b6f0cb54cd1f15c6d6b52459e38bf4e49fbf3a8.jpg,labels/train/606f645427234db0d28196cd3b6f0cb54cd1f15c6d6b52459e38bf4e49fbf3a8.txt,0cd58b1988ede5413cdddf12d9f2930be279d3b962765ce90e480e056df83d8c,pixel-extremes-v1,87f64e55aa7b63804c03badb8d3cf038c7f8a2bdff322bf6a983acd6697d72a0
7773435950143,6097d02c8c9c7249e6a16d3655604290092e6306d5695596ea5df0c21e4ca857,388bd558ea069a8b518cc5ebab5f7157f2dc93f1b7e042c04f8c72e28c7d5f44,0,train,images/train/6097d02c8c9c7249e6a16d3655604290092e6306d5695596ea5df0c21e4ca857.jpg,labels/train/6097d02c8c9c7249e6a16d3655604290092e6306d5695596ea5df0c21e4ca857.txt,388bd558ea069a8b518cc5ebab5f7157f2dc93f1b7e042c04f8c72e28c7d5f44,pixel-extremes-v1,87f64e55aa7b63804c03badb8d3cf038c7f8a2bdff322bf6a983acd6697d72a0
6972815396156,61266148f2e4aa834b309c91ec03f09c453881eaaf04d37cdd4ba6947448f26c,1d16f16b0da878dd9541fea20412cd045162a9d51b1637bc2e0d1be510bc8978,0,val,images/val/61266148f2e4aa834b309c91ec03f09c453881eaaf04d37cdd4ba6947448f26c.jpg,labels/val/61266148f2e4aa834b309c91ec03f09c453881eaaf04d37cdd4ba6947448f26c.txt,1d16f16b0da878dd9541fea20412cd045162a9d51b1637bc2e0d1be510bc8978,pixel-extremes-v1,87f64e55aa7b63804c03badb8d3cf038c7f8a2bdff322bf6a983acd6697d72a0
7899808802915,613a203c078113624b22f63f01a8d2cb1e03a80c45983ca5367e2514330d7a09,1f71a945f722133a0190c01e9598148c14231e75c1d21f8aa69df135952cc8e7,0,train,images/train/613a203c078113624b22f63f01a8d2cb1e03a80c45983ca5367e2514330d7a09.jpg,labels/train/613a203c078113624b22f63f01a8d2cb1e03a80c45983ca5367e2514330d7a09.txt,1f71a945f722133a0190c01e9598148c14231e75c1d21f8aa69df135952cc8e7,pixel-extremes-v1,87f64e55aa7b63804c03badb8d3cf038c7f8a2bdff322bf6a983acd6697d72a0
8901030971877,61c9b3931ded65794ca551d23ef53564594bc4fc0797af792f33596a2acaa880,d230602ad4aeb31d8ede3a4430313a4dffb776f040f95a03eb60491d8485a4d3,0,train,images/train/61c9b3931ded65794ca551d23ef53564594bc4fc0797af792f33596a2acaa880.jpg,labels/train/61c9b3931ded65794ca551d23ef53564594bc4fc0797af792f33596a2acaa880.txt,d230602ad4aeb31d8ede3a4430313a4dffb776f040f95a03eb60491d8485a4d3,pixel-extremes-v1,87f64e55aa7b63804c03badb8d3cf038c7f8a2bdff322bf6a983acd6697d72a0
7503037746246,6201c540c7101ec0ab9bdc1eebfbe87e4016bf2927a3a18831416bec7b27721d,944b86bbe600e33029a7ea9398e5f62b889ff784cd7219bbffa2f82965fc53c6,0,train,images/train/6201c540c7101ec0ab9bdc1eebfbe87e4016bf2927a3a18831416bec7b27721d.jpg,labels/train/6201c540c7101ec0ab9bdc1eebfbe87e4016bf2927a3a18831416bec7b27721d.txt,944b86bbe600e33029a7ea9398e5f62b889ff784cd7219bbffa2f82965fc53c6,pixel-extremes-v1,87f64e55aa7b63804c03badb8d3cf038c7f8a2bdff322bf6a983acd6697d72a0
7896451912404,62271fcdd3d7eb4bbb5f2e1f1b370fd9a95f906a5b936fa1d633f8d254743555,52241c85406b670cee53a88bfac89d8c63cd283ce5002a5c94364b2a0dce74e9,0,val,images/val/62271fcdd3d7eb4bbb5f2e1f1b370fd9a95f906a5b936fa1d633f8d254743555.jpg,labels/val/62271fcdd3d7eb4bbb5f2e1f1b370fd9a95f906a5b936fa1d633f8d254743555.txt,52241c85406b670cee53a88bfac89d8c63cd283ce5002a5c94364b2a0dce74e9,pixel-extremes-v1,87f64e55aa7b63804c03badb8d3cf038c7f8a2bdff322bf6a983acd6697d72a0
7509552957228,623c299a1f64765620d4bede878299dc0263836b0a4c1c62297ab801077c1d13,57678befae669d21519f35bcc73f8a952515f74bad381209cbb22a95a2c744f5,0,train,images/train/623c299a1f64765620d4bede878299dc0263836b0a4c1c62297ab801077c1d13.jpg,labels/train/623c299a1f64765620d4bede878299dc0263836b0a4c1c62297ab801077c1d13.txt,57678befae669d21519f35bcc73f8a952515f74bad381209cbb22a95a2c744f5,pixel-extremes-v1,87f64e55aa7b63804c03badb8d3cf038c7f8a2bdff322bf6a983acd6697d72a0
7798178800654,62407b27a23f5c58ca1dbe92bbf1cbac905898b464a5cc6146b433d46a134688,91379010765786a732754d6bdecf43dc8320be1c1663cac0c22deb6f0225cf71,0,train,images/train/62407b27a23f5c58ca1dbe92bbf1cbac905898b464a5cc6146b433d46a134688.jpg,labels/train/62407b27a23f5c58ca1dbe92bbf1cbac905898b464a5cc6146b433d46a134688.txt,91379010765786a732754d6bdecf43dc8320be1c1663cac0c22deb6f0225cf71,pixel-extremes-v1,87f64e55aa7b63804c03badb8d3cf038c7f8a2bdff322bf6a983acd6697d72a0
7896058516302,6241953cf2efbac13a9c85e2db49156d1cb8132a82a78baea4c2884749b7739c,ac83ef6e894011f30c06fe84acbc8b5a113b962f39223d76e1da992386be820d,0,train,images/train/6241953cf2efbac13a9c85e2db49156d1cb8132a82a78baea4c2884749b7739c.jpg,labels/train/6241953cf2efbac13a9c85e2db49156d1cb8132a82a78baea4c2884749b7739c.txt,ac83ef6e894011f30c06fe84acbc8b5a113b962f39223d76e1da992386be820d,pixel-extremes-v1,87f64e55aa7b63804c03badb8d3cf038c7f8a2bdff322bf6a983acd6697d72a0
7896451906342,628f4adc3d1ca621584752f8eb59323a111800594551f4d234997981b44788ac,39917093a210dd64798a5ec2e59400cdd751ec1d77c2ede3755562579ab25c32,0,train,images/train/628f4adc3d1ca621584752f8eb59323a111800594551f4d234997981b44788ac.jpg,labels/train/628f4adc3d1ca621584752f8eb59323a111800594551f4d234997981b44788ac.txt,39917093a210dd64798a5ec2e59400cdd751ec1d77c2ede3755562579ab25c32,pixel-extremes-v1,87f64e55aa7b63804c03badb8d3cf038c7f8a2bdff322bf6a983acd6697d72a0
7896451901385,62964bb8a83e0344cb4cb817a7f9779dda306694793d4d5f1f647deb7c84c2f1,50aebdff786d2226c2d70a24e0d2423b0c562222e710c77d3b41ef5030e9723f,0,train,images/train/62964bb8a83e0344cb4cb817a7f9779dda306694793d4d5f1f647deb7c84c2f1.jpg,labels/train/62964bb8a83e0344cb4cb817a7f9779dda306694793d4d5f1f647deb7c84c2f1.txt,50aebdff786d2226c2d70a24e0d2423b0c562222e710c77d3b41ef5030e9723f,pixel-extremes-v1,87f64e55aa7b63804c03badb8d3cf038c7f8a2bdff322bf6a983acd6697d72a0
7770109841363,62d218bb02dbd211be6f58c487eb887ce21550fcb57c2b1006b8dc3fe353ec62,af32881bc465b3e594cedadc1fe342db565c08e3d05b899f60de7889778cb663,0,train,images/train/62d218bb02dbd211be6f58c487eb887ce21550fcb57c2b1006b8dc3fe353ec62.jpg,labels/train/62d218bb02dbd211be6f58c487eb887ce21550fcb57c2b1006b8dc3fe353ec62.txt,af32881bc465b3e594cedadc1fe342db565c08e3d05b899f60de7889778cb663,pixel-extremes-v1,87f64e55aa7b63804c03badb8d3cf038c7f8a2bdff322bf6a983acd6697d72a0
7770108600169,632ed8af215bd6d2bca6160b8f4e6361769d4b0d43184e07a12b8dd38292721d,f7579242734a69f196307f931d9a5d141ea27f23055988e95feae54dd1929c81,0,train,images/train/632ed8af215bd6d2bca6160b8f4e6361769d4b0d43184e07a12b8dd38292721d.jpg,labels/train/632ed8af215bd6d2bca6160b8f4e6361769d4b0d43184e07a12b8dd38292721d.txt,f7579242734a69f196307f931d9a5d141ea27f23055988e95feae54dd1929c81,pixel-extremes-v1,87f64e55aa7b63804c03badb8d3cf038c7f8a2bdff322bf6a983acd6697d72a0
6942108482101,634f58efa6d72e3f1a4af78e28c3c026e248085b89b1c7dccb0db39384a83543,5bd7cbaacd7797e572cd912da989acc2266cf3da3d53572b7041a07c517f9351,0,train,images/train/634f58efa6d72e3f1a4af78e28c3c026e248085b89b1c7dccb0db39384a83543.jpg,labels/train/634f58efa6d72e3f1a4af78e28c3c026e248085b89b1c7dccb0db39384a83543.txt,5bd7cbaacd7797e572cd912da989acc2266cf3da3d53572b7041a07c517f9351,pixel-extremes-v1,87f64e55aa7b63804c03badb8d3cf038c7f8a2bdff322bf6a983acd6697d72a0
7770000850020,63b4c361f548e76a31170f30ec563365ecbaf4cdcfa5ef95d7003348c928f03b,08b2103af76824aa9de5bf97397574cf289ed647b9ce510787420e402f13e990,0,train,images/train/63b4c361f548e76a31170f30ec563365ecbaf4cdcfa5ef95d7003348c928f03b.jpg,labels/train/63b4c361f548e76a31170f30ec563365ecbaf4cdcfa5ef95d7003348c928f03b.txt,08b2103af76824aa9de5bf97397574cf289ed647b9ce510787420e402f13e990,pixel-extremes-v1,87f64e55aa7b63804c03badb8d3cf038c7f8a2bdff322bf6a983acd6697d72a0
7891150102972,643791e88e16a7dd82c92ba8a2fffb7206e7a3b9eea209561bba3f69fa7cc9d7,9326326d831998234701f8808333f7a37ef3ad414b3e7bcac8dfb38978d29cbd,0,train,images/train/643791e88e16a7dd82c92ba8a2fffb7206e7a3b9eea209561bba3f69fa7cc9d7.jpg,labels/train/643791e88e16a7dd82c92ba8a2fffb7206e7a3b9eea209561bba3f69fa7cc9d7.txt,9326326d831998234701f8808333f7a37ef3ad414b3e7bcac8dfb38978d29cbd,pixel-extremes-v1,87f64e55aa7b63804c03badb8d3cf038c7f8a2bdff322bf6a983acd6697d72a0
7896451911582,64cb867148e1cf2986e3fd67d7b1ca40c53a4871105067474381708d9123526c,bc8f340c6fb2ffd8db259267dc7081f0e91d9525fdbd2a0ce6a6a066b87752a1,0,val,images/val/64cb867148e1cf2986e3fd67d7b1ca40c53a4871105067474381708d9123526c.jpg,labels/val/64cb867148e1cf2986e3fd67d7b1ca40c53a4871105067474381708d9123526c.txt,bc8f340c6fb2ffd8db259267dc7081f0e91d9525fdbd2a0ce6a6a066b87752a1,pixel-extremes-v1,87f64e55aa7b63804c03badb8d3cf038c7f8a2bdff322bf6a983acd6697d72a0
7772116160260,64cd5d3f4bcf6b23f0d5a21c574e72bbd95d92754ff8cc5124238f415e083419,b10aa970e4d6e125fc8a7e34a44fba47b9d6ea1cd50ad0adccb9afb79866d6d1,0,train,images/train/64cd5d3f4bcf6b23f0d5a21c574e72bbd95d92754ff8cc5124238f415e083419.jpg,labels/train/64cd5d3f4bcf6b23f0d5a21c574e72bbd95d92754ff8cc5124238f415e083419.txt,b10aa970e4d6e125fc8a7e34a44fba47b9d6ea1cd50ad0adccb9afb79866d6d1,pixel-extremes-v1,87f64e55aa7b63804c03badb8d3cf038c7f8a2bdff322bf6a983acd6697d72a0
7793147571283,64d81e6331ace05c5409607061a5633784b31eb86a923b52fa53cef3773bc905,1666b76b1915c9d299fdb2e77372cb52db418dcd62d1c28553932a8720c0ad24,0,train,images/train/64d81e6331ace05c5409607061a5633784b31eb86a923b52fa53cef3773bc905.jpg,labels/train/64d81e6331ace05c5409607061a5633784b31eb86a923b52fa53cef3773bc905.txt,1666b76b1915c9d299fdb2e77372cb52db418dcd62d1c28553932a8720c0ad24,pixel-extremes-v1,87f64e55aa7b63804c03badb8d3cf038c7f8a2bdff322bf6a983acd6697d72a0
7702032253869,64f1bdfa3c8a45bdb79b7fe92ebd5206559f53ea1d8c3e7672d7ced06e190fc4,4fe49f42ccb9e3725c8261f41de40ca8b7995dca970730d2b7c1dcd3c54f5e0d,0,train,images/train/64f1bdfa3c8a45bdb79b7fe92ebd5206559f53ea1d8c3e7672d7ced06e190fc4.jpg,labels/train/64f1bdfa3c8a45bdb79b7fe92ebd5206559f53ea1d8c3e7672d7ced06e190fc4.txt,4fe49f42ccb9e3725c8261f41de40ca8b7995dca970730d2b7c1dcd3c54f5e0d,pixel-extremes-v1,87f64e55aa7b63804c03badb8d3cf038c7f8a2bdff322bf6a983acd6697d72a0
7896115700019,64fec55c3b6968d162eae04afe4f63cabd77b4fe5cd2600418741da47eb004b5,cbe31f1d2eaac554c3a538edf0e8d54c2611df6d354e36b66aa137b491731df5,0,train,images/train/64fec55c3b6968d162eae04afe4f63cabd77b4fe5cd2600418741da47eb004b5.jpg,labels/train/64fec55c3b6968d162eae04afe4f63cabd77b4fe5cd2600418741da47eb004b5.txt,cbe31f1d2eaac554c3a538edf0e8d54c2611df6d354e36b66aa137b491731df5,pixel-extremes-v1,87f64e55aa7b63804c03badb8d3cf038c7f8a2bdff322bf6a983acd6697d72a0
7772314690033,653db12830898494863fd4887647547f61892c4c9b2bd9b4ab79476b311a74b3,8f1ed3576f2ee14964f5c2b04b30ff3aa9a94105daa89fecfbd3910fe2e2d864,0,train,images/train/653db12830898494863fd4887647547f61892c4c9b2bd9b4ab79476b311a74b3.jpg,labels/train/653db12830898494863fd4887647547f61892c4c9b2bd9b4ab79476b311a74b3.txt,8f1ed3576f2ee14964f5c2b04b30ff3aa9a94105daa89fecfbd3910fe2e2d864,pixel-extremes-v1,87f64e55aa7b63804c03badb8d3cf038c7f8a2bdff322bf6a983acd6697d72a0
0658325435092,6598fb8ad99c8e22209e51b900d2fc617974bf2da89afcb27bd7888250c4cf23,dae838c95a07831219e446442820125aeec61fa1dec7659e216975ca58bed7ef,0,train,images/train/6598fb8ad99c8e22209e51b900d2fc617974bf2da89afcb27bd7888250c4cf23.jpg,labels/train/6598fb8ad99c8e22209e51b900d2fc617974bf2da89afcb27bd7888250c4cf23.txt,dae838c95a07831219e446442820125aeec61fa1dec7659e216975ca58bed7ef,pixel-extremes-v1,87f64e55aa7b63804c03badb8d3cf038c7f8a2bdff322bf6a983acd6697d72a0
7896451912497,669122d9e4f62bdb569bcfa9a23417affe7b3c2c6719f4813840ebd0f8437341,03a3017dc94e97e2847120d12712fe4b6e02fefdcacd87ff51571613efeb5bcf,0,val,images/val/669122d9e4f62bdb569bcfa9a23417affe7b3c2c6719f4813840ebd0f8437341.jpg,labels/val/669122d9e4f62bdb569bcfa9a23417affe7b3c2c6719f4813840ebd0f8437341.txt,03a3017dc94e97e2847120d12712fe4b6e02fefdcacd87ff51571613efeb5bcf,pixel-extremes-v1,87f64e55aa7b63804c03badb8d3cf038c7f8a2bdff322bf6a983acd6697d72a0
4059729521866,66d5d5084ad1ffa0f1456855dced545279b13a45e4ebca3b21fafaa2248a4745,c337c0dd23c4a8c4e346b7425e14c583f98382a6ca84df9c1d8ab457c80f2b42,0,train,images/train/66d5d5084ad1ffa0f1456855dced545279b13a45e4ebca3b21fafaa2248a4745.jpg,labels/train/66d5d5084ad1ffa0f1456855dced545279b13a45e4ebca3b21fafaa2248a4745.txt,c337c0dd23c4a8c4e346b7425e14c583f98382a6ca84df9c1d8ab457c80f2b42,pixel-extremes-v1,87f64e55aa7b63804c03badb8d3cf038c7f8a2bdff322bf6a983acd6697d72a0
7798178800838,675e2b80f9602912610d2e49726c81ec2c56e83af3e05c58e48fceb65fbc902c,c93d77dbfd8058ae86ff899cf86c8ad30e3b9b6d5f79b939cecbc8848329fc5e,0,train,images/train/675e2b80f9602912610d2e49726c81ec2c56e83af3e05c58e48fceb65fbc902c.jpg,labels/train/675e2b80f9602912610d2e49726c81ec2c56e83af3e05c58e48fceb65fbc902c.txt,c93d77dbfd8058ae86ff899cf86c8ad30e3b9b6d5f79b939cecbc8848329fc5e,pixel-extremes-v1,87f64e55aa7b63804c03badb8d3cf038c7f8a2bdff322bf6a983acd6697d72a0
7771259757078,688179814c563987796b400d816d773d51ef8d1051c55b79a9486721a006655e,073eda712bb3ad527a26c71cd158fe309c1087159eefdc33ed05eb12f81f004d,0,val,images/val/688179814c563987796b400d816d773d51ef8d1051c55b79a9486721a006655e.jpg,labels/val/688179814c563987796b400d816d773d51ef8d1051c55b79a9486721a006655e.txt,073eda712bb3ad527a26c71cd158fe309c1087159eefdc33ed05eb12f81f004d,pixel-extremes-v1,87f64e55aa7b63804c03badb8d3cf038c7f8a2bdff322bf6a983acd6697d72a0
7891150103115,68aa750b54752f9d2fca03402071872cf8a644c58d1f12b0fade9485b3571a92,47739f14dc8f4480515b32fb192dfce07f65a7e9c6b3f8229a171a336cd65008,0,train,images/train/68aa750b54752f9d2fca03402071872cf8a644c58d1f12b0fade9485b3571a92.jpg,labels/train/68aa750b54752f9d2fca03402071872cf8a644c58d1f12b0fade9485b3571a92.txt,47739f14dc8f4480515b32fb192dfce07f65a7e9c6b3f8229a171a336cd65008,pixel-extremes-v1,87f64e55aa7b63804c03badb8d3cf038c7f8a2bdff322bf6a983acd6697d72a0
7898142867666,68b8504bd27d5e9f23850106e8bb229ac0fcfe12c9ef8d9121eb89fb647ac858,43f3d41654876c8fa69455daaf45637bae99666bcf4f16df17682b323832db48,0,train,images/train/68b8504bd27d5e9f23850106e8bb229ac0fcfe12c9ef8d9121eb89fb647ac858.jpg,labels/train/68b8504bd27d5e9f23850106e8bb229ac0fcfe12c9ef8d9121eb89fb647ac858.txt,43f3d41654876c8fa69455daaf45637bae99666bcf4f16df17682b323832db48,pixel-extremes-v1,87f64e55aa7b63804c03badb8d3cf038c7f8a2bdff322bf6a983acd6697d72a0
7770110170063,68c6d68f0ae004bded1069ec02a39a1c274b99984b13e363b3988a5fdeaa327e,a0d3700db43069f39eee340d4181d2628f284f7cd262894921ab47f461e65029,0,test,images/test/68c6d68f0ae004bded1069ec02a39a1c274b99984b13e363b3988a5fdeaa327e.jpg,labels/test/68c6d68f0ae004bded1069ec02a39a1c274b99984b13e363b3988a5fdeaa327e.txt,a0d3700db43069f39eee340d4181d2628f284f7cd262894921ab47f461e65029,pixel-extremes-v1,87f64e55aa7b63804c03badb8d3cf038c7f8a2bdff322bf6a983acd6697d72a0
7898142867642,6aa777817c96a7d0e2ea97f3d2d0c0a3ab158cd6ce15c67b8d7fbf704f37daba,d7031aa4d5beee85a5a94fd01aa8eccf70debdca0b874626e869b915508ba43e,0,test,images/test/6aa777817c96a7d0e2ea97f3d2d0c0a3ab158cd6ce15c67b8d7fbf704f37daba.jpg,labels/test/6aa777817c96a7d0e2ea97f3d2d0c0a3ab158cd6ce15c67b8d7fbf704f37daba.txt,d7031aa4d5beee85a5a94fd01aa8eccf70debdca0b874626e869b915508ba43e,pixel-extremes-v1,87f64e55aa7b63804c03badb8d3cf038c7f8a2bdff322bf6a983acd6697d72a0
7798186033013,6acfadea356e5d94d26290d7a5a9319e91f561bb839b42964a76a9cb9606e4fd,fdcd3d7f5daf708e94d1050bb3b5fde59bf288b6e9b40b5345bb539c35114afd,0,train,images/train/6acfadea356e5d94d26290d7a5a9319e91f561bb839b42964a76a9cb9606e4fd.jpg,labels/train/6acfadea356e5d94d26290d7a5a9319e91f561bb839b42964a76a9cb9606e4fd.txt,fdcd3d7f5daf708e94d1050bb3b5fde59bf288b6e9b40b5345bb539c35114afd,pixel-extremes-v1,87f64e55aa7b63804c03badb8d3cf038c7f8a2bdff322bf6a983acd6697d72a0
7772314690095,6bdfcc36d1307736e4c623e0aff5087c257494212c8dba247fca76962cd717e0,98f1a09dc9d49c016b930935438b0c992783bb8dbe55c60d0cdd5c288a13e96d,0,train,images/train/6bdfcc36d1307736e4c623e0aff5087c257494212c8dba247fca76962cd717e0.jpg,labels/train/6bdfcc36d1307736e4c623e0aff5087c257494212c8dba247fca76962cd717e0.txt,98f1a09dc9d49c016b930935438b0c992783bb8dbe55c60d0cdd5c288a13e96d,pixel-extremes-v1,87f64e55aa7b63804c03badb8d3cf038c7f8a2bdff322bf6a983acd6697d72a0
1000000000555,6be1011e719a480bbb23357f27729c61c9d1118b1fd78acaa41b28d9066d4e5c,75696df693cd4166f42bbb1c8ee9f2cc4a36a806f1bb06a99f2c0ae6cb9b7d46,0,train,images/train/6be1011e719a480bbb23357f27729c61c9d1118b1fd78acaa41b28d9066d4e5c.jpg,labels/train/6be1011e719a480bbb23357f27729c61c9d1118b1fd78acaa41b28d9066d4e5c.txt,75696df693cd4166f42bbb1c8ee9f2cc4a36a806f1bb06a99f2c0ae6cb9b7d46,pixel-extremes-v1,87f64e55aa7b63804c03badb8d3cf038c7f8a2bdff322bf6a983acd6697d72a0
7896902286795,6dd0118f78f637574841111b9bf4a7c603e41fea232910ecf0d27b9a26bb0d97,dc96973d72491feb5d50b30201c1874fdf661d25a1c5a2027280fd82a0334be4,0,val,images/val/6dd0118f78f637574841111b9bf4a7c603e41fea232910ecf0d27b9a26bb0d97.jpg,labels/val/6dd0118f78f637574841111b9bf4a7c603e41fea232910ecf0d27b9a26bb0d97.txt,dc96973d72491feb5d50b30201c1874fdf661d25a1c5a2027280fd82a0334be4,pixel-extremes-v1,87f64e55aa7b63804c03badb8d3cf038c7f8a2bdff322bf6a983acd6697d72a0
7891150101777,6e06d706d8406cd82a8ab723e5eb7ac8e264ad9ad067341b70f79d9662bb9e16,a6e129392f05de0e80db32208a471a91f15bff32518d755f568635816e46e3aa,0,train,images/train/6e06d706d8406cd82a8ab723e5eb7ac8e264ad9ad067341b70f79d9662bb9e16.jpg,labels/train/6e06d706d8406cd82a8ab723e5eb7ac8e264ad9ad067341b70f79d9662bb9e16.txt,a6e129392f05de0e80db32208a471a91f15bff32518d755f568635816e46e3aa,pixel-extremes-v1,87f64e55aa7b63804c03badb8d3cf038c7f8a2bdff322bf6a983acd6697d72a0
7702025120192,6f18f16ed85f3da6a4d30622f6a7cae12ac73a3a8592a9101754cf6a5ee01b94,aa0bfe28922dc37d2f28d4ffaf01cf62a8db90d7b9c9ec2f176f868b968439f2,0,train,images/train/6f18f16ed85f3da6a4d30622f6a7cae12ac73a3a8592a9101754cf6a5ee01b94.jpg,labels/train/6f18f16ed85f3da6a4d30622f6a7cae12ac73a3a8592a9101754cf6a5ee01b94.txt,aa0bfe28922dc37d2f28d4ffaf01cf62a8db90d7b9c9ec2f176f868b968439f2,pixel-extremes-v1,87f64e55aa7b63804c03badb8d3cf038c7f8a2bdff322bf6a983acd6697d72a0
7898943163219,6fa9bd028adf3e5809198df2a8565c556a381514c538710785228c389e119a11,66eced68e9c8bbbdcb2e8fa68fd56091ab638074d0373bae25455d44e32cc1d5,0,val,images/val/6fa9bd028adf3e5809198df2a8565c556a381514c538710785228c389e119a11.jpg,labels/val/6fa9bd028adf3e5809198df2a8565c556a381514c538710785228c389e119a11.txt,66eced68e9c8bbbdcb2e8fa68fd56091ab638074d0373bae25455d44e32cc1d5,pixel-extremes-v1,87f64e55aa7b63804c03badb8d3cf038c7f8a2bdff322bf6a983acd6697d72a0
9001064,700909cb3595084f472d3680dfd56c1cc5f3a741188d2b9778c8e566af309055,39612bb815ae98bf4fa986305d62d96ee9ebf6f4fadddb07a8e714a51dfca235,0,train,images/train/700909cb3595084f472d3680dfd56c1cc5f3a741188d2b9778c8e566af309055.jpg,labels/train/700909cb3595084f472d3680dfd56c1cc5f3a741188d2b9778c8e566af309055.txt,39612bb815ae98bf4fa986305d62d96ee9ebf6f4fadddb07a8e714a51dfca235,pixel-extremes-v1,87f64e55aa7b63804c03badb8d3cf038c7f8a2bdff322bf6a983acd6697d72a0
0658325435078,7152352429e90c8362c992d1e2367ac774739d58150b82929b23d8de9e8b77c7,08548eea4c4accf201b928266a9f544cb5a7bded4095a5b3c8a30a564121e849,0,train,images/train/7152352429e90c8362c992d1e2367ac774739d58150b82929b23d8de9e8b77c7.jpg,labels/train/7152352429e90c8362c992d1e2367ac774739d58150b82929b23d8de9e8b77c7.txt,08548eea4c4accf201b928266a9f544cb5a7bded4095a5b3c8a30a564121e849,pixel-extremes-v1,87f64e55aa7b63804c03badb8d3cf038c7f8a2bdff322bf6a983acd6697d72a0
7506306241176,71d8a2aa0b321a235aaf2184b2dbfff597b91b3e43f8315903244e138b4b1306,1e41fe1b9c0b09a7eb0c5643b3ae0570c56ca9a6374f2eb27a31b950aee87bf5,0,train,images/train/71d8a2aa0b321a235aaf2184b2dbfff597b91b3e43f8315903244e138b4b1306.jpg,labels/train/71d8a2aa0b321a235aaf2184b2dbfff597b91b3e43f8315903244e138b4b1306.txt,1e41fe1b9c0b09a7eb0c5643b3ae0570c56ca9a6374f2eb27a31b950aee87bf5,pixel-extremes-v1,87f64e55aa7b63804c03badb8d3cf038c7f8a2bdff322bf6a983acd6697d72a0
6971549925601,7316bba71b5b2f85b1af85e726f41dc674445305dfc2df064be59da775ad2516,f694ed5a22b0b201ecb598d8964451edfc88a7240ab5258d378976834a1e6653,0,train,images/train/7316bba71b5b2f85b1af85e726f41dc674445305dfc2df064be59da775ad2516.jpg,labels/train/7316bba71b5b2f85b1af85e726f41dc674445305dfc2df064be59da775ad2516.txt,f694ed5a22b0b201ecb598d8964451edfc88a7240ab5258d378976834a1e6653,pixel-extremes-v1,87f64e55aa7b63804c03badb8d3cf038c7f8a2bdff322bf6a983acd6697d72a0
7774904408097,737bf2d70e44d6dc9fed6ecf49beb0751faa985c000159a457e2edf3e4d8e855,09a8b0daf14805d725b1fa61c7d18c2c40dbfc0010b8a05aad79525c7fde350c,0,train,images/train/737bf2d70e44d6dc9fed6ecf49beb0751faa985c000159a457e2edf3e4d8e855.jpg,labels/train/737bf2d70e44d6dc9fed6ecf49beb0751faa985c000159a457e2edf3e4d8e855.txt,09a8b0daf14805d725b1fa61c7d18c2c40dbfc0010b8a05aad79525c7fde350c,pixel-extremes-v1,87f64e55aa7b63804c03badb8d3cf038c7f8a2bdff322bf6a983acd6697d72a0
041554094145,7406f9fc8286f1a202f6f27376c24b9106b23342ed377fdbd9ae0b85fba485e0,f1dac89e09de22032aff11b46be99833f7a574b4d9957bea72dc500106e1ef00,0,train,images/train/7406f9fc8286f1a202f6f27376c24b9106b23342ed377fdbd9ae0b85fba485e0.jpg,labels/train/7406f9fc8286f1a202f6f27376c24b9106b23342ed377fdbd9ae0b85fba485e0.txt,f1dac89e09de22032aff11b46be99833f7a574b4d9957bea72dc500106e1ef00,pixel-extremes-v1,87f64e55aa7b63804c03badb8d3cf038c7f8a2bdff322bf6a983acd6697d72a0
7896451909213,74d60d0b393f08368dc9fcb7abd89cdaa62dd260c5bd8199d283c14b98c41b43,cbae8935e43fe817a28d75057769751112ffdadb1bee711857222a90cf5a8389,0,train,images/train/74d60d0b393f08368dc9fcb7abd89cdaa62dd260c5bd8199d283c14b98c41b43.jpg,labels/train/74d60d0b393f08368dc9fcb7abd89cdaa62dd260c5bd8199d283c14b98c41b43.txt,cbae8935e43fe817a28d75057769751112ffdadb1bee711857222a90cf5a8389,pixel-extremes-v1,87f64e55aa7b63804c03badb8d3cf038c7f8a2bdff322bf6a983acd6697d72a0
7896902289482,752fd25a04908edd6bdbdb851dbd0e94fd56b6eccc05d4982fa44b3be2e18032,8fd812c01606c95baa4b2f71f534b17a307384f86b247fa0b2517736cfbde7bc,0,val,images/val/752fd25a04908edd6bdbdb851dbd0e94fd56b6eccc05d4982fa44b3be2e18032.jpg,labels/val/752fd25a04908edd6bdbdb851dbd0e94fd56b6eccc05d4982fa44b3be2e18032.txt,8fd812c01606c95baa4b2f71f534b17a307384f86b247fa0b2517736cfbde7bc,pixel-extremes-v1,87f64e55aa7b63804c03badb8d3cf038c7f8a2bdff322bf6a983acd6697d72a0
7771224000376,75a2bca15e9afce4f7031a87a3ac8f09a3830507c70dceea4445349cfcd2d682,24ab848d2b9f380b0539e13b602fc839c6b4810fe50372d5c0066b2eeabb8736,0,train,images/train/75a2bca15e9afce4f7031a87a3ac8f09a3830507c70dceea4445349cfcd2d682.jpg,labels/train/75a2bca15e9afce4f7031a87a3ac8f09a3830507c70dceea4445349cfcd2d682.txt,24ab848d2b9f380b0539e13b602fc839c6b4810fe50372d5c0066b2eeabb8736,pixel-extremes-v1,87f64e55aa7b63804c03badb8d3cf038c7f8a2bdff322bf6a983acd6697d72a0
6971549925595,75ab3c860893751751508d56adcad4c88d50e82fedc1a12f035a21b78b7c5b4a,e74f97de21739b37e9d68db7a10692dadde47da1bee93a8e218efc942f661f45,0,train,images/train/75ab3c860893751751508d56adcad4c88d50e82fedc1a12f035a21b78b7c5b4a.jpg,labels/train/75ab3c860893751751508d56adcad4c88d50e82fedc1a12f035a21b78b7c5b4a.txt,e74f97de21739b37e9d68db7a10692dadde47da1bee93a8e218efc942f661f45,pixel-extremes-v1,87f64e55aa7b63804c03badb8d3cf038c7f8a2bdff322bf6a983acd6697d72a0
7770109841301,75e8a467b1f4385710325ce7fcd1e572446d7bdf0a87d324435c6f5d95767da3,543e34e6465182bae1e602d391b14cbbfdbe35ce67b58f0e4c8e70d13ab06f6d,0,train,images/train/75e8a467b1f4385710325ce7fcd1e572446d7bdf0a87d324435c6f5d95767da3.jpg,labels/train/75e8a467b1f4385710325ce7fcd1e572446d7bdf0a87d324435c6f5d95767da3.txt,543e34e6465182bae1e602d391b14cbbfdbe35ce67b58f0e4c8e70d13ab06f6d,pixel-extremes-v1,87f64e55aa7b63804c03badb8d3cf038c7f8a2bdff322bf6a983acd6697d72a0
7501027232311,75f978c1cffb398fe82edbb2e2b3262d282e32d7b81248ec0aec284a5db49ddd,ebcaafb7f18e88883ceff98fa6b5850b2a7a3719ff4f4e022bf7c48c0990d140,0,val,images/val/75f978c1cffb398fe82edbb2e2b3262d282e32d7b81248ec0aec284a5db49ddd.jpg,labels/val/75f978c1cffb398fe82edbb2e2b3262d282e32d7b81248ec0aec284a5db49ddd.txt,ebcaafb7f18e88883ceff98fa6b5850b2a7a3719ff4f4e022bf7c48c0990d140,pixel-extremes-v1,87f64e55aa7b63804c03badb8d3cf038c7f8a2bdff322bf6a983acd6697d72a0
7896183903534,762c47af2de15ce6da8d681f0619bee4f9c62f05b994cce80893fc6a68cfde5d,c5b14d24ffaafd553005e023e24fcd3600eb7a6fc390a1c90fb70c43b3c1de64,0,train,images/train/762c47af2de15ce6da8d681f0619bee4f9c62f05b994cce80893fc6a68cfde5d.jpg,labels/train/762c47af2de15ce6da8d681f0619bee4f9c62f05b994cce80893fc6a68cfde5d.txt,c5b14d24ffaafd553005e023e24fcd3600eb7a6fc390a1c90fb70c43b3c1de64,pixel-extremes-v1,87f64e55aa7b63804c03badb8d3cf038c7f8a2bdff322bf6a983acd6697d72a0
7798178800845,7670f5f3f50e6eeb1aa057bd8c5e9c590210052ee76476d7f183ffab299faab5,cb937d9b398270c62eb1efab820db545fbf1479ec82833228581a5b3a7b048f6,0,train,images/train/7670f5f3f50e6eeb1aa057bd8c5e9c590210052ee76476d7f183ffab299faab5.jpg,labels/train/7670f5f3f50e6eeb1aa057bd8c5e9c590210052ee76476d7f183ffab299faab5.txt,cb937d9b398270c62eb1efab820db545fbf1479ec82833228581a5b3a7b048f6,pixel-extremes-v1,87f64e55aa7b63804c03badb8d3cf038c7f8a2bdff322bf6a983acd6697d72a0
7793742007118,7696fccefefd5151f8c7857d399c924f7ff6450c15fbcd37e76fa721628eb4fb,1fd85a5cc960e8213fb0befcd4f5db56614209ca48fc25381e16488b5bf56fdc,0,train,images/train/7696fccefefd5151f8c7857d399c924f7ff6450c15fbcd37e76fa721628eb4fb.jpg,labels/train/7696fccefefd5151f8c7857d399c924f7ff6450c15fbcd37e76fa721628eb4fb.txt,1fd85a5cc960e8213fb0befcd4f5db56614209ca48fc25381e16488b5bf56fdc,pixel-extremes-v1,87f64e55aa7b63804c03badb8d3cf038c7f8a2bdff322bf6a983acd6697d72a0
041554098211,7734e24ccfbb94d16eab4388b5eb1588f7d8f24d9ed6735868a936abf97905a1,e8a0960eb977e03b992980fd087589c474a87ced14f11aaf08535d7e029603e4,0,test,images/test/7734e24ccfbb94d16eab4388b5eb1588f7d8f24d9ed6735868a936abf97905a1.jpg,labels/test/7734e24ccfbb94d16eab4388b5eb1588f7d8f24d9ed6735868a936abf97905a1.txt,e8a0960eb977e03b992980fd087589c474a87ced14f11aaf08535d7e029603e4,pixel-extremes-v1,87f64e55aa7b63804c03badb8d3cf038c7f8a2bdff322bf6a983acd6697d72a0
650240073526,77752498e60569e7257b304cb27d8cd7cb287e2f045865eecb16c1178b7a6758,53b41dbe6ff3e0c4545c0e2e3ec2ccc4300a3724c3dd0b29c043a4a44883efb9,0,val,images/val/77752498e60569e7257b304cb27d8cd7cb287e2f045865eecb16c1178b7a6758.jpg,labels/val/77752498e60569e7257b304cb27d8cd7cb287e2f045865eecb16c1178b7a6758.txt,53b41dbe6ff3e0c4545c0e2e3ec2ccc4300a3724c3dd0b29c043a4a44883efb9,pixel-extremes-v1,87f64e55aa7b63804c03badb8d3cf038c7f8a2bdff322bf6a983acd6697d72a0
7898080664372,7779387bccef6a9ccfdd6b0fc63721151aab2629797914e3b9099aaa2af94227,db94fb882916ea8218847e8bc0a0b0efc8248a91ede991bef7760f2dbe02caab,0,train,images/train/7779387bccef6a9ccfdd6b0fc63721151aab2629797914e3b9099aaa2af94227.jpg,labels/train/7779387bccef6a9ccfdd6b0fc63721151aab2629797914e3b9099aaa2af94227.txt,db94fb882916ea8218847e8bc0a0b0efc8248a91ede991bef7760f2dbe02caab,pixel-extremes-v1,87f64e55aa7b63804c03badb8d3cf038c7f8a2bdff322bf6a983acd6697d72a0
4891228530136,7788700087124dae8f07f66bdf2a4b37c426015a10d90bbd61c87a441b914ca8,a17918017203dc0ad18755231b18d218ae99b2e0d0ca74330d3e284a87ca7b72,0,train,images/train/7788700087124dae8f07f66bdf2a4b37c426015a10d90bbd61c87a441b914ca8.jpg,labels/train/7788700087124dae8f07f66bdf2a4b37c426015a10d90bbd61c87a441b914ca8.txt,a17918017203dc0ad18755231b18d218ae99b2e0d0ca74330d3e284a87ca7b72,pixel-extremes-v1,87f64e55aa7b63804c03badb8d3cf038c7f8a2bdff322bf6a983acd6697d72a0
7771228000594,77910990017afa6d57fae0b3cdfcac75ca688a4967825eb9de1f4108c61bd6c2,5bf07cbdafe1793d59835dafd75de220dcc06c4d4d80c71a1e24d0e4b0146de1,0,train,images/train/77910990017afa6d57fae0b3cdfcac75ca688a4967825eb9de1f4108c61bd6c2.jpg,labels/train/77910990017afa6d57fae0b3cdfcac75ca688a4967825eb9de1f4108c61bd6c2.txt,5bf07cbdafe1793d59835dafd75de220dcc06c4d4d80c71a1e24d0e4b0146de1,pixel-extremes-v1,87f64e55aa7b63804c03badb8d3cf038c7f8a2bdff322bf6a983acd6697d72a0
7896115704475,78f80124aafeab72a51607e0739eebbcbc79048ec9a3ad6c94be39c4c5e57b92,abe909ba6432bd5e0befbd1ea0683b8b19c96a62646a25460cec7191090b6a1c,0,train,images/train/78f80124aafeab72a51607e0739eebbcbc79048ec9a3ad6c94be39c4c5e57b92.jpg,labels/train/78f80124aafeab72a51607e0739eebbcbc79048ec9a3ad6c94be39c4c5e57b92.txt,abe909ba6432bd5e0befbd1ea0683b8b19c96a62646a25460cec7191090b6a1c,pixel-extremes-v1,87f64e55aa7b63804c03badb8d3cf038c7f8a2bdff322bf6a983acd6697d72a0
7509552972610,793dee725d51f3c4389e73d1a302c5d91ba78457c7b23ac3f01019b7dfb9f0ef,321f36d92f3040a800cc7a16b8a4416707f522bb044a0a35cc2917cfe588e327,0,train,images/train/793dee725d51f3c4389e73d1a302c5d91ba78457c7b23ac3f01019b7dfb9f0ef.jpg,labels/train/793dee725d51f3c4389e73d1a302c5d91ba78457c7b23ac3f01019b7dfb9f0ef.txt,321f36d92f3040a800cc7a16b8a4416707f522bb044a0a35cc2917cfe588e327,pixel-extremes-v1,87f64e55aa7b63804c03badb8d3cf038c7f8a2bdff322bf6a983acd6697d72a0
7773800002996,7974550c485c0603858ed71d0871d2aa74c04e07f63d688d69bb738267592702,7b53bcbf32fe6706063451b37f0e9743cd59dcbeb1acaa31557252572de3e89b,0,train,images/train/7974550c485c0603858ed71d0871d2aa74c04e07f63d688d69bb738267592702.jpg,labels/train/7974550c485c0603858ed71d0871d2aa74c04e07f63d688d69bb738267592702.txt,7b53bcbf32fe6706063451b37f0e9743cd59dcbeb1acaa31557252572de3e89b,pixel-extremes-v1,87f64e55aa7b63804c03badb8d3cf038c7f8a2bdff322bf6a983acd6697d72a0
9001112,7989f1c77286a4236b2ebedf349252e7bf0318e4b6d18b397db80c9a7aa7db1b,d62fd916999b7fbce5d4cc7a0538c49a504e600be97d8387be45cc87a249c396,0,train,images/train/7989f1c77286a4236b2ebedf349252e7bf0318e4b6d18b397db80c9a7aa7db1b.jpg,labels/train/7989f1c77286a4236b2ebedf349252e7bf0318e4b6d18b397db80c9a7aa7db1b.txt,d62fd916999b7fbce5d4cc7a0538c49a504e600be97d8387be45cc87a249c396,pixel-extremes-v1,87f64e55aa7b63804c03badb8d3cf038c7f8a2bdff322bf6a983acd6697d72a0
7771259690504,799b882ead4a5a1e0c3712b878ee51b67b8275578b2259e6fbd6a28e302758a9,50ca85193130cc45dd7d87c9411d29eefeb6fc3a3fd823842a3bdac58c1261b2,0,train,images/train/799b882ead4a5a1e0c3712b878ee51b67b8275578b2259e6fbd6a28e302758a9.jpg,labels/train/799b882ead4a5a1e0c3712b878ee51b67b8275578b2259e6fbd6a28e302758a9.txt,50ca85193130cc45dd7d87c9411d29eefeb6fc3a3fd823842a3bdac58c1261b2,pixel-extremes-v1,87f64e55aa7b63804c03badb8d3cf038c7f8a2bdff322bf6a983acd6697d72a0
7896058500899,79a6e1fef9fa2c153ae3ba99246d714316beefe9593258cb34f691b389139971,a7f0bf2beea0d2b1dfa59435d70cd8097147e54e72efd60c71dee10bc7f34a02,0,val,images/val/79a6e1fef9fa2c153ae3ba99246d714316beefe9593258cb34f691b389139971.jpg,labels/val/79a6e1fef9fa2c153ae3ba99246d714316beefe9593258cb34f691b389139971.txt,a7f0bf2beea0d2b1dfa59435d70cd8097147e54e72efd60c71dee10bc7f34a02,pixel-extremes-v1,87f64e55aa7b63804c03badb8d3cf038c7f8a2bdff322bf6a983acd6697d72a0
7899706197762,79f385fe7bf9bb2cb32e201b445af56e1c0635268c10607ba41ada6a1a035a9b,4338670ee0ecf14f485fda18746f21285afbfb181010c447085ebd48df8e7dd0,0,train,images/train/79f385fe7bf9bb2cb32e201b445af56e1c0635268c10607ba41ada6a1a035a9b.jpg,labels/train/79f385fe7bf9bb2cb32e201b445af56e1c0635268c10607ba41ada6a1a035a9b.txt,4338670ee0ecf14f485fda18746f21285afbfb181010c447085ebd48df8e7dd0,pixel-extremes-v1,87f64e55aa7b63804c03badb8d3cf038c7f8a2bdff322bf6a983acd6697d72a0
7773800002811,7a2db58a80dfe1d608f91d8314afbf68a54b6ece9f1359e4d0b1bcedd8f69e4e,e7b10f8549df9c5504821e0dc08533236f195f342147e1572720b4729363884c,0,train,images/train/7a2db58a80dfe1d608f91d8314afbf68a54b6ece9f1359e4d0b1bcedd8f69e4e.jpg,labels/train/7a2db58a80dfe1d608f91d8314afbf68a54b6ece9f1359e4d0b1bcedd8f69e4e.txt,e7b10f8549df9c5504821e0dc08533236f195f342147e1572720b4729363884c,pixel-extremes-v1,87f64e55aa7b63804c03badb8d3cf038c7f8a2bdff322bf6a983acd6697d72a0
8410412608022,7a39a3e74c0831b03d90096cabfabd432664b37361c951d566a3bac51479e601,bb9613c2daa43233912694b37b18243cbf21039226af54b2db79005a76fa0c5d,0,train,images/train/7a39a3e74c0831b03d90096cabfabd432664b37361c951d566a3bac51479e601.jpg,labels/train/7a39a3e74c0831b03d90096cabfabd432664b37361c951d566a3bac51479e601.txt,bb9613c2daa43233912694b37b18243cbf21039226af54b2db79005a76fa0c5d,pixel-extremes-v1,87f64e55aa7b63804c03badb8d3cf038c7f8a2bdff322bf6a983acd6697d72a0
7896042041377,7a57e443af74a43668f893542ab18f044f42e4e6dd2e1477dc436a3a3fcbf7ce,6e8a13682334d1411f03bc00e28faaf762b8e48ac35e4b6c315617824dceadd6,0,train,images/train/7a57e443af74a43668f893542ab18f044f42e4e6dd2e1477dc436a3a3fcbf7ce.jpg,labels/train/7a57e443af74a43668f893542ab18f044f42e4e6dd2e1477dc436a3a3fcbf7ce.txt,6e8a13682334d1411f03bc00e28faaf762b8e48ac35e4b6c315617824dceadd6,pixel-extremes-v1,87f64e55aa7b63804c03badb8d3cf038c7f8a2bdff322bf6a983acd6697d72a0
855958006693,7a65a9e41504d44397d2a616b8458896ddabd76fcd4e6d91632a0d3fdf267603,a1dd1d0f37a7fdebef8934a5322485ec559d03bc8a26401e04f56912ec8d1b47,0,train,images/train/7a65a9e41504d44397d2a616b8458896ddabd76fcd4e6d91632a0d3fdf267603.jpg,labels/train/7a65a9e41504d44397d2a616b8458896ddabd76fcd4e6d91632a0d3fdf267603.txt,a1dd1d0f37a7fdebef8934a5322485ec559d03bc8a26401e04f56912ec8d1b47,pixel-extremes-v1,87f64e55aa7b63804c03badb8d3cf038c7f8a2bdff322bf6a983acd6697d72a0
7896183900755,7b07b766d964281edc7f6a7ac30731fe32d591e3c7693710031c6be275f97c16,fcb0df9c90389bc9a9fbd6db1c5aa8b1a8a7733f6acbb98063e48ef5d3f16bc8,0,train,images/train/7b07b766d964281edc7f6a7ac30731fe32d591e3c7693710031c6be275f97c16.jpg,labels/train/7b07b766d964281edc7f6a7ac30731fe32d591e3c7693710031c6be275f97c16.txt,fcb0df9c90389bc9a9fbd6db1c5aa8b1a8a7733f6acbb98063e48ef5d3f16bc8,pixel-extremes-v1,87f64e55aa7b63804c03badb8d3cf038c7f8a2bdff322bf6a983acd6697d72a0
7773510140476,7b3a7a69f3e805a6bc1501804d369f61fa977efd73e0e30c081695531a939fa7,46f4505d63857e584608af63af45397ba9952d8c183e0d5031a66000d37735de,0,train,images/train/7b3a7a69f3e805a6bc1501804d369f61fa977efd73e0e30c081695531a939fa7.jpg,labels/train/7b3a7a69f3e805a6bc1501804d369f61fa977efd73e0e30c081695531a939fa7.txt,46f4505d63857e584608af63af45397ba9952d8c183e0d5031a66000d37735de,pixel-extremes-v1,87f64e55aa7b63804c03badb8d3cf038c7f8a2bdff322bf6a983acd6697d72a0
048107256302,7b61da93853dbdf993d5964cedf118a5105bb7a7086c5c12f46a455c0ee735c4,c38b57d7e44e1f1dcd81fc9f06163e046985859c34f7f85151995077c5f4cc3d,0,train,images/train/7b61da93853dbdf993d5964cedf118a5105bb7a7086c5c12f46a455c0ee735c4.jpg,labels/train/7b61da93853dbdf993d5964cedf118a5105bb7a7086c5c12f46a455c0ee735c4.txt,c38b57d7e44e1f1dcd81fc9f06163e046985859c34f7f85151995077c5f4cc3d,pixel-extremes-v1,87f64e55aa7b63804c03badb8d3cf038c7f8a2bdff322bf6a983acd6697d72a0
7896183905729,7b7c921cd48544d894294d425f8ec713f0adf6bea14fb193a787331ebdc3d2a3,f9095d7efa6855e267a6737815d03d58acfc51e42ea1ffcbfa2ca4e98cbcc7ec,0,train,images/train/7b7c921cd48544d894294d425f8ec713f0adf6bea14fb193a787331ebdc3d2a3.jpg,labels/train/7b7c921cd48544d894294d425f8ec713f0adf6bea14fb193a787331ebdc3d2a3.txt,f9095d7efa6855e267a6737815d03d58acfc51e42ea1ffcbfa2ca4e98cbcc7ec,pixel-extremes-v1,87f64e55aa7b63804c03badb8d3cf038c7f8a2bdff322bf6a983acd6697d72a0
7896451927903,7c840911d856d140bcd4cc69b260e2c66d188c28ac7e7ed3bd4c8d95de0b9f8f,bf47bfd8c53b572eb69b0aa5f161105dfe7465c12eb2c0e7d5dbbe064e9714dc,0,train,images/train/7c840911d856d140bcd4cc69b260e2c66d188c28ac7e7ed3bd4c8d95de0b9f8f.jpg,labels/train/7c840911d856d140bcd4cc69b260e2c66d188c28ac7e7ed3bd4c8d95de0b9f8f.txt,bf47bfd8c53b572eb69b0aa5f161105dfe7465c12eb2c0e7d5dbbe064e9714dc,pixel-extremes-v1,87f64e55aa7b63804c03badb8d3cf038c7f8a2bdff322bf6a983acd6697d72a0
309974700115,7c9d46b701642d10ed9051a8d2dbcdda38c30a1ed09e471641a5ee4f742fc6b1,0f4664ea0bc70dcc9aa05859dbf6d6f930a2a3f6a5e51ca99e5d540c4705bb61,0,train,images/train/7c9d46b701642d10ed9051a8d2dbcdda38c30a1ed09e471641a5ee4f742fc6b1.jpg,labels/train/7c9d46b701642d10ed9051a8d2dbcdda38c30a1ed09e471641a5ee4f742fc6b1.txt,0f4664ea0bc70dcc9aa05859dbf6d6f930a2a3f6a5e51ca99e5d540c4705bb61,pixel-extremes-v1,87f64e55aa7b63804c03badb8d3cf038c7f8a2bdff322bf6a983acd6697d72a0
7503037746192,7da1834d2db1a1b4798c83558e45b7ca8170a9d54e0ef4298ef19b6080b524a1,c4605faf1d5b772f8c55afc5bb1e09252e9cd53e73aab6d427e852d6a41cc4e0,0,train,images/train/7da1834d2db1a1b4798c83558e45b7ca8170a9d54e0ef4298ef19b6080b524a1.jpg,labels/train/7da1834d2db1a1b4798c83558e45b7ca8170a9d54e0ef4298ef19b6080b524a1.txt,c4605faf1d5b772f8c55afc5bb1e09252e9cd53e73aab6d427e852d6a41cc4e0,pixel-extremes-v1,87f64e55aa7b63804c03badb8d3cf038c7f8a2bdff322bf6a983acd6697d72a0
7896058503067,7dabbc6d9bb633efd9d71b88515d366b29b4219469d17994bf6d2b61b6cf6a64,ba111134140186d56838aa4f0673dae49df1b3b5df3bb83c5dbfe4fdd934dfdd,0,test,images/test/7dabbc6d9bb633efd9d71b88515d366b29b4219469d17994bf6d2b61b6cf6a64.jpg,labels/test/7dabbc6d9bb633efd9d71b88515d366b29b4219469d17994bf6d2b61b6cf6a64.txt,ba111134140186d56838aa4f0673dae49df1b3b5df3bb83c5dbfe4fdd934dfdd,pixel-extremes-v1,87f64e55aa7b63804c03badb8d3cf038c7f8a2bdff322bf6a983acd6697d72a0
7896451901361,7db87da94915d5a4680abfc3ca3ee2f417210a757343ee0d3d952d1998e80097,3c076dce153dc1c9f7a4d9fcb44efd61a56f8edb40b3fecd839f807b0cddaa68,0,train,images/train/7db87da94915d5a4680abfc3ca3ee2f417210a757343ee0d3d952d1998e80097.jpg,labels/train/7db87da94915d5a4680abfc3ca3ee2f417210a757343ee0d3d952d1998e80097.txt,3c076dce153dc1c9f7a4d9fcb44efd61a56f8edb40b3fecd839f807b0cddaa68,pixel-extremes-v1,87f64e55aa7b63804c03badb8d3cf038c7f8a2bdff322bf6a983acd6697d72a0
7702191523537,7e1f01b7f8ac53f92e539cf3d368f3a8b0da6d33043409e23803f3babf69ec8c,8e8a9394547ac01048e9d8aa73cda3da705f4d550ec6c1612dd1b642b5b47fb8,0,train,images/train/7e1f01b7f8ac53f92e539cf3d368f3a8b0da6d33043409e23803f3babf69ec8c.jpg,labels/train/7e1f01b7f8ac53f92e539cf3d368f3a8b0da6d33043409e23803f3babf69ec8c.txt,8e8a9394547ac01048e9d8aa73cda3da705f4d550ec6c1612dd1b642b5b47fb8,pixel-extremes-v1,87f64e55aa7b63804c03badb8d3cf038c7f8a2bdff322bf6a983acd6697d72a0
1000000000500,7e3e4ed889e15266f74c58b55b46053a7cb766aefa4c6733b53bf3ab2c592f56,8b411446d59af83496e184380a5ee282645f62c53dd2ba85cdc79cdfea8f8337,0,train,images/train/7e3e4ed889e15266f74c58b55b46053a7cb766aefa4c6733b53bf3ab2c592f56.jpg,labels/train/7e3e4ed889e15266f74c58b55b46053a7cb766aefa4c6733b53bf3ab2c592f56.txt,8b411446d59af83496e184380a5ee282645f62c53dd2ba85cdc79cdfea8f8337,pixel-extremes-v1,87f64e55aa7b63804c03badb8d3cf038c7f8a2bdff322bf6a983acd6697d72a0
7771257081212,7e50b4005f04880a89f7f00603c93812f29e73264c2c75416cb4c7203b3ce81b,080fb63ddfc82fb43ca808ab9ea132412859fb231c705c4670eb9ef1882a0187,0,train,images/train/7e50b4005f04880a89f7f00603c93812f29e73264c2c75416cb4c7203b3ce81b.jpg,labels/train/7e50b4005f04880a89f7f00603c93812f29e73264c2c75416cb4c7203b3ce81b.txt,080fb63ddfc82fb43ca808ab9ea132412859fb231c705c4670eb9ef1882a0187,pixel-extremes-v1,87f64e55aa7b63804c03badb8d3cf038c7f8a2bdff322bf6a983acd6697d72a0
8410412608015,7f3adba40273053d9ff44b06d5d6918770f1f1c266b7b7e105189b9c620b6291,27664bcfbedc37432b69940fd4c0791cbfcd3d92f4f42eaff815ffbe326cc3b9,0,train,images/train/7f3adba40273053d9ff44b06d5d6918770f1f1c266b7b7e105189b9c620b6291.jpg,labels/train/7f3adba40273053d9ff44b06d5d6918770f1f1c266b7b7e105189b9c620b6291.txt,27664bcfbedc37432b69940fd4c0791cbfcd3d92f4f42eaff815ffbe326cc3b9,pixel-extremes-v1,87f64e55aa7b63804c03badb8d3cf038c7f8a2bdff322bf6a983acd6697d72a0
42277057,7f8555660704b2c8f2577cda950342af0ec6edf98d1685f5c61f1efbf8cf95c6,53da31a86345714221eec9aa23a11a2066d11d422ae4f5def3de223030b835c6,0,train,images/train/7f8555660704b2c8f2577cda950342af0ec6edf98d1685f5c61f1efbf8cf95c6.jpg,labels/train/7f8555660704b2c8f2577cda950342af0ec6edf98d1685f5c61f1efbf8cf95c6.txt,53da31a86345714221eec9aa23a11a2066d11d422ae4f5def3de223030b835c6,pixel-extremes-v1,87f64e55aa7b63804c03badb8d3cf038c7f8a2bdff322bf6a983acd6697d72a0
7773510140131,7f8d9d6dad2c9fbedea773181fe544a34e40f401975c91c8547537455106072a,bc9b4e2b2bb94e60c84b39f323078489a891310804ebeaec5c5e4727d4d06bc9,0,val,images/val/7f8d9d6dad2c9fbedea773181fe544a34e40f401975c91c8547537455106072a.jpg,labels/val/7f8d9d6dad2c9fbedea773181fe544a34e40f401975c91c8547537455106072a.txt,bc9b4e2b2bb94e60c84b39f323078489a891310804ebeaec5c5e4727d4d06bc9,pixel-extremes-v1,87f64e55aa7b63804c03badb8d3cf038c7f8a2bdff322bf6a983acd6697d72a0
6942108418483,7fff854bc3e06ce4533fed53d8019d26d67fda7a95d160a8de091a4ea9a9ac19,2438700a50974d55c2b5516b6bd82f8f6263c0cbaebeebbc33105f0fc73cdc45,0,train,images/train/7fff854bc3e06ce4533fed53d8019d26d67fda7a95d160a8de091a4ea9a9ac19.jpg,labels/train/7fff854bc3e06ce4533fed53d8019d26d67fda7a95d160a8de091a4ea9a9ac19.txt,2438700a50974d55c2b5516b6bd82f8f6263c0cbaebeebbc33105f0fc73cdc45,pixel-extremes-v1,87f64e55aa7b63804c03badb8d3cf038c7f8a2bdff322bf6a983acd6697d72a0
7702026158644,8047378c76284368ec747493798eef3150249b8d1757956d91902ba1532db193,001274517d947f195a52f48505fb2743f525d4a25186d1aae91cbcc42bd705b2,0,train,images/train/8047378c76284368ec747493798eef3150249b8d1757956d91902ba1532db193.jpg,labels/train/8047378c76284368ec747493798eef3150249b8d1757956d91902ba1532db193.txt,001274517d947f195a52f48505fb2743f525d4a25186d1aae91cbcc42bd705b2,pixel-extremes-v1,87f64e55aa7b63804c03badb8d3cf038c7f8a2bdff322bf6a983acd6697d72a0
8901030971945,80c36d524f1764cf37e5f19a8499e8cc5a25442945d378a166d00a6a81de16b9,be1698c817bedb945dc6169faf8db3ba91302aa4b54bd04e2ef460523d5b6cbc,0,test,images/test/80c36d524f1764cf37e5f19a8499e8cc5a25442945d378a166d00a6a81de16b9.jpg,labels/test/80c36d524f1764cf37e5f19a8499e8cc5a25442945d378a166d00a6a81de16b9.txt,be1698c817bedb945dc6169faf8db3ba91302aa4b54bd04e2ef460523d5b6cbc,pixel-extremes-v1,87f64e55aa7b63804c03badb8d3cf038c7f8a2bdff322bf6a983acd6697d72a0
051817502652,80d879080f365630436e1f4a973a65cb0261e1c6c2679516a5cb45fe4f0932b9,e0bf5ae2c3ccebc07fefeb661c1dfd066ceda57689e26b409d95da166a23e878,0,test,images/test/80d879080f365630436e1f4a973a65cb0261e1c6c2679516a5cb45fe4f0932b9.jpg,labels/test/80d879080f365630436e1f4a973a65cb0261e1c6c2679516a5cb45fe4f0932b9.txt,e0bf5ae2c3ccebc07fefeb661c1dfd066ceda57689e26b409d95da166a23e878,pixel-extremes-v1,87f64e55aa7b63804c03badb8d3cf038c7f8a2bdff322bf6a983acd6697d72a0
6941696108509,80fc4bfb05ae710d0c02a0b2649ab31d9dcb0720e0364cbc849709d1014aa481,a87d131b1e65062f2f621f7fc6a7f64208f3404ffef9ba87a535b6c9663706ac,0,train,images/train/80fc4bfb05ae710d0c02a0b2649ab31d9dcb0720e0364cbc849709d1014aa481.jpg,labels/train/80fc4bfb05ae710d0c02a0b2649ab31d9dcb0720e0364cbc849709d1014aa481.txt,a87d131b1e65062f2f621f7fc6a7f64208f3404ffef9ba87a535b6c9663706ac,pixel-extremes-v1,87f64e55aa7b63804c03badb8d3cf038c7f8a2bdff322bf6a983acd6697d72a0
7899620665125,8102467892d12071bbb5c722fba2e13b80f8489b3ce2e4e5d4e4a93f77843692,feb4c90c1b4cdae097c930bbe8f3ae2366935530fc11cc437205d0e008b7ea8c,0,train,images/train/8102467892d12071bbb5c722fba2e13b80f8489b3ce2e4e5d4e4a93f77843692.jpg,labels/train/8102467892d12071bbb5c722fba2e13b80f8489b3ce2e4e5d4e4a93f77843692.txt,feb4c90c1b4cdae097c930bbe8f3ae2366935530fc11cc437205d0e008b7ea8c,pixel-extremes-v1,87f64e55aa7b63804c03badb8d3cf038c7f8a2bdff322bf6a983acd6697d72a0
9000211,81286d43898be53eddfc27e888ed1ec8bc31f0e9c48374cf629cee220873d730,929044c3d43de3d1ee26e058498123b6d88896f1781b247cc8e31a7b82d9bb86,0,test,images/test/81286d43898be53eddfc27e888ed1ec8bc31f0e9c48374cf629cee220873d730.jpg,labels/test/81286d43898be53eddfc27e888ed1ec8bc31f0e9c48374cf629cee220873d730.txt,929044c3d43de3d1ee26e058498123b6d88896f1781b247cc8e31a7b82d9bb86,pixel-extremes-v1,87f64e55aa7b63804c03badb8d3cf038c7f8a2bdff322bf6a983acd6697d72a0
77771315,819a5c751fe2ff859c9b607368aa7fa78c0e8cc3e48fb89e249c901804b98575,3598788f5fcca3b2eb572b9a479921f488624dc4a011d2ea4b6526941b084809,0,val,images/val/819a5c751fe2ff859c9b607368aa7fa78c0e8cc3e48fb89e249c901804b98575.jpg,labels/val/819a5c751fe2ff859c9b607368aa7fa78c0e8cc3e48fb89e249c901804b98575.txt,3598788f5fcca3b2eb572b9a479921f488624dc4a011d2ea4b6526941b084809,pixel-extremes-v1,87f64e55aa7b63804c03badb8d3cf038c7f8a2bdff322bf6a983acd6697d72a0
7509552992076,81d82b230e7217e194be24e35e39dbde50cdfcd1c29e47c1ae16ca35b51f8369,deb047ea391c1b503212b0b8d159ba7c24883f718cfa5499ef540d992f9ae975,0,train,images/train/81d82b230e7217e194be24e35e39dbde50cdfcd1c29e47c1ae16ca35b51f8369.jpg,labels/train/81d82b230e7217e194be24e35e39dbde50cdfcd1c29e47c1ae16ca35b51f8369.txt,deb047ea391c1b503212b0b8d159ba7c24883f718cfa5499ef540d992f9ae975,pixel-extremes-v1,87f64e55aa7b63804c03badb8d3cf038c7f8a2bdff322bf6a983acd6697d72a0
7770000420100,82100984ffd25661f40b79ac1d423643ecaafc68a82c39a2c8e5af78f81a7133,c5d438b1a7ff64d21067a888862c574da550d3f647cea61d2d7bb27aed5fd870,0,train,images/train/82100984ffd25661f40b79ac1d423643ecaafc68a82c39a2c8e5af78f81a7133.jpg,labels/train/82100984ffd25661f40b79ac1d423643ecaafc68a82c39a2c8e5af78f81a7133.txt,c5d438b1a7ff64d21067a888862c574da550d3f647cea61d2d7bb27aed5fd870,pixel-extremes-v1,87f64e55aa7b63804c03badb8d3cf038c7f8a2bdff322bf6a983acd6697d72a0
7771258730379,82662b318a8b56f311bf68881e3ace5701dc678b23d9096b4aaf21eaa67db9c1,d597e6f214198f55ebe169b5e44e3e97db458721e1b0f0b4820282a2743b3666,0,train,images/train/82662b318a8b56f311bf68881e3ace5701dc678b23d9096b4aaf21eaa67db9c1.jpg,labels/train/82662b318a8b56f311bf68881e3ace5701dc678b23d9096b4aaf21eaa67db9c1.txt,d597e6f214198f55ebe169b5e44e3e97db458721e1b0f0b4820282a2743b3666,pixel-extremes-v1,87f64e55aa7b63804c03badb8d3cf038c7f8a2bdff322bf6a983acd6697d72a0
7509552949773,830ee44eb81e653f104819a11291efaa20b360f5461340b9de729ebecddf6b11,43bab91ca10289802c1799e513524494b185ad0ece48bf54ba520bc6e1d0325e,0,val,images/val/830ee44eb81e653f104819a11291efaa20b360f5461340b9de729ebecddf6b11.jpg,labels/val/830ee44eb81e653f104819a11291efaa20b360f5461340b9de729ebecddf6b11.txt,43bab91ca10289802c1799e513524494b185ad0ece48bf54ba520bc6e1d0325e,pixel-extremes-v1,87f64e55aa7b63804c03badb8d3cf038c7f8a2bdff322bf6a983acd6697d72a0
7897520016399,83e809253f547f0d3928abcd479e8b0b4cfbe9f02f53b777cb0bf7272df4969d,19ac6998882d2ab371eb7b7d171c118927e453e76001dd0e28197da59f62b309,0,test,images/test/83e809253f547f0d3928abcd479e8b0b4cfbe9f02f53b777cb0bf7272df4969d.jpg,labels/test/83e809253f547f0d3928abcd479e8b0b4cfbe9f02f53b777cb0bf7272df4969d.txt,19ac6998882d2ab371eb7b7d171c118927e453e76001dd0e28197da59f62b309,pixel-extremes-v1,87f64e55aa7b63804c03badb8d3cf038c7f8a2bdff322bf6a983acd6697d72a0
6930862781516,83ee637f95865bfef98e81e900474389579ce14880f6f63c556e7dc84be2ba1a,e10d62971c31afc1debee41a48be4ba95f5d7bd46dc0870f8b8246342e8b86d8,0,test,images/test/83ee637f95865bfef98e81e900474389579ce14880f6f63c556e7dc84be2ba1a.jpg,labels/test/83ee637f95865bfef98e81e900474389579ce14880f6f63c556e7dc84be2ba1a.txt,e10d62971c31afc1debee41a48be4ba95f5d7bd46dc0870f8b8246342e8b86d8,pixel-extremes-v1,87f64e55aa7b63804c03badb8d3cf038c7f8a2bdff322bf6a983acd6697d72a0
7509552957235,83f3afbb4094bae1b62675161beb5bb3adfa4a6207250c9ba18d894d7ac6a5b4,a0d47b29b004b7da521e642e587f0eb29290f15bce749b015d499afe427b84a6,0,train,images/train/83f3afbb4094bae1b62675161beb5bb3adfa4a6207250c9ba18d894d7ac6a5b4.jpg,labels/train/83f3afbb4094bae1b62675161beb5bb3adfa4a6207250c9ba18d894d7ac6a5b4.txt,a0d47b29b004b7da521e642e587f0eb29290f15bce749b015d499afe427b84a6,pixel-extremes-v1,87f64e55aa7b63804c03badb8d3cf038c7f8a2bdff322bf6a983acd6697d72a0
7790010003186,84e0aff316ce7a04d442dfb2ad0d1b8a20f664a3d1ca1cd29bc19fe7adcf356b,d37e3a0682ae017a531617fce86e2d5e66884225114b3c956b4db20887eeab41,0,train,images/train/84e0aff316ce7a04d442dfb2ad0d1b8a20f664a3d1ca1cd29bc19fe7adcf356b.jpg,labels/train/84e0aff316ce7a04d442dfb2ad0d1b8a20f664a3d1ca1cd29bc19fe7adcf356b.txt,d37e3a0682ae017a531617fce86e2d5e66884225114b3c956b4db20887eeab41,pixel-extremes-v1,87f64e55aa7b63804c03badb8d3cf038c7f8a2bdff322bf6a983acd6697d72a0
7509552982701,8517ebcdfd2fb8e64724720010f570102f9b5676bbc6cec54a8755e65926f9ea,fcf6829cb25f7a5c5a5e25786b73b1f9e2fcf3b3a32858011acc7de9f296736e,0,train,images/train/8517ebcdfd2fb8e64724720010f570102f9b5676bbc6cec54a8755e65926f9ea.jpg,labels/train/8517ebcdfd2fb8e64724720010f570102f9b5676bbc6cec54a8755e65926f9ea.txt,fcf6829cb25f7a5c5a5e25786b73b1f9e2fcf3b3a32858011acc7de9f296736e,pixel-extremes-v1,87f64e55aa7b63804c03badb8d3cf038c7f8a2bdff322bf6a983acd6697d72a0
6941696111424,8573cf6db827c992a0e834df30961edbfba90b759f2f8eec7d2722fdf35ca75c,e6056f495e8400faa956f22b539587149940b03e8dff14b032954c17af9b7645,0,train,images/train/8573cf6db827c992a0e834df30961edbfba90b759f2f8eec7d2722fdf35ca75c.jpg,labels/train/8573cf6db827c992a0e834df30961edbfba90b759f2f8eec7d2722fdf35ca75c.txt,e6056f495e8400faa956f22b539587149940b03e8dff14b032954c17af9b7645,pixel-extremes-v1,87f64e55aa7b63804c03badb8d3cf038c7f8a2bdff322bf6a983acd6697d72a0
7896115700392,85bb6682fbad27e20f42671a5e19320aea887ace535907149d70e372f9744191,26a43529f71717d88d7fa1edea9274e351bab29c05a52cc72fd509acfb68ad51,0,train,images/train/85bb6682fbad27e20f42671a5e19320aea887ace535907149d70e372f9744191.jpg,labels/train/85bb6682fbad27e20f42671a5e19320aea887ace535907149d70e372f9744191.txt,26a43529f71717d88d7fa1edea9274e351bab29c05a52cc72fd509acfb68ad51,pixel-extremes-v1,87f64e55aa7b63804c03badb8d3cf038c7f8a2bdff322bf6a983acd6697d72a0
7791293049960,8611f94d1355fd59e4ba15d1e61d7356c55c9a58321b2285652e0efdb300708b,a6c3d7e18321c5c8f1f5becee5fc3bbae7b4eac69176d8d5f49295d46f8d05bf,0,train,images/train/8611f94d1355fd59e4ba15d1e61d7356c55c9a58321b2285652e0efdb300708b.jpg,labels/train/8611f94d1355fd59e4ba15d1e61d7356c55c9a58321b2285652e0efdb300708b.txt,a6c3d7e18321c5c8f1f5becee5fc3bbae7b4eac69176d8d5f49295d46f8d05bf,pixel-extremes-v1,87f64e55aa7b63804c03badb8d3cf038c7f8a2bdff322bf6a983acd6697d72a0
7770017980062,87805002531c1f9084e7111fcd9af8e0f0ef035bf9f389392557e214d21534e3,9ccaa06c9c27fdcf5beb72d847de75bd49fb6df4ff2d7af7d0c2c12ddaaf677d,0,train,images/train/87805002531c1f9084e7111fcd9af8e0f0ef035bf9f389392557e214d21534e3.jpg,labels/train/87805002531c1f9084e7111fcd9af8e0f0ef035bf9f389392557e214d21534e3.txt,9ccaa06c9c27fdcf5beb72d847de75bd49fb6df4ff2d7af7d0c2c12ddaaf677d,pixel-extremes-v1,87f64e55aa7b63804c03badb8d3cf038c7f8a2bdff322bf6a983acd6697d72a0
7896451918611,87913039a77325ece38eda8d694844a0588f43a218d98a15f5f862a18c6569f2,9eac5c36a5d2700728d3cb696fa4622643f0163b7b11c222ca34fc38c92038e7,0,test,images/test/87913039a77325ece38eda8d694844a0588f43a218d98a15f5f862a18c6569f2.jpg,labels/test/87913039a77325ece38eda8d694844a0588f43a218d98a15f5f862a18c6569f2.txt,9eac5c36a5d2700728d3cb696fa4622643f0163b7b11c222ca34fc38c92038e7,pixel-extremes-v1,87f64e55aa7b63804c03badb8d3cf038c7f8a2bdff322bf6a983acd6697d72a0
7773431000293,879699c33a62e3fd2ed591fec255c0a3af94b62a7d91d646eefd742a7531df32,9f3b9aef3aad2b4c913449d381ba90700fe8882c93ea9d086f8452097053fa4f,0,val,images/val/879699c33a62e3fd2ed591fec255c0a3af94b62a7d91d646eefd742a7531df32.jpg,labels/val/879699c33a62e3fd2ed591fec255c0a3af94b62a7d91d646eefd742a7531df32.txt,9f3b9aef3aad2b4c913449d381ba90700fe8882c93ea9d086f8452097053fa4f,pixel-extremes-v1,87f64e55aa7b63804c03badb8d3cf038c7f8a2bdff322bf6a983acd6697d72a0
1200185060748,87c27c184b30a7f630d80a5c67f96b4eedcd78473df5909580d1a122915d76de,e2957ee1e4e7bbfc603d43c683165401dc4974ce5c6f43f2e1180242b4b45c0a,0,train,images/train/87c27c184b30a7f630d80a5c67f96b4eedcd78473df5909580d1a122915d76de.jpg,labels/train/87c27c184b30a7f630d80a5c67f96b4eedcd78473df5909580d1a122915d76de.txt,e2957ee1e4e7bbfc603d43c683165401dc4974ce5c6f43f2e1180242b4b45c0a,pixel-extremes-v1,87f64e55aa7b63804c03badb8d3cf038c7f8a2bdff322bf6a983acd6697d72a0
041554098303,88051e4df2cde6b7a0834a1668f013394115a24ff045996673da75aba0759ecd,643a5ebad07053fde6cbed1b003904f8790baf028f851126f6946c59e7738da4,0,train,images/train/88051e4df2cde6b7a0834a1668f013394115a24ff045996673da75aba0759ecd.jpg,labels/train/88051e4df2cde6b7a0834a1668f013394115a24ff045996673da75aba0759ecd.txt,643a5ebad07053fde6cbed1b003904f8790baf028f851126f6946c59e7738da4,pixel-extremes-v1,87f64e55aa7b63804c03badb8d3cf038c7f8a2bdff322bf6a983acd6697d72a0
7791293050119,882cef5dd5b26ece91e33cb445873abf222c5d338ec1a32aced559f4a1200007,8182f504dc185c935a63bce50375b2e292a2758305736438efd4863c6615e548,0,train,images/train/882cef5dd5b26ece91e33cb445873abf222c5d338ec1a32aced559f4a1200007.jpg,labels/train/882cef5dd5b26ece91e33cb445873abf222c5d338ec1a32aced559f4a1200007.txt,8182f504dc185c935a63bce50375b2e292a2758305736438efd4863c6615e548,pixel-extremes-v1,87f64e55aa7b63804c03badb8d3cf038c7f8a2bdff322bf6a983acd6697d72a0
3997800006202,88d809ec864efeec1baea6001c225e1b04af21edee0a37a0e4f16cec88a38cea,04d06eea2be9ed7009fc899ab3ac0a6ca256aec48408a78c8b54991f51b7c13a,0,train,images/train/88d809ec864efeec1baea6001c225e1b04af21edee0a37a0e4f16cec88a38cea.jpg,labels/train/88d809ec864efeec1baea6001c225e1b04af21edee0a37a0e4f16cec88a38cea.txt,04d06eea2be9ed7009fc899ab3ac0a6ca256aec48408a78c8b54991f51b7c13a,pixel-extremes-v1,87f64e55aa7b63804c03badb8d3cf038c7f8a2bdff322bf6a983acd6697d72a0
7898080665805,892aa941705083054b3c651d5d5dbdf978e85a31e2b1976604f27cd2db2883dc,0672df4cee9acd7716089afc6d3b299fca85ff5d4228fe52e6481074bfed4298,0,train,images/train/892aa941705083054b3c651d5d5dbdf978e85a31e2b1976604f27cd2db2883dc.jpg,labels/train/892aa941705083054b3c651d5d5dbdf978e85a31e2b1976604f27cd2db2883dc.txt,0672df4cee9acd7716089afc6d3b299fca85ff5d4228fe52e6481074bfed4298,pixel-extremes-v1,87f64e55aa7b63804c03badb8d3cf038c7f8a2bdff322bf6a983acd6697d72a0
7702032253111,894193fdb3a8954dad25257e9b2e79ec6300a7ec5af46e25d53121c9acafecbf,9a5e2636e0f9eac60f31e45faed926704499ac9786abe19822989fd4a584c6ad,0,train,images/train/894193fdb3a8954dad25257e9b2e79ec6300a7ec5af46e25d53121c9acafecbf.jpg,labels/train/894193fdb3a8954dad25257e9b2e79ec6300a7ec5af46e25d53121c9acafecbf.txt,9a5e2636e0f9eac60f31e45faed926704499ac9786abe19822989fd4a584c6ad,pixel-extremes-v1,87f64e55aa7b63804c03badb8d3cf038c7f8a2bdff322bf6a983acd6697d72a0
7891151042178,894af15f849e1ff2eac7956701220433e4d8e3e3f17543daa41fdef61e560d04,03100a6a233b714e003db3d7ec5dd4bc67b21e1dc600299a0c32fac2013c0334,0,train,images/train/894af15f849e1ff2eac7956701220433e4d8e3e3f17543daa41fdef61e560d04.jpg,labels/train/894af15f849e1ff2eac7956701220433e4d8e3e3f17543daa41fdef61e560d04.txt,03100a6a233b714e003db3d7ec5dd4bc67b21e1dc600299a0c32fac2013c0334,pixel-extremes-v1,87f64e55aa7b63804c03badb8d3cf038c7f8a2bdff322bf6a983acd6697d72a0
7774904460286,8a0937b61df276d91dc029b451e04155bb3deb9410a5ca6aab4a611aeba402de,71e654c6daea19ca43ecae6fbc2afaa39b2136f60ac9f0a490a72ac27cc232fa,0,train,images/train/8a0937b61df276d91dc029b451e04155bb3deb9410a5ca6aab4a611aeba402de.jpg,labels/train/8a0937b61df276d91dc029b451e04155bb3deb9410a5ca6aab4a611aeba402de.txt,71e654c6daea19ca43ecae6fbc2afaa39b2136f60ac9f0a490a72ac27cc232fa,pixel-extremes-v1,87f64e55aa7b63804c03badb8d3cf038c7f8a2bdff322bf6a983acd6697d72a0
7773435930381,8a59137009d655f802f42f9d52181ea2384cadb7a8d9b9a6a6804807341cd581,8b77dd89e651d8a1fd07566062391fed10dedd39a27e6d9edd73afa7fa97a607,0,train,images/train/8a59137009d655f802f42f9d52181ea2384cadb7a8d9b9a6a6804807341cd581.jpg,labels/train/8a59137009d655f802f42f9d52181ea2384cadb7a8d9b9a6a6804807341cd581.txt,8b77dd89e651d8a1fd07566062391fed10dedd39a27e6d9edd73afa7fa97a607,pixel-extremes-v1,87f64e55aa7b63804c03badb8d3cf038c7f8a2bdff322bf6a983acd6697d72a0
650240073540,8aa2fda96140c9aaa1b9b90e66b2429d6c51b23565a124da86d40ccbbb03b51a,e4e62ac79fbfa03f623dbef47e1eefb54f0459e9f12ce77f9c1a388503588898,0,train,images/train/8aa2fda96140c9aaa1b9b90e66b2429d6c51b23565a124da86d40ccbbb03b51a.jpg,labels/train/8aa2fda96140c9aaa1b9b90e66b2429d6c51b23565a124da86d40ccbbb03b51a.txt,e4e62ac79fbfa03f623dbef47e1eefb54f0459e9f12ce77f9c1a388503588898,pixel-extremes-v1,87f64e55aa7b63804c03badb8d3cf038c7f8a2bdff322bf6a983acd6697d72a0
7772314690019,8b2317f6b4ab762fabac86b980c5135815b047a39abcf3ed234f57f6e5bf02e5,c6170a547745e0478af5401316efb72bdb5ca5b8064b5dd911f9555d046da060,0,train,images/train/8b2317f6b4ab762fabac86b980c5135815b047a39abcf3ed234f57f6e5bf02e5.jpg,labels/train/8b2317f6b4ab762fabac86b980c5135815b047a39abcf3ed234f57f6e5bf02e5.txt,c6170a547745e0478af5401316efb72bdb5ca5b8064b5dd911f9555d046da060,pixel-extremes-v1,87f64e55aa7b63804c03badb8d3cf038c7f8a2bdff322bf6a983acd6697d72a0
7896042077840,8b551769dbbd2d245c78daa57822ce454b2e5d7b6e0e4084f0f1810915e77ae8,469b0b3bbfcae7531609cec5977b2af0a4d63162d8959fcd11a88642c1943baa,0,test,images/test/8b551769dbbd2d245c78daa57822ce454b2e5d7b6e0e4084f0f1810915e77ae8.jpg,labels/test/8b551769dbbd2d245c78daa57822ce454b2e5d7b6e0e4084f0f1810915e77ae8.txt,469b0b3bbfcae7531609cec5977b2af0a4d63162d8959fcd11a88642c1943baa,pixel-extremes-v1,87f64e55aa7b63804c03badb8d3cf038c7f8a2bdff322bf6a983acd6697d72a0
7896058503074,8b63fe1025dddef0c566ad824beb7cf46e6626dd34a3c1f4a269e68d99c8af41,d3d317f6090a33394337e33377422d9430113b84cdccb08fbf546ffd8b3deb29,0,train,images/train/8b63fe1025dddef0c566ad824beb7cf46e6626dd34a3c1f4a269e68d99c8af41.jpg,labels/train/8b63fe1025dddef0c566ad824beb7cf46e6626dd34a3c1f4a269e68d99c8af41.txt,d3d317f6090a33394337e33377422d9430113b84cdccb08fbf546ffd8b3deb29,pixel-extremes-v1,87f64e55aa7b63804c03badb8d3cf038c7f8a2bdff322bf6a983acd6697d72a0
7770109740123,8bb4418a0589604c659deea5a14a33d9352c5ed48172e663745f22e4fa07e23a,6efb7fd4b45dd30aa1aa97f2ea9f75be4dd365036bca5f9a998860d0866e8693,0,train,images/train/8bb4418a0589604c659deea5a14a33d9352c5ed48172e663745f22e4fa07e23a.jpg,labels/train/8bb4418a0589604c659deea5a14a33d9352c5ed48172e663745f22e4fa07e23a.txt,6efb7fd4b45dd30aa1aa97f2ea9f75be4dd365036bca5f9a998860d0866e8693,pixel-extremes-v1,87f64e55aa7b63804c03badb8d3cf038c7f8a2bdff322bf6a983acd6697d72a0
0799192522864,8bef77c327762a2cb844ac8f3471aa67b89efe2e8003390f679aa6bc23356993,502f4a1f5a0a15f9ec9e7f7d946702e03d3f969911e59468326c290c71876643,0,train,images/train/8bef77c327762a2cb844ac8f3471aa67b89efe2e8003390f679aa6bc23356993.jpg,labels/train/8bef77c327762a2cb844ac8f3471aa67b89efe2e8003390f679aa6bc23356993.txt,502f4a1f5a0a15f9ec9e7f7d946702e03d3f969911e59468326c290c71876643,pixel-extremes-v1,87f64e55aa7b63804c03badb8d3cf038c7f8a2bdff322bf6a983acd6697d72a0
7770109740178,8c483fde31378ca43c563cfcbf51cde96b7f9046336bd06ae70a5db338198899,d3f90766d4fd6024e933c90aebaf12cea79bda9448d5a91b43cc483a477850f0,0,train,images/train/8c483fde31378ca43c563cfcbf51cde96b7f9046336bd06ae70a5db338198899.jpg,labels/train/8c483fde31378ca43c563cfcbf51cde96b7f9046336bd06ae70a5db338198899.txt,d3f90766d4fd6024e933c90aebaf12cea79bda9448d5a91b43cc483a477850f0,pixel-extremes-v1,87f64e55aa7b63804c03badb8d3cf038c7f8a2bdff322bf6a983acd6697d72a0
7773510140452,8c60e3aa5aaa2b849460b0dd0bc76011087a49b1b3a01b099acd7b1222433765,618ff1c4580650f113d0b638443877f15befc08116eee435f0b01fbf6aa0572c,0,val,images/val/8c60e3aa5aaa2b849460b0dd0bc76011087a49b1b3a01b099acd7b1222433765.jpg,labels/val/8c60e3aa5aaa2b849460b0dd0bc76011087a49b1b3a01b099acd7b1222433765.txt,618ff1c4580650f113d0b638443877f15befc08116eee435f0b01fbf6aa0572c,pixel-extremes-v1,87f64e55aa7b63804c03badb8d3cf038c7f8a2bdff322bf6a983acd6697d72a0
855958006686,8d612083ad7321e9ca1a611dc81d6f1ef96d42e85571fd8ac48c4e679b681697,c0e47ad265d6817e6dc1ad9ea3a873517654bd915989d9763b4dc9ba85ac0207,0,train,images/train/8d612083ad7321e9ca1a611dc81d6f1ef96d42e85571fd8ac48c4e679b681697.jpg,labels/train/8d612083ad7321e9ca1a611dc81d6f1ef96d42e85571fd8ac48c4e679b681697.txt,c0e47ad265d6817e6dc1ad9ea3a873517654bd915989d9763b4dc9ba85ac0207,pixel-extremes-v1,87f64e55aa7b63804c03badb8d3cf038c7f8a2bdff322bf6a983acd6697d72a0
7774440391617,8d93a8b1c6a27f83945d340b47fe7f675944f4fb8c8f156a155d3841408a631e,4e795a3527ad6029ff00728704b9aa27ac2d7e9abe38ac5414ec7b6121d54c94,0,train,images/train/8d93a8b1c6a27f83945d340b47fe7f675944f4fb8c8f156a155d3841408a631e.jpg,labels/train/8d93a8b1c6a27f83945d340b47fe7f675944f4fb8c8f156a155d3841408a631e.txt,4e795a3527ad6029ff00728704b9aa27ac2d7e9abe38ac5414ec7b6121d54c94,pixel-extremes-v1,87f64e55aa7b63804c03badb8d3cf038c7f8a2bdff322bf6a983acd6697d72a0
07896058500233,8dc925bff9da8cd687d5c3e39521534277b0899e448be5b30a0848dbe516cd9c,64f1c89b981ac23bbe642bd20c9aff660655a26d69703c6fea72627a43de4e0f,0,train,images/train/8dc925bff9da8cd687d5c3e39521534277b0899e448be5b30a0848dbe516cd9c.jpg,labels/train/8dc925bff9da8cd687d5c3e39521534277b0899e448be5b30a0848dbe516cd9c.txt,64f1c89b981ac23bbe642bd20c9aff660655a26d69703c6fea72627a43de4e0f,pixel-extremes-v1,87f64e55aa7b63804c03badb8d3cf038c7f8a2bdff322bf6a983acd6697d72a0
3501119,8eb5c7cca9061ea812b4e0001a111f1b56590ff2de10d15a27a0720f116e9dd0,63455251accaffa8b0e7f30044536a3afc42be450c8f1f923a48849bdb64ac81,0,train,images/train/8eb5c7cca9061ea812b4e0001a111f1b56590ff2de10d15a27a0720f116e9dd0.jpg,labels/train/8eb5c7cca9061ea812b4e0001a111f1b56590ff2de10d15a27a0720f116e9dd0.txt,63455251accaffa8b0e7f30044536a3afc42be450c8f1f923a48849bdb64ac81,pixel-extremes-v1,87f64e55aa7b63804c03badb8d3cf038c7f8a2bdff322bf6a983acd6697d72a0
9010082,8ef9caea78b200a7f2d8086c944c0e69e0d2ce9e7745fd088f47c67c11e9c29c,757a1f9554c69fb3d1b93b1ffc6b787b574472fef8b2d7ddfc5c07ae1fa1a153,0,test,images/test/8ef9caea78b200a7f2d8086c944c0e69e0d2ce9e7745fd088f47c67c11e9c29c.jpg,labels/test/8ef9caea78b200a7f2d8086c944c0e69e0d2ce9e7745fd088f47c67c11e9c29c.txt,757a1f9554c69fb3d1b93b1ffc6b787b574472fef8b2d7ddfc5c07ae1fa1a153,pixel-extremes-v1,87f64e55aa7b63804c03badb8d3cf038c7f8a2bdff322bf6a983acd6697d72a0
7896770982591,8f36c5528904c860251d22e42fecafd21e5c62856c88e0ed2ed77facf9aecdcb,3625e5819aa52b846e8d82ea5161c8c90e743ef495502222c6952c680966dd32,0,train,images/train/8f36c5528904c860251d22e42fecafd21e5c62856c88e0ed2ed77facf9aecdcb.jpg,labels/train/8f36c5528904c860251d22e42fecafd21e5c62856c88e0ed2ed77facf9aecdcb.txt,3625e5819aa52b846e8d82ea5161c8c90e743ef495502222c6952c680966dd32,pixel-extremes-v1,87f64e55aa7b63804c03badb8d3cf038c7f8a2bdff322bf6a983acd6697d72a0
7770109060061,8f64eec95382817d08ffad10e0b0eb1be924c676341a8b4566ce675b887392af,8f75587a9de85fe63048eefcc06e9265e833622fff9dd3e83840f784ce4eb4ed,0,train,images/train/8f64eec95382817d08ffad10e0b0eb1be924c676341a8b4566ce675b887392af.jpg,labels/train/8f64eec95382817d08ffad10e0b0eb1be924c676341a8b4566ce675b887392af.txt,8f75587a9de85fe63048eefcc06e9265e833622fff9dd3e83840f784ce4eb4ed,pixel-extremes-v1,87f64e55aa7b63804c03badb8d3cf038c7f8a2bdff322bf6a983acd6697d72a0
7896058593365,8f8ad07c47f01d98de8111ce17386ac5b20f3f871f03dfca2196d5be1841877a,f89dc329a4f998624b6a3b3b6e72ab1352f07a4e5204779a4009ed4949e0c2ff,0,train,images/train/8f8ad07c47f01d98de8111ce17386ac5b20f3f871f03dfca2196d5be1841877a.jpg,labels/train/8f8ad07c47f01d98de8111ce17386ac5b20f3f871f03dfca2196d5be1841877a.txt,f89dc329a4f998624b6a3b3b6e72ab1352f07a4e5204779a4009ed4949e0c2ff,pixel-extremes-v1,87f64e55aa7b63804c03badb8d3cf038c7f8a2bdff322bf6a983acd6697d72a0
7772115002752,905d83651e7bd0e99e691fffcb583548c9baa4992d71356b6500799d93ad3070,40d82ca79543847346da5c2d5d0885fd2be38f938d32649a08d430bce1767a7c,0,train,images/train/905d83651e7bd0e99e691fffcb583548c9baa4992d71356b6500799d93ad3070.jpg,labels/train/905d83651e7bd0e99e691fffcb583548c9baa4992d71356b6500799d93ad3070.txt,40d82ca79543847346da5c2d5d0885fd2be38f938d32649a08d430bce1767a7c,pixel-extremes-v1,87f64e55aa7b63804c03badb8d3cf038c7f8a2bdff322bf6a983acd6697d72a0
7896058259445,911431a6cc03baaa4c6765c86a6532cb5b956febe1d96d9ccb539f0d50b00bc5,4ede93a59872d2c14fab4bc133f3102e7828359d317421e2232240e34c42331f,0,val,images/val/911431a6cc03baaa4c6765c86a6532cb5b956febe1d96d9ccb539f0d50b00bc5.jpg,labels/val/911431a6cc03baaa4c6765c86a6532cb5b956febe1d96d9ccb539f0d50b00bc5.txt,4ede93a59872d2c14fab4bc133f3102e7828359d317421e2232240e34c42331f,pixel-extremes-v1,87f64e55aa7b63804c03badb8d3cf038c7f8a2bdff322bf6a983acd6697d72a0
7773435930282,9153f499a3b557a7df071b3d1a2a25187e27e5c568161d84fdfaddb9027186b5,d454cc506325cddd0ec37a604e6216c7694f61543749d25d85311283f1d0f4f4,0,train,images/train/9153f499a3b557a7df071b3d1a2a25187e27e5c568161d84fdfaddb9027186b5.jpg,labels/train/9153f499a3b557a7df071b3d1a2a25187e27e5c568161d84fdfaddb9027186b5.txt,d454cc506325cddd0ec37a604e6216c7694f61543749d25d85311283f1d0f4f4,pixel-extremes-v1,87f64e55aa7b63804c03badb8d3cf038c7f8a2bdff322bf6a983acd6697d72a0
7771260681645,91ab28643ce2584016a524330e33ecc7f8958372a37aaf2bc3e930730e88c368,8a70fd2cc5fa774c47a075d1e905b530b731d6c66f63ac4bfb0f9ae21cd2fed5,0,train,images/train/91ab28643ce2584016a524330e33ecc7f8958372a37aaf2bc3e930730e88c368.jpg,labels/train/91ab28643ce2584016a524330e33ecc7f8958372a37aaf2bc3e930730e88c368.txt,8a70fd2cc5fa774c47a075d1e905b530b731d6c66f63ac4bfb0f9ae21cd2fed5,pixel-extremes-v1,87f64e55aa7b63804c03badb8d3cf038c7f8a2bdff322bf6a983acd6697d72a0
7771260681638,91d519fe9aab04a0595ba0df4c92172d9257b26c980c6899a0d780ffbd9156f9,f0687c4872c3d0a1e2db15ddc0fa4232a4d5c3ce401618e5372642a0995bbc72,0,train,images/train/91d519fe9aab04a0595ba0df4c92172d9257b26c980c6899a0d780ffbd9156f9.jpg,labels/train/91d519fe9aab04a0595ba0df4c92172d9257b26c980c6899a0d780ffbd9156f9.txt,f0687c4872c3d0a1e2db15ddc0fa4232a4d5c3ce401618e5372642a0995bbc72,pixel-extremes-v1,87f64e55aa7b63804c03badb8d3cf038c7f8a2bdff322bf6a983acd6697d72a0
7891150046481,921e74d3ab0d273edf8eeb4be90230661b30683b945f9600bbcfb3ed3caef0cb,65af2fac0144e6f75fa87706c45436ecee711ea591547b1c9a6a7142db8e642d,0,train,images/train/921e74d3ab0d273edf8eeb4be90230661b30683b945f9600bbcfb3ed3caef0cb.jpg,labels/train/921e74d3ab0d273edf8eeb4be90230661b30683b945f9600bbcfb3ed3caef0cb.txt,65af2fac0144e6f75fa87706c45436ecee711ea591547b1c9a6a7142db8e642d,pixel-extremes-v1,87f64e55aa7b63804c03badb8d3cf038c7f8a2bdff322bf6a983acd6697d72a0
7908529700254,9251927bd8e137de2f7cbdbdbd0225084bf41b61900aba04a6034782708f043f,62df10ef3b599e467492bf8b9bc3d9a3f9dfa7a5c029ac0b4ca342d7835571a2,0,train,images/train/9251927bd8e137de2f7cbdbdbd0225084bf41b61900aba04a6034782708f043f.jpg,labels/train/9251927bd8e137de2f7cbdbdbd0225084bf41b61900aba04a6034782708f043f.txt,62df10ef3b599e467492bf8b9bc3d9a3f9dfa7a5c029ac0b4ca342d7835571a2,pixel-extremes-v1,87f64e55aa7b63804c03badb8d3cf038c7f8a2bdff322bf6a983acd6697d72a0
091000009032,9260b7459c26db2b5c8d09ca6687d71c52ecfa5ac24aacd1e421e572a8cc5237,a43ed535da5cfafd20aa301b31947346569a60b6538607b01ba678f43dfc456b,0,train,images/train/9260b7459c26db2b5c8d09ca6687d71c52ecfa5ac24aacd1e421e572a8cc5237.jpg,labels/train/9260b7459c26db2b5c8d09ca6687d71c52ecfa5ac24aacd1e421e572a8cc5237.txt,a43ed535da5cfafd20aa301b31947346569a60b6538607b01ba678f43dfc456b,pixel-extremes-v1,87f64e55aa7b63804c03badb8d3cf038c7f8a2bdff322bf6a983acd6697d72a0
7792070001652,92684eb01ccb78f6785c8b5a37f7593a25aaf2bdf9345d7b4f6fb4cc39ad501a,b9772d3c28958bcf77ad76f50bd0ef7b7946493fb79dfdc5d6359200ef8dd08d,0,train,images/train/92684eb01ccb78f6785c8b5a37f7593a25aaf2bdf9345d7b4f6fb4cc39ad501a.jpg,labels/train/92684eb01ccb78f6785c8b5a37f7593a25aaf2bdf9345d7b4f6fb4cc39ad501a.txt,b9772d3c28958bcf77ad76f50bd0ef7b7946493fb79dfdc5d6359200ef8dd08d,pixel-extremes-v1,87f64e55aa7b63804c03badb8d3cf038c7f8a2bdff322bf6a983acd6697d72a0
7702026160227,92a3ce5f138b8622fbf33daa077ebbe5a0aec7ac2469c1d6066918eb0b0f4a0e,e504b8acd2c0e60af18bea75dffc6c53ad73f17c6f61b76a40185f9f11b7d7db,0,test,images/test/92a3ce5f138b8622fbf33daa077ebbe5a0aec7ac2469c1d6066918eb0b0f4a0e.jpg,labels/test/92a3ce5f138b8622fbf33daa077ebbe5a0aec7ac2469c1d6066918eb0b0f4a0e.txt,e504b8acd2c0e60af18bea75dffc6c53ad73f17c6f61b76a40185f9f11b7d7db,pixel-extremes-v1,87f64e55aa7b63804c03badb8d3cf038c7f8a2bdff322bf6a983acd6697d72a0
7773400004178,92e6a9865152c391f1e548e35445e8b6a9e4192ab8caa2d9d9a7c678652a7757,6973f71bdcf648d877f3017b629ea91accfa5dad6c5879d8a69ab3fbc648197b,0,train,images/train/92e6a9865152c391f1e548e35445e8b6a9e4192ab8caa2d9d9a7c678652a7757.jpg,labels/train/92e6a9865152c391f1e548e35445e8b6a9e4192ab8caa2d9d9a7c678652a7757.txt,6973f71bdcf648d877f3017b629ea91accfa5dad6c5879d8a69ab3fbc648197b,pixel-extremes-v1,87f64e55aa7b63804c03badb8d3cf038c7f8a2bdff322bf6a983acd6697d72a0
7770000420094,935bc0c93440e10208412e83527ab99d1b42f2d8b5cb82113fbfd5ed18d30175,ce732bea5ed48b031796bf761736e135b48d29ea3c8d9f54054ecf4d7abe04bf,0,test,images/test/935bc0c93440e10208412e83527ab99d1b42f2d8b5cb82113fbfd5ed18d30175.jpg,labels/test/935bc0c93440e10208412e83527ab99d1b42f2d8b5cb82113fbfd5ed18d30175.txt,ce732bea5ed48b031796bf761736e135b48d29ea3c8d9f54054ecf4d7abe04bf,pixel-extremes-v1,87f64e55aa7b63804c03badb8d3cf038c7f8a2bdff322bf6a983acd6697d72a0
074108517661,936e1dfbef3103c04c8d3d96c7f2f044c5ba8fbff1f3f96cdfd4e13235ee5b40,d5d66aee8ce2cf2c123719d419384346971afaed7141ddf797115151524e94df,0,test,images/test/936e1dfbef3103c04c8d3d96c7f2f044c5ba8fbff1f3f96cdfd4e13235ee5b40.jpg,labels/test/936e1dfbef3103c04c8d3d96c7f2f044c5ba8fbff1f3f96cdfd4e13235ee5b40.txt,d5d66aee8ce2cf2c123719d419384346971afaed7141ddf797115151524e94df,pixel-extremes-v1,87f64e55aa7b63804c03badb8d3cf038c7f8a2bdff322bf6a983acd6697d72a0
7896183901158,93c54cf33245e2a415b6fb724883b502a8e0a59a7bcb115e8b9df709ab768288,b611e9b52823607a4764606a07b217b34e3a58864c5c183d44b156441effb5e4,0,train,images/train/93c54cf33245e2a415b6fb724883b502a8e0a59a7bcb115e8b9df709ab768288.jpg,labels/train/93c54cf33245e2a415b6fb724883b502a8e0a59a7bcb115e8b9df709ab768288.txt,b611e9b52823607a4764606a07b217b34e3a58864c5c183d44b156441effb5e4,pixel-extremes-v1,87f64e55aa7b63804c03badb8d3cf038c7f8a2bdff322bf6a983acd6697d72a0
7702025133161,94f5e62f06c4640bd9ee7db9d0310a970fe78cacef9036758b626bde9b87ba2d,65990af174d4261acf6a78a867e85a94d386dd322c435bd20c5ef8e8aeab6814,0,test,images/test/94f5e62f06c4640bd9ee7db9d0310a970fe78cacef9036758b626bde9b87ba2d.jpg,labels/test/94f5e62f06c4640bd9ee7db9d0310a970fe78cacef9036758b626bde9b87ba2d.txt,65990af174d4261acf6a78a867e85a94d386dd322c435bd20c5ef8e8aeab6814,pixel-extremes-v1,87f64e55aa7b63804c03badb8d3cf038c7f8a2bdff322bf6a983acd6697d72a0
7770109740017,969b5f98301fea1e88022faa7c30de25c5f5bbb4954e518864bcaf5678debe97,7d641aeb93c12cba50b9be201b7f5a2cd42f9949806acec98ecf235e878d7e2a,0,val,images/val/969b5f98301fea1e88022faa7c30de25c5f5bbb4954e518864bcaf5678debe97.jpg,labels/val/969b5f98301fea1e88022faa7c30de25c5f5bbb4954e518864bcaf5678debe97.txt,7d641aeb93c12cba50b9be201b7f5a2cd42f9949806acec98ecf235e878d7e2a,pixel-extremes-v1,87f64e55aa7b63804c03badb8d3cf038c7f8a2bdff322bf6a983acd6697d72a0
7772919390444,98443b409614cbe28ce240a5048fd3892708666e4fbd02f7e5a650a59b0d9783,7ef309e5ef017ae1e2318ea2a63700e01259a758a832b649643b8eca0d74320b,0,train,images/train/98443b409614cbe28ce240a5048fd3892708666e4fbd02f7e5a650a59b0d9783.jpg,labels/train/98443b409614cbe28ce240a5048fd3892708666e4fbd02f7e5a650a59b0d9783.txt,7ef309e5ef017ae1e2318ea2a63700e01259a758a832b649643b8eca0d74320b,pixel-extremes-v1,87f64e55aa7b63804c03badb8d3cf038c7f8a2bdff322bf6a983acd6697d72a0
3997800022899,98fb748dfd157851fb986724a41f9e666b2c0d19135823847dc561cce353c47e,20c63e1c158ab7454a76cd4e7c335bc2d9f9a065cd435091690d4977df63d921,0,train,images/train/98fb748dfd157851fb986724a41f9e666b2c0d19135823847dc561cce353c47e.jpg,labels/train/98fb748dfd157851fb986724a41f9e666b2c0d19135823847dc561cce353c47e.txt,20c63e1c158ab7454a76cd4e7c335bc2d9f9a065cd435091690d4977df63d921,pixel-extremes-v1,87f64e55aa7b63804c03badb8d3cf038c7f8a2bdff322bf6a983acd6697d72a0
7771260681904,99990e91e48a98da1b144b7f4239554af4aa5615ae81bfc7529c29449e27a5ac,9de8f6b8d8998da773ecd0a519ff414a82ef74ce3d8ff17762f35fcc4f08fb45,0,train,images/train/99990e91e48a98da1b144b7f4239554af4aa5615ae81bfc7529c29449e27a5ac.jpg,labels/train/99990e91e48a98da1b144b7f4239554af4aa5615ae81bfc7529c29449e27a5ac.txt,9de8f6b8d8998da773ecd0a519ff414a82ef74ce3d8ff17762f35fcc4f08fb45,pixel-extremes-v1,87f64e55aa7b63804c03badb8d3cf038c7f8a2bdff322bf6a983acd6697d72a0
7908785416234,9a70f1fd7d9adff043d19a842d2fc0ae56c2824eeae3a956a9a42df55c5ae444,d9b4beee8cc9f53a3276e3a36826fb36ad361abde51e4f061aa13faa80d835f6,0,val,images/val/9a70f1fd7d9adff043d19a842d2fc0ae56c2824eeae3a956a9a42df55c5ae444.jpg,labels/val/9a70f1fd7d9adff043d19a842d2fc0ae56c2824eeae3a956a9a42df55c5ae444.txt,d9b4beee8cc9f53a3276e3a36826fb36ad361abde51e4f061aa13faa80d835f6,pixel-extremes-v1,87f64e55aa7b63804c03badb8d3cf038c7f8a2bdff322bf6a983acd6697d72a0
7770000850013,9a7876e480a3f6ae987bd10ebbe23fcd9ddc21603ee160e36762a3a266d3b5b6,7a5d93fa312815e05eb27a1f370aad63e7b69c7356bb8a46c8236827b4d7936b,0,train,images/train/9a7876e480a3f6ae987bd10ebbe23fcd9ddc21603ee160e36762a3a266d3b5b6.jpg,labels/train/9a7876e480a3f6ae987bd10ebbe23fcd9ddc21603ee160e36762a3a266d3b5b6.txt,7a5d93fa312815e05eb27a1f370aad63e7b69c7356bb8a46c8236827b4d7936b,pixel-extremes-v1,87f64e55aa7b63804c03badb8d3cf038c7f8a2bdff322bf6a983acd6697d72a0
7770000420124,9b09a635143a80138afc046d27be8aac379fa9ecae02b1c2b03eaf5e5bff802a,969ff1474b5ed638dc7b885bb6a20115bf9b858884c0939ac019aa5651553f39,0,test,images/test/9b09a635143a80138afc046d27be8aac379fa9ecae02b1c2b03eaf5e5bff802a.jpg,labels/test/9b09a635143a80138afc046d27be8aac379fa9ecae02b1c2b03eaf5e5bff802a.txt,969ff1474b5ed638dc7b885bb6a20115bf9b858884c0939ac019aa5651553f39,pixel-extremes-v1,87f64e55aa7b63804c03badb8d3cf038c7f8a2bdff322bf6a983acd6697d72a0
309973174757,9b328566594495dab7645b31d7e5e9ddca16f1fccdf50844b070e72667de0ee6,4865257b38bd2e62707d0027ed61b6db3f46312f66c318bcb9d45ffe50934942,0,train,images/train/9b328566594495dab7645b31d7e5e9ddca16f1fccdf50844b070e72667de0ee6.jpg,labels/train/9b328566594495dab7645b31d7e5e9ddca16f1fccdf50844b070e72667de0ee6.txt,4865257b38bd2e62707d0027ed61b6db3f46312f66c318bcb9d45ffe50934942,pixel-extremes-v1,87f64e55aa7b63804c03badb8d3cf038c7f8a2bdff322bf6a983acd6697d72a0
7772115002882,9c5c2fe781bcab57f8274a12d1db415c8c4dbae121f38029833528febd8cd1aa,d2f7e85d28f720777a25ee0ee3c5ed81f470c8093639fe7be3770df6dc6392fc,0,train,images/train/9c5c2fe781bcab57f8274a12d1db415c8c4dbae121f38029833528febd8cd1aa.jpg,labels/train/9c5c2fe781bcab57f8274a12d1db415c8c4dbae121f38029833528febd8cd1aa.txt,d2f7e85d28f720777a25ee0ee3c5ed81f470c8093639fe7be3770df6dc6392fc,pixel-extremes-v1,87f64e55aa7b63804c03badb8d3cf038c7f8a2bdff322bf6a983acd6697d72a0
080100004412,9c9eba97c235bc384ff51fd520ff31d3f18a16065814ccb6e378707209b1020d,e9ca534e3d866d62d94930d11c5314a609cdb6de3861184d252430976a138dd9,0,train,images/train/9c9eba97c235bc384ff51fd520ff31d3f18a16065814ccb6e378707209b1020d.jpg,labels/train/9c9eba97c235bc384ff51fd520ff31d3f18a16065814ccb6e378707209b1020d.txt,e9ca534e3d866d62d94930d11c5314a609cdb6de3861184d252430976a138dd9,pixel-extremes-v1,87f64e55aa7b63804c03badb8d3cf038c7f8a2bdff322bf6a983acd6697d72a0
7779604240015,9ce5fe98b0a1866d35763cd8a9b5bb0867ba823bcecd2d3dab4be2a0857ad515,41ccaedda627a3d2c03570efe951c92eb342be758f9553d58284cc1f0a67a039,0,train,images/train/9ce5fe98b0a1866d35763cd8a9b5bb0867ba823bcecd2d3dab4be2a0857ad515.jpg,labels/train/9ce5fe98b0a1866d35763cd8a9b5bb0867ba823bcecd2d3dab4be2a0857ad515.txt,41ccaedda627a3d2c03570efe951c92eb342be758f9553d58284cc1f0a67a039,pixel-extremes-v1,87f64e55aa7b63804c03badb8d3cf038c7f8a2bdff322bf6a983acd6697d72a0
7891151039895,9d7e80e61009f97bc1461164f37f726e611b7bca10e7229d0f1f10a4d07ded16,23f25d901e69d4e656fd512921f046494f2816109a708a668666f8f61fa357a2,0,val,images/val/9d7e80e61009f97bc1461164f37f726e611b7bca10e7229d0f1f10a4d07ded16.jpg,labels/val/9d7e80e61009f97bc1461164f37f726e611b7bca10e7229d0f1f10a4d07ded16.txt,23f25d901e69d4e656fd512921f046494f2816109a708a668666f8f61fa357a2,pixel-extremes-v1,87f64e55aa7b63804c03badb8d3cf038c7f8a2bdff322bf6a983acd6697d72a0
7509552962598,9e1ecaf74d10001170cad425bdd116b2380794de55663c6e1a7d29e2bcad37c5,9186b64019c776234963010abfb647dc03b9d54f1758818c69e8da260ee7ff98,0,train,images/train/9e1ecaf74d10001170cad425bdd116b2380794de55663c6e1a7d29e2bcad37c5.jpg,labels/train/9e1ecaf74d10001170cad425bdd116b2380794de55663c6e1a7d29e2bcad37c5.txt,9186b64019c776234963010abfb647dc03b9d54f1758818c69e8da260ee7ff98,pixel-extremes-v1,87f64e55aa7b63804c03badb8d3cf038c7f8a2bdff322bf6a983acd6697d72a0
6942108467894,9e2520c053b1834273f6e5c378518df1c3ee23c1224bfcf4131e0b3743601115,994f7e5939d373e8aa49d4b1fc55245f62ff7aa399f7a3513beea71747ed9f44,0,train,images/train/9e2520c053b1834273f6e5c378518df1c3ee23c1224bfcf4131e0b3743601115.jpg,labels/train/9e2520c053b1834273f6e5c378518df1c3ee23c1224bfcf4131e0b3743601115.txt,994f7e5939d373e8aa49d4b1fc55245f62ff7aa399f7a3513beea71747ed9f44,pixel-extremes-v1,87f64e55aa7b63804c03badb8d3cf038c7f8a2bdff322bf6a983acd6697d72a0
7773510140100,9e84bb17cfb5064430e0052eb7cab98218cd63e0594bcb08d6bba68db36a2ab2,4a48de97e8e5d819ab3edf8104917c3926e6c3db2ffdb9921c184e707c30b393,0,train,images/train/9e84bb17cfb5064430e0052eb7cab98218cd63e0594bcb08d6bba68db36a2ab2.jpg,labels/train/9e84bb17cfb5064430e0052eb7cab98218cd63e0594bcb08d6bba68db36a2ab2.txt,4a48de97e8e5d819ab3edf8104917c3926e6c3db2ffdb9921c184e707c30b393,pixel-extremes-v1,87f64e55aa7b63804c03badb8d3cf038c7f8a2bdff322bf6a983acd6697d72a0
7591066201003,9e8aaa6e4611a33a57df688f0d770f5ca3b8e85d61652c3ef9df8b868141bc22,4e98b789cd141cc87763574daad5622b569e7a04dfa872d49847a54e70f56225,0,val,images/val/9e8aaa6e4611a33a57df688f0d770f5ca3b8e85d61652c3ef9df8b868141bc22.jpg,labels/val/9e8aaa6e4611a33a57df688f0d770f5ca3b8e85d61652c3ef9df8b868141bc22.txt,4e98b789cd141cc87763574daad5622b569e7a04dfa872d49847a54e70f56225,pixel-extremes-v1,87f64e55aa7b63804c03badb8d3cf038c7f8a2bdff322bf6a983acd6697d72a0
7801235002417,9f4d93197c0ef3299b38994aca7cfe19cc46eaf3d0c51d138ddd612e284c9cbb,d8f4ad94a8242423823042e76fc269b5731beafe25f2c10f294f9e3dcca66055,0,train,images/train/9f4d93197c0ef3299b38994aca7cfe19cc46eaf3d0c51d138ddd612e284c9cbb.jpg,labels/train/9f4d93197c0ef3299b38994aca7cfe19cc46eaf3d0c51d138ddd612e284c9cbb.txt,d8f4ad94a8242423823042e76fc269b5731beafe25f2c10f294f9e3dcca66055,pixel-extremes-v1,87f64e55aa7b63804c03badb8d3cf038c7f8a2bdff322bf6a983acd6697d72a0
7896902289703,9f9ae2c5bc9c758b29c96c417165571bcafce7ddaf5b885de014f8fe7c64203f,e76e08f18bcc1bdf35b9943f53322f4791746ad87b7fc1e7ae379603efd310f1,0,val,images/val/9f9ae2c5bc9c758b29c96c417165571bcafce7ddaf5b885de014f8fe7c64203f.jpg,labels/val/9f9ae2c5bc9c758b29c96c417165571bcafce7ddaf5b885de014f8fe7c64203f.txt,e76e08f18bcc1bdf35b9943f53322f4791746ad87b7fc1e7ae379603efd310f1,pixel-extremes-v1,87f64e55aa7b63804c03badb8d3cf038c7f8a2bdff322bf6a983acd6697d72a0
6930862781561,a06834a61aa7162402dce67ba8896d3f6199364190b2f429f8d8e8938ecfda9b,7e7de41dba737b3d33f301dd49076afda0b10436027e6a9d343a100db74d0b93,0,train,images/train/a06834a61aa7162402dce67ba8896d3f6199364190b2f429f8d8e8938ecfda9b.jpg,labels/train/a06834a61aa7162402dce67ba8896d3f6199364190b2f429f8d8e8938ecfda9b.txt,7e7de41dba737b3d33f301dd49076afda0b10436027e6a9d343a100db74d0b93,pixel-extremes-v1,87f64e55aa7b63804c03badb8d3cf038c7f8a2bdff322bf6a983acd6697d72a0
7771214005459,a073719f656ddd78461c225a458a73de13948ae1c8f38c914914149cc86951c1,46dcadf3e3a95c8ba79e393343f1eb640405c24f41324f145d95532bb60e8f04,0,train,images/train/a073719f656ddd78461c225a458a73de13948ae1c8f38c914914149cc86951c1.jpg,labels/train/a073719f656ddd78461c225a458a73de13948ae1c8f38c914914149cc86951c1.txt,46dcadf3e3a95c8ba79e393343f1eb640405c24f41324f145d95532bb60e8f04,pixel-extremes-v1,87f64e55aa7b63804c03badb8d3cf038c7f8a2bdff322bf6a983acd6697d72a0
7896183902124,a1269b50cf6d3f09bcd0ace73eb7a1c1bc0a6cccf1e1a4d4f43e68584cfa22d7,6f1433c6cca33e3e598bbeb49d13f626d3631249a0533d3032a7788b1e04ef8f,0,train,images/train/a1269b50cf6d3f09bcd0ace73eb7a1c1bc0a6cccf1e1a4d4f43e68584cfa22d7.jpg,labels/train/a1269b50cf6d3f09bcd0ace73eb7a1c1bc0a6cccf1e1a4d4f43e68584cfa22d7.txt,6f1433c6cca33e3e598bbeb49d13f626d3631249a0533d3032a7788b1e04ef8f,pixel-extremes-v1,87f64e55aa7b63804c03badb8d3cf038c7f8a2bdff322bf6a983acd6697d72a0
7509552982695,a25a7079659c1d67fa2f12a10a59cf7708b2d6564a81e2aef66870df81301e76,a0538f2bbfc7e3ac4c6a24c335ef8b7d4d7739f70bee436c86043d400cf25ec5,0,train,images/train/a25a7079659c1d67fa2f12a10a59cf7708b2d6564a81e2aef66870df81301e76.jpg,labels/train/a25a7079659c1d67fa2f12a10a59cf7708b2d6564a81e2aef66870df81301e76.txt,a0538f2bbfc7e3ac4c6a24c335ef8b7d4d7739f70bee436c86043d400cf25ec5,pixel-extremes-v1,87f64e55aa7b63804c03badb8d3cf038c7f8a2bdff322bf6a983acd6697d72a0
7891116169568,a27fe00ca31384a167b9975cbf3a4c6be77e135e0f67fe2f00cbe66c8f6def89,fdd69b2ebc08a57567c849a5792d2abc99da094aa6385f16805912f59a19107f,0,train,images/train/a27fe00ca31384a167b9975cbf3a4c6be77e135e0f67fe2f00cbe66c8f6def89.jpg,labels/train/a27fe00ca31384a167b9975cbf3a4c6be77e135e0f67fe2f00cbe66c8f6def89.txt,fdd69b2ebc08a57567c849a5792d2abc99da094aa6385f16805912f59a19107f,pixel-extremes-v1,87f64e55aa7b63804c03badb8d3cf038c7f8a2bdff322bf6a983acd6697d72a0
8002297010580,a29f2423967fb93cee1107a9408e5188f196dd5277408325f2b4a2d0409caa14,3481a2412beef0274d76d17eb40c12ce95687a565721dfdbb5107e43a483074f,0,train,images/train/a29f2423967fb93cee1107a9408e5188f196dd5277408325f2b4a2d0409caa14.jpg,labels/train/a29f2423967fb93cee1107a9408e5188f196dd5277408325f2b4a2d0409caa14.txt,3481a2412beef0274d76d17eb40c12ce95687a565721dfdbb5107e43a483074f,pixel-extremes-v1,87f64e55aa7b63804c03badb8d3cf038c7f8a2bdff322bf6a983acd6697d72a0
7773435280332,a2ba38e7cb0261ed2cfd6545aced2de2e0050de93326bba8bb8706fae1501a09,7b39cbc1457bbca92750ca4ca34b89fa5bf2aed5aa5469d16fd21922a398b594,0,train,images/train/a2ba38e7cb0261ed2cfd6545aced2de2e0050de93326bba8bb8706fae1501a09.jpg,labels/train/a2ba38e7cb0261ed2cfd6545aced2de2e0050de93326bba8bb8706fae1501a09.txt,7b39cbc1457bbca92750ca4ca34b89fa5bf2aed5aa5469d16fd21922a398b594,pixel-extremes-v1,87f64e55aa7b63804c03badb8d3cf038c7f8a2bdff322bf6a983acd6697d72a0
7702025142446,a33410c8d23ad83ef8cd22e80e17be1806994a96488e4ddc3be89d845de818f6,0a6a05c6d6bc8e27defad093fa0635435a8fb80f58d9c78611615afc14436f44,0,train,images/train/a33410c8d23ad83ef8cd22e80e17be1806994a96488e4ddc3be89d845de818f6.jpg,labels/train/a33410c8d23ad83ef8cd22e80e17be1806994a96488e4ddc3be89d845de818f6.txt,0a6a05c6d6bc8e27defad093fa0635435a8fb80f58d9c78611615afc14436f44,pixel-extremes-v1,87f64e55aa7b63804c03badb8d3cf038c7f8a2bdff322bf6a983acd6697d72a0
9001106,a38aaaa02b1ada006685d45d7afa1699595e82bfe8512d2760eb70001647e1b2,44dffb432349446f3decbe01c6191ab3889453b2e1ce24b5f1f568781112dd3d,0,val,images/val/a38aaaa02b1ada006685d45d7afa1699595e82bfe8512d2760eb70001647e1b2.jpg,labels/val/a38aaaa02b1ada006685d45d7afa1699595e82bfe8512d2760eb70001647e1b2.txt,44dffb432349446f3decbe01c6191ab3889453b2e1ce24b5f1f568781112dd3d,pixel-extremes-v1,87f64e55aa7b63804c03badb8d3cf038c7f8a2bdff322bf6a983acd6697d72a0
75081645,a47c7acca947539958fe984e3518cfc469dd052cef53292ead77e4851071aafa,474c1ca03a7658502848458af11e143c9d7c77f1cc3a531ee564e4a02f0cb3fc,0,test,images/test/a47c7acca947539958fe984e3518cfc469dd052cef53292ead77e4851071aafa.jpg,labels/test/a47c7acca947539958fe984e3518cfc469dd052cef53292ead77e4851071aafa.txt,474c1ca03a7658502848458af11e143c9d7c77f1cc3a531ee564e4a02f0cb3fc,pixel-extremes-v1,87f64e55aa7b63804c03badb8d3cf038c7f8a2bdff322bf6a983acd6697d72a0
7896451912459,a4fae84763eb2be635b3d7bab535c1787dfa8a62df83b31388551fafec736f47,ad752cfb79e191f8cc427ece7fa8340833715010e3521fa0379e39ead76c9a9f,0,train,images/train/a4fae84763eb2be635b3d7bab535c1787dfa8a62df83b31388551fafec736f47.jpg,labels/train/a4fae84763eb2be635b3d7bab535c1787dfa8a62df83b31388551fafec736f47.txt,ad752cfb79e191f8cc427ece7fa8340833715010e3521fa0379e39ead76c9a9f,pixel-extremes-v1,87f64e55aa7b63804c03badb8d3cf038c7f8a2bdff322bf6a983acd6697d72a0
7771260681218,a51d425d42ea40d83b0326a0dfc53dae2288392a740ae78e55ec3fe8c4f8f83d,ef00f5707f78aeaccff0b699a0baafa24f93aafb221ad89d173738784c6d42dc,0,train,images/train/a51d425d42ea40d83b0326a0dfc53dae2288392a740ae78e55ec3fe8c4f8f83d.jpg,labels/train/a51d425d42ea40d83b0326a0dfc53dae2288392a740ae78e55ec3fe8c4f8f83d.txt,ef00f5707f78aeaccff0b699a0baafa24f93aafb221ad89d173738784c6d42dc,pixel-extremes-v1,87f64e55aa7b63804c03badb8d3cf038c7f8a2bdff322bf6a983acd6697d72a0
7770017980048,a545dc5785d9874566615d24a056c1cf59d580c7fc917a8ac034fb80caaf7ace,82242574f90df36c049722c0d0dd0f16f5c22f7310d4d1fd3f66a1a4c3abdb01,0,train,images/train/a545dc5785d9874566615d24a056c1cf59d580c7fc917a8ac034fb80caaf7ace.jpg,labels/train/a545dc5785d9874566615d24a056c1cf59d580c7fc917a8ac034fb80caaf7ace.txt,82242574f90df36c049722c0d0dd0f16f5c22f7310d4d1fd3f66a1a4c3abdb01,pixel-extremes-v1,87f64e55aa7b63804c03badb8d3cf038c7f8a2bdff322bf6a983acd6697d72a0
7896451912893,a58ea1313b43710c85b00f48945def3452e1f9a80247c5d5b3b2fc66adab3903,cde3af0bb343c65ff39baa7c924511d6cbf79fb3aa5b4723cf41a1a3e448809b,0,train,images/train/a58ea1313b43710c85b00f48945def3452e1f9a80247c5d5b3b2fc66adab3903.jpg,labels/train/a58ea1313b43710c85b00f48945def3452e1f9a80247c5d5b3b2fc66adab3903.txt,cde3af0bb343c65ff39baa7c924511d6cbf79fb3aa5b4723cf41a1a3e448809b,pixel-extremes-v1,87f64e55aa7b63804c03badb8d3cf038c7f8a2bdff322bf6a983acd6697d72a0
7770000420117,a614dcbff6a0954c6833bc02e7855d0894884b63af71feb31d6ab00d93d582b4,fab6d66de9888c746a92c03544152e8b2fff66a010882ab8d7b548aac5439b5d,0,val,images/val/a614dcbff6a0954c6833bc02e7855d0894884b63af71feb31d6ab00d93d582b4.jpg,labels/val/a614dcbff6a0954c6833bc02e7855d0894884b63af71feb31d6ab00d93d582b4.txt,fab6d66de9888c746a92c03544152e8b2fff66a010882ab8d7b548aac5439b5d,pixel-extremes-v1,87f64e55aa7b63804c03badb8d3cf038c7f8a2bdff322bf6a983acd6697d72a0
077948496,a63bae14863f3ebe053e2f3b44d77d114db3b949f7c31dee2e45ee84ba88ccf4,9e3391ce6330aa534c6e793b38065c123bfec2c7609ed532fbaa094bee93a3b6,0,train,images/train/a63bae14863f3ebe053e2f3b44d77d114db3b949f7c31dee2e45ee84ba88ccf4.jpg,labels/train/a63bae14863f3ebe053e2f3b44d77d114db3b949f7c31dee2e45ee84ba88ccf4.txt,9e3391ce6330aa534c6e793b38065c123bfec2c7609ed532fbaa094bee93a3b6,pixel-extremes-v1,87f64e55aa7b63804c03badb8d3cf038c7f8a2bdff322bf6a983acd6697d72a0
7801235002400,a7a4e916743b5b8dbc4edc9f2db0305c0f9e1e767e57d2dadf216e02f47eee02,7b269d14f2a53cf9180f5f38f0e56fd9d2d4c52301b4b844ebf210ae30e2122b,0,train,images/train/a7a4e916743b5b8dbc4edc9f2db0305c0f9e1e767e57d2dadf216e02f47eee02.jpg,labels/train/a7a4e916743b5b8dbc4edc9f2db0305c0f9e1e767e57d2dadf216e02f47eee02.txt,7b269d14f2a53cf9180f5f38f0e56fd9d2d4c52301b4b844ebf210ae30e2122b,pixel-extremes-v1,87f64e55aa7b63804c03badb8d3cf038c7f8a2bdff322bf6a983acd6697d72a0
7896115700026,a7ba900ed4a339451f50d0ad26dcea95f5a3446fb94fe973ff065c66c96a4b9b,c3ea766010f8817829e4ba60863341a8e349783da13489d1db4fa49910c370bc,0,train,images/train/a7ba900ed4a339451f50d0ad26dcea95f5a3446fb94fe973ff065c66c96a4b9b.jpg,labels/train/a7ba900ed4a339451f50d0ad26dcea95f5a3446fb94fe973ff065c66c96a4b9b.txt,c3ea766010f8817829e4ba60863341a8e349783da13489d1db4fa49910c370bc,pixel-extremes-v1,87f64e55aa7b63804c03badb8d3cf038c7f8a2bdff322bf6a983acd6697d72a0
7896451901408,a7be6fb78d76288d5b7dd95f59d02f2d0315b6b73a30629cdca61281f232d486,5477d0b945250b6d6db93428e5917039ba2b62bc8898e5f6cf9236065d6eefcd,0,test,images/test/a7be6fb78d76288d5b7dd95f59d02f2d0315b6b73a30629cdca61281f232d486.jpg,labels/test/a7be6fb78d76288d5b7dd95f59d02f2d0315b6b73a30629cdca61281f232d486.txt,5477d0b945250b6d6db93428e5917039ba2b62bc8898e5f6cf9236065d6eefcd,pixel-extremes-v1,87f64e55aa7b63804c03badb8d3cf038c7f8a2bdff322bf6a983acd6697d72a0
7771817180256,a8626f2cd891d83855abcb822635f16a3467cc02583b1703d42ddac9713291e9,c36c8ace4fd48e413f8b11c64c884e53656a5198144dca683a4fdc6e870bfe02,0,val,images/val/a8626f2cd891d83855abcb822635f16a3467cc02583b1703d42ddac9713291e9.jpg,labels/val/a8626f2cd891d83855abcb822635f16a3467cc02583b1703d42ddac9713291e9.txt,c36c8ace4fd48e413f8b11c64c884e53656a5198144dca683a4fdc6e870bfe02,pixel-extremes-v1,87f64e55aa7b63804c03badb8d3cf038c7f8a2bdff322bf6a983acd6697d72a0
7772314690057,a88d063a9afa5a8546ec2e578465f0bc66241dcf1499d79f44d025962e47104f,1f9072f2537ebd08b2bf6842b6a9def925d94bbee8930ee4c259d2511021499f,0,test,images/test/a88d063a9afa5a8546ec2e578465f0bc66241dcf1499d79f44d025962e47104f.jpg,labels/test/a88d063a9afa5a8546ec2e578465f0bc66241dcf1499d79f44d025962e47104f.txt,1f9072f2537ebd08b2bf6842b6a9def925d94bbee8930ee4c259d2511021499f,pixel-extremes-v1,87f64e55aa7b63804c03badb8d3cf038c7f8a2bdff322bf6a983acd6697d72a0
0610985012310,a9111a75ffb1ed2113e0626e82f14326678ad801af2b049fe4d480d2c3ff52f9,8607c0f4e32bb2e43b378fe231391acfa85563095e62f9c75f8672ed2698378f,0,test,images/test/a9111a75ffb1ed2113e0626e82f14326678ad801af2b049fe4d480d2c3ff52f9.jpg,labels/test/a9111a75ffb1ed2113e0626e82f14326678ad801af2b049fe4d480d2c3ff52f9.txt,8607c0f4e32bb2e43b378fe231391acfa85563095e62f9c75f8672ed2698378f,pixel-extremes-v1,87f64e55aa7b63804c03badb8d3cf038c7f8a2bdff322bf6a983acd6697d72a0
7896451913586,a9151f98516c0d57aaf8c80de5a45d66bfaa34f26a4557562968c324ab1b3f7a,4cbf137017c5bc24cda3ee753cf867929f610a1b6705407b9be957c963320e9b,0,train,images/train/a9151f98516c0d57aaf8c80de5a45d66bfaa34f26a4557562968c324ab1b3f7a.jpg,labels/train/a9151f98516c0d57aaf8c80de5a45d66bfaa34f26a4557562968c324ab1b3f7a.txt,4cbf137017c5bc24cda3ee753cf867929f610a1b6705407b9be957c963320e9b,pixel-extremes-v1,87f64e55aa7b63804c03badb8d3cf038c7f8a2bdff322bf6a983acd6697d72a0
7792070054368,a94cc0bf27be1670409e4f37a1b2883d958df751e2cb62aa34e32b712d074e3b,49930b7f5b3872148b6cc59f4b44e66aec679a601fb0d4a69868b846c14c5c53,0,val,images/val/a94cc0bf27be1670409e4f37a1b2883d958df751e2cb62aa34e32b712d074e3b.jpg,labels/val/a94cc0bf27be1670409e4f37a1b2883d958df751e2cb62aa34e32b712d074e3b.txt,49930b7f5b3872148b6cc59f4b44e66aec679a601fb0d4a69868b846c14c5c53,pixel-extremes-v1,87f64e55aa7b63804c03badb8d3cf038c7f8a2bdff322bf6a983acd6697d72a0
309974700030,aa07c8dfed3291242aa6921743d8288dd1fd73b32659ac62adec74449874be39,a8232de2727d9047e35d63b77912076fd2b2e025dd65d108e7421727008a3704,0,val,images/val/aa07c8dfed3291242aa6921743d8288dd1fd73b32659ac62adec74449874be39.jpg,labels/val/aa07c8dfed3291242aa6921743d8288dd1fd73b32659ac62adec74449874be39.txt,a8232de2727d9047e35d63b77912076fd2b2e025dd65d108e7421727008a3704,pixel-extremes-v1,87f64e55aa7b63804c03badb8d3cf038c7f8a2bdff322bf6a983acd6697d72a0
7896451908810,aa7fc1a6a080e4b920fa85d5bb4836524ac4796fede7e2cd08904a299dff5841,f92140b3bbfb1744348a7c3526bfb8413977a9152dbec9958dc42dc07c5d8a97,0,train,images/train/aa7fc1a6a080e4b920fa85d5bb4836524ac4796fede7e2cd08904a299dff5841.jpg,labels/train/aa7fc1a6a080e4b920fa85d5bb4836524ac4796fede7e2cd08904a299dff5841.txt,f92140b3bbfb1744348a7c3526bfb8413977a9152dbec9958dc42dc07c5d8a97,pixel-extremes-v1,87f64e55aa7b63804c03badb8d3cf038c7f8a2bdff322bf6a983acd6697d72a0
7840185788552,aa96ed4065c80ed5ed0ac88bee00042662595456849c3467b950b8d5389bd42c,57a23cf46768ff2a2f836764d991059e9be64f6d20c9d24e68d839e9f64d037f,0,train,images/train/aa96ed4065c80ed5ed0ac88bee00042662595456849c3467b950b8d5389bd42c.jpg,labels/train/aa96ed4065c80ed5ed0ac88bee00042662595456849c3467b950b8d5389bd42c.txt,57a23cf46768ff2a2f836764d991059e9be64f6d20c9d24e68d839e9f64d037f,pixel-extremes-v1,87f64e55aa7b63804c03badb8d3cf038c7f8a2bdff322bf6a983acd6697d72a0
7509552961867,ab080aeaf3ada60dc23d1b0d397a6667b492e7e28f307782ab6812b71219b399,2e2991efe086e723bcb50e9e0a73bafaf6e61ce58d6f13ed9e20e21906248509,0,test,images/test/ab080aeaf3ada60dc23d1b0d397a6667b492e7e28f307782ab6812b71219b399.jpg,labels/test/ab080aeaf3ada60dc23d1b0d397a6667b492e7e28f307782ab6812b71219b399.txt,2e2991efe086e723bcb50e9e0a73bafaf6e61ce58d6f13ed9e20e21906248509,pixel-extremes-v1,87f64e55aa7b63804c03badb8d3cf038c7f8a2bdff322bf6a983acd6697d72a0
8683655870291,ab0d0f77c2a469faf07708e01de50a2bd27d58448c770fc71c3d0528fa044fad,53bd82e60c6833e01b5c1d86650fa3314188c5cadf4f544f6664deaaff66e886,0,train,images/train/ab0d0f77c2a469faf07708e01de50a2bd27d58448c770fc71c3d0528fa044fad.jpg,labels/train/ab0d0f77c2a469faf07708e01de50a2bd27d58448c770fc71c3d0528fa044fad.txt,53bd82e60c6833e01b5c1d86650fa3314188c5cadf4f544f6664deaaff66e886,pixel-extremes-v1,87f64e55aa7b63804c03badb8d3cf038c7f8a2bdff322bf6a983acd6697d72a0
0659525117740,aba1375287823a6ab2eb5752ae1820634fb5e60e0a8878873b3d81c3f8ec4e80,abb60e017f82710803979e69ece51ad4702607693371e923b79d1cde62333d95,0,train,images/train/aba1375287823a6ab2eb5752ae1820634fb5e60e0a8878873b3d81c3f8ec4e80.jpg,labels/train/aba1375287823a6ab2eb5752ae1820634fb5e60e0a8878873b3d81c3f8ec4e80.txt,abb60e017f82710803979e69ece51ad4702607693371e923b79d1cde62333d95,pixel-extremes-v1,87f64e55aa7b63804c03badb8d3cf038c7f8a2bdff322bf6a983acd6697d72a0
7891150103146,ac01a57906e70cf612e2edd787cac5ec8a9022bd2c93624f8b598b77f322f5dd,e2466604784a1d85b359b3b414b8665fc0afe0e7f907d43ea7dc95f15ad5b7b8,0,train,images/train/ac01a57906e70cf612e2edd787cac5ec8a9022bd2c93624f8b598b77f322f5dd.jpg,labels/train/ac01a57906e70cf612e2edd787cac5ec8a9022bd2c93624f8b598b77f322f5dd.txt,e2466604784a1d85b359b3b414b8665fc0afe0e7f907d43ea7dc95f15ad5b7b8,pixel-extremes-v1,87f64e55aa7b63804c03badb8d3cf038c7f8a2bdff322bf6a983acd6697d72a0
7896150020233,ac1f283f6206d584e2d0a90c80b6f639e6d9fe24c085125dd9ea64fb1c21c86a,8a495888f5b55b47bc85b2b246c60bf34c24ecc0d02cd5cbb63b0edd2ead1284,0,train,images/train/ac1f283f6206d584e2d0a90c80b6f639e6d9fe24c085125dd9ea64fb1c21c86a.jpg,labels/train/ac1f283f6206d584e2d0a90c80b6f639e6d9fe24c085125dd9ea64fb1c21c86a.txt,8a495888f5b55b47bc85b2b246c60bf34c24ecc0d02cd5cbb63b0edd2ead1284,pixel-extremes-v1,87f64e55aa7b63804c03badb8d3cf038c7f8a2bdff322bf6a983acd6697d72a0
7791293049571,ac34a4b0b8fce79d2e3348a1581b8b953230deb6ad6b04f59d1d9f2abc37a67f,cd084aff3818915c1332a771d4cc0c26bc79bfa958af33990a503e9710d3baff,0,train,images/train/ac34a4b0b8fce79d2e3348a1581b8b953230deb6ad6b04f59d1d9f2abc37a67f.jpg,labels/train/ac34a4b0b8fce79d2e3348a1581b8b953230deb6ad6b04f59d1d9f2abc37a67f.txt,cd084aff3818915c1332a771d4cc0c26bc79bfa958af33990a503e9710d3baff,pixel-extremes-v1,87f64e55aa7b63804c03badb8d3cf038c7f8a2bdff322bf6a983acd6697d72a0
7770108960140,ac36e952091dc6eb4514c8a8b09ab3d62defc3cbc009da88d5593e9702bb44fe,547ad0e6c6f52e545ff91492da40f49e2e14395a052707c8dd2b11f06c5d01e1,0,train,images/train/ac36e952091dc6eb4514c8a8b09ab3d62defc3cbc009da88d5593e9702bb44fe.jpg,labels/train/ac36e952091dc6eb4514c8a8b09ab3d62defc3cbc009da88d5593e9702bb44fe.txt,547ad0e6c6f52e545ff91492da40f49e2e14395a052707c8dd2b11f06c5d01e1,pixel-extremes-v1,87f64e55aa7b63804c03badb8d3cf038c7f8a2bdff322bf6a983acd6697d72a0
7509552992083,ac63589a1c0251d951443032b40b4091fb0b9f792b37f2d0382c1bc0eed0e2d2,ab911ac63af81745a1a1b2465dab3ceb71a88e671ab7de988c41fea49a82b8d1,0,test,images/test/ac63589a1c0251d951443032b40b4091fb0b9f792b37f2d0382c1bc0eed0e2d2.jpg,labels/test/ac63589a1c0251d951443032b40b4091fb0b9f792b37f2d0382c1bc0eed0e2d2.txt,ab911ac63af81745a1a1b2465dab3ceb71a88e671ab7de988c41fea49a82b8d1,pixel-extremes-v1,87f64e55aa7b63804c03badb8d3cf038c7f8a2bdff322bf6a983acd6697d72a0
7896058503081,ad7cdbf888cd3819868446c498c76d9f8d563a9b7e919d0f65fbf4a7588c343b,7fb2bc68ae8d2168be01633bee0bd427e9d309f99c6f7bbde9ef0b6622e01010,0,test,images/test/ad7cdbf888cd3819868446c498c76d9f8d563a9b7e919d0f65fbf4a7588c343b.jpg,labels/test/ad7cdbf888cd3819868446c498c76d9f8d563a9b7e919d0f65fbf4a7588c343b.txt,7fb2bc68ae8d2168be01633bee0bd427e9d309f99c6f7bbde9ef0b6622e01010,pixel-extremes-v1,87f64e55aa7b63804c03badb8d3cf038c7f8a2bdff322bf6a983acd6697d72a0
77961815,ad9dff34a6e1fe0a49dc0447a277e5ef7be141cfd505f42a85ecc96a0b34095b,b2b861aca1c5fc88dd457cb018bec526c4dff83002203f71560671ee4e77605b,0,train,images/train/ad9dff34a6e1fe0a49dc0447a277e5ef7be141cfd505f42a85ecc96a0b34095b.jpg,labels/train/ad9dff34a6e1fe0a49dc0447a277e5ef7be141cfd505f42a85ecc96a0b34095b.txt,b2b861aca1c5fc88dd457cb018bec526c4dff83002203f71560671ee4e77605b,pixel-extremes-v1,87f64e55aa7b63804c03badb8d3cf038c7f8a2bdff322bf6a983acd6697d72a0
041554098136,adc54e3144b84402a7ed15c60b88dd93b8283fc8afa92442d8d3dd2decfa03af,cfd4349e505e6fa5f107ae37daa73e868b1d8728ade19bbf368b3c3916e3cad3,0,train,images/train/adc54e3144b84402a7ed15c60b88dd93b8283fc8afa92442d8d3dd2decfa03af.jpg,labels/train/adc54e3144b84402a7ed15c60b88dd93b8283fc8afa92442d8d3dd2decfa03af.txt,cfd4349e505e6fa5f107ae37daa73e868b1d8728ade19bbf368b3c3916e3cad3,pixel-extremes-v1,87f64e55aa7b63804c03badb8d3cf038c7f8a2bdff322bf6a983acd6697d72a0
7899620669338,ae2736e067418a329f6818d6b594d6717e0f9cfe2a007668a2c13f763a76a65f,be6c4ade423115b95b8e6de4597476f92a341491ec2aa005cd48706cfe63598a,0,test,images/test/ae2736e067418a329f6818d6b594d6717e0f9cfe2a007668a2c13f763a76a65f.jpg,labels/test/ae2736e067418a329f6818d6b594d6717e0f9cfe2a007668a2c13f763a76a65f.txt,be6c4ade423115b95b8e6de4597476f92a341491ec2aa005cd48706cfe63598a,pixel-extremes-v1,87f64e55aa7b63804c03badb8d3cf038c7f8a2bdff322bf6a983acd6697d72a0
7773510140124,aee7ba3bcd90dade45bef6e2d80470923d41f4d88150b4f05a4d4a8e61a21f86,030f89ff2c3b915866049936174c414b61c95a555487e77195492c52dbf96482,0,train,images/train/aee7ba3bcd90dade45bef6e2d80470923d41f4d88150b4f05a4d4a8e61a21f86.jpg,labels/train/aee7ba3bcd90dade45bef6e2d80470923d41f4d88150b4f05a4d4a8e61a21f86.txt,030f89ff2c3b915866049936174c414b61c95a555487e77195492c52dbf96482,pixel-extremes-v1,87f64e55aa7b63804c03badb8d3cf038c7f8a2bdff322bf6a983acd6697d72a0
7702191523520,af16c22a6643808c47c525ff4e38fe050ebd181d95a565036fdf65a98897f3e7,ab2476a2c7289edc6462b089480916b0d4749ecd109264ef11a6977b858c7aea,0,val,images/val/af16c22a6643808c47c525ff4e38fe050ebd181d95a565036fdf65a98897f3e7.jpg,labels/val/af16c22a6643808c47c525ff4e38fe050ebd181d95a565036fdf65a98897f3e7.txt,ab2476a2c7289edc6462b089480916b0d4749ecd109264ef11a6977b858c7aea,pixel-extremes-v1,87f64e55aa7b63804c03badb8d3cf038c7f8a2bdff322bf6a983acd6697d72a0
7891010882983,af4ccfbf9339a2cc44215c5cc28e38077f0b82475dd8e5987e6d5767da9e3e54,13d03bd1ec9f2194178ee14ae56d0f61eb0d8c61859e377337cf5f907568ade7,0,train,images/train/af4ccfbf9339a2cc44215c5cc28e38077f0b82475dd8e5987e6d5767da9e3e54.jpg,labels/train/af4ccfbf9339a2cc44215c5cc28e38077f0b82475dd8e5987e6d5767da9e3e54.txt,13d03bd1ec9f2194178ee14ae56d0f61eb0d8c61859e377337cf5f907568ade7,pixel-extremes-v1,87f64e55aa7b63804c03badb8d3cf038c7f8a2bdff322bf6a983acd6697d72a0
75081638,af6f36a71802862a79fc34a43db2d17e41a11864c45f27207d289f525b3365c0,918cdbaf2626d48295f2b555c53b853c5fd3ce63279a3eac6d362eca12018c66,0,test,images/test/af6f36a71802862a79fc34a43db2d17e41a11864c45f27207d289f525b3365c0.jpg,labels/test/af6f36a71802862a79fc34a43db2d17e41a11864c45f27207d289f525b3365c0.txt,918cdbaf2626d48295f2b555c53b853c5fd3ce63279a3eac6d362eca12018c66,pixel-extremes-v1,87f64e55aa7b63804c03badb8d3cf038c7f8a2bdff322bf6a983acd6697d72a0
7503037746109,afc9f8a32decf30be37b2ad8a4b987f4b4f2ac248ba12f62e980909bb5d559a5,c59393373eab3890e169ed621bbd9a796f9758300fdf19c0d1182cd905abbc73,0,train,images/train/afc9f8a32decf30be37b2ad8a4b987f4b4f2ac248ba12f62e980909bb5d559a5.jpg,labels/train/afc9f8a32decf30be37b2ad8a4b987f4b4f2ac248ba12f62e980909bb5d559a5.txt,c59393373eab3890e169ed621bbd9a796f9758300fdf19c0d1182cd905abbc73,pixel-extremes-v1,87f64e55aa7b63804c03badb8d3cf038c7f8a2bdff322bf6a983acd6697d72a0
8809686120215,b0378535cd64c3966907d5f5b561e35396390f7b39bbf264d0ca4f5215c52db4,e481723000795d98f221ed5f613ea171f6437de855341be63997b91ab6201fec,0,train,images/train/b0378535cd64c3966907d5f5b561e35396390f7b39bbf264d0ca4f5215c52db4.jpg,labels/train/b0378535cd64c3966907d5f5b561e35396390f7b39bbf264d0ca4f5215c52db4.txt,e481723000795d98f221ed5f613ea171f6437de855341be63997b91ab6201fec,pixel-extremes-v1,87f64e55aa7b63804c03badb8d3cf038c7f8a2bdff322bf6a983acd6697d72a0
1000000000566,b03d50dd07ca34d71bc54c0540a049793e1175ab44eef640a4b2add7e14e7b79,bf86ef8126b464837024d7b7e4ba842e300e1883066154c4ac8605cd53ab510f,0,train,images/train/b03d50dd07ca34d71bc54c0540a049793e1175ab44eef640a4b2add7e14e7b79.jpg,labels/train/b03d50dd07ca34d71bc54c0540a049793e1175ab44eef640a4b2add7e14e7b79.txt,bf86ef8126b464837024d7b7e4ba842e300e1883066154c4ac8605cd53ab510f,pixel-extremes-v1,87f64e55aa7b63804c03badb8d3cf038c7f8a2bdff322bf6a983acd6697d72a0
7899620679306,b098230a5a199dcfb944c5bf036de3cf7ee8f83781a4d6605d3edcdebfb551e4,fb9fe92d3425d95fcb97b09c77a7b1bc684b36815b2e0a4ef03fce081569a3ea,0,train,images/train/b098230a5a199dcfb944c5bf036de3cf7ee8f83781a4d6605d3edcdebfb551e4.jpg,labels/train/b098230a5a199dcfb944c5bf036de3cf7ee8f83781a4d6605d3edcdebfb551e4.txt,fb9fe92d3425d95fcb97b09c77a7b1bc684b36815b2e0a4ef03fce081569a3ea,pixel-extremes-v1,87f64e55aa7b63804c03badb8d3cf038c7f8a2bdff322bf6a983acd6697d72a0
7791293049953,b0fe956962cd55173191c63be2a90bd3417c2e52b41c43bd906fdbfd5c89c040,7ad948c9632f0e6be05c28a074f7188077068985978d0e41e9ed6b5f45a4af92,0,train,images/train/b0fe956962cd55173191c63be2a90bd3417c2e52b41c43bd906fdbfd5c89c040.jpg,labels/train/b0fe956962cd55173191c63be2a90bd3417c2e52b41c43bd906fdbfd5c89c040.txt,7ad948c9632f0e6be05c28a074f7188077068985978d0e41e9ed6b5f45a4af92,pixel-extremes-v1,87f64e55aa7b63804c03badb8d3cf038c7f8a2bdff322bf6a983acd6697d72a0
7896183903503,b11409edd55e49e2d70f744c3686e8a71470d61d355e495e2f92d26c1165a0c2,ba23fa8c2e42ed22ba4b19eaf7845460665144a8572b8b0a551800fbd98ef480,0,train,images/train/b11409edd55e49e2d70f744c3686e8a71470d61d355e495e2f92d26c1165a0c2.jpg,labels/train/b11409edd55e49e2d70f744c3686e8a71470d61d355e495e2f92d26c1165a0c2.txt,ba23fa8c2e42ed22ba4b19eaf7845460665144a8572b8b0a551800fbd98ef480,pixel-extremes-v1,87f64e55aa7b63804c03badb8d3cf038c7f8a2bdff322bf6a983acd6697d72a0
9000973,b1d57fc4c24db17a7f876083987321f064e2a8fc05121e621696fc31c90cd5d4,871ca37ab470d1555e648428381195f080d8e8c570d26a1f4c7fc9467a15f4a0,0,val,images/val/b1d57fc4c24db17a7f876083987321f064e2a8fc05121e621696fc31c90cd5d4.jpg,labels/val/b1d57fc4c24db17a7f876083987321f064e2a8fc05121e621696fc31c90cd5d4.txt,871ca37ab470d1555e648428381195f080d8e8c570d26a1f4c7fc9467a15f4a0,pixel-extremes-v1,87f64e55aa7b63804c03badb8d3cf038c7f8a2bdff322bf6a983acd6697d72a0
7773510140155,b3a78aa56f31f170d8bf79daa6973947e473eab926aaf1ed4e659355ba76b868,d62c3dcaf05a36109f80b2d31746ed0e370a9793a7fa2e89b6381fade3cdc9ee,0,train,images/train/b3a78aa56f31f170d8bf79daa6973947e473eab926aaf1ed4e659355ba76b868.jpg,labels/train/b3a78aa56f31f170d8bf79daa6973947e473eab926aaf1ed4e659355ba76b868.txt,d62c3dcaf05a36109f80b2d31746ed0e370a9793a7fa2e89b6381fade3cdc9ee,pixel-extremes-v1,87f64e55aa7b63804c03badb8d3cf038c7f8a2bdff322bf6a983acd6697d72a0
7891962060361,b4280c7fb6d2d41ac9386b55c2d74ad059dbf8d5faf86fd3a621ff5d2eb4fdee,ee8b5a8c18313eedbeb6807d3ef2e3a64396154d2ca6c6f91ca789226d8118b4,0,train,images/train/b4280c7fb6d2d41ac9386b55c2d74ad059dbf8d5faf86fd3a621ff5d2eb4fdee.jpg,labels/train/b4280c7fb6d2d41ac9386b55c2d74ad059dbf8d5faf86fd3a621ff5d2eb4fdee.txt,ee8b5a8c18313eedbeb6807d3ef2e3a64396154d2ca6c6f91ca789226d8118b4,pixel-extremes-v1,87f64e55aa7b63804c03badb8d3cf038c7f8a2bdff322bf6a983acd6697d72a0
7773435280325,b4508f4ab1f87b01bb51d2dd39d7cde9e5b431c2f63e4886455be52246d48f15,561cfc6ec65f54b0cecd3f2ebc224fb5414bfb286c68ec079945d72227dee093,0,train,images/train/b4508f4ab1f87b01bb51d2dd39d7cde9e5b431c2f63e4886455be52246d48f15.jpg,labels/train/b4508f4ab1f87b01bb51d2dd39d7cde9e5b431c2f63e4886455be52246d48f15.txt,561cfc6ec65f54b0cecd3f2ebc224fb5414bfb286c68ec079945d72227dee093,pixel-extremes-v1,87f64e55aa7b63804c03badb8d3cf038c7f8a2bdff322bf6a983acd6697d72a0
7896183901165,b477226dfe140460c70906bd6702745d0151dff5d9d177a9f55eb1032e88d11e,477225f69c149bddc500aa3d8d9ff21e6d3c031b07e41a3e62caf1a2343fa768,0,val,images/val/b477226dfe140460c70906bd6702745d0151dff5d9d177a9f55eb1032e88d11e.jpg,labels/val/b477226dfe140460c70906bd6702745d0151dff5d9d177a9f55eb1032e88d11e.txt,477225f69c149bddc500aa3d8d9ff21e6d3c031b07e41a3e62caf1a2343fa768,pixel-extremes-v1,87f64e55aa7b63804c03badb8d3cf038c7f8a2bdff322bf6a983acd6697d72a0
7908320401893,b4c1c7fe7bde7191571b2f2baffd65f9d2701ee3be4db25f5496fe3a73534f0d,128819914122952359849a0e04ca4510f7302cbea77ff5b98745cf62a699c613,0,train,images/train/b4c1c7fe7bde7191571b2f2baffd65f9d2701ee3be4db25f5496fe3a73534f0d.jpg,labels/train/b4c1c7fe7bde7191571b2f2baffd65f9d2701ee3be4db25f5496fe3a73534f0d.txt,128819914122952359849a0e04ca4510f7302cbea77ff5b98745cf62a699c613,pixel-extremes-v1,87f64e55aa7b63804c03badb8d3cf038c7f8a2bdff322bf6a983acd6697d72a0
7773431000057,b4e3d0390803645442fcd660817fffd27d6aa667ddf6269785de73fc62570273,32677f0231086730934147c46e81902db7e92511ca8fa5eb9cafd9981d0480f6,0,train,images/train/b4e3d0390803645442fcd660817fffd27d6aa667ddf6269785de73fc62570273.jpg,labels/train/b4e3d0390803645442fcd660817fffd27d6aa667ddf6269785de73fc62570273.txt,32677f0231086730934147c46e81902db7e92511ca8fa5eb9cafd9981d0480f6,pixel-extremes-v1,87f64e55aa7b63804c03badb8d3cf038c7f8a2bdff322bf6a983acd6697d72a0
074108456427,b4f41caaf9e4ee9f7fd3586d3144fa69f96bc0f858f7c84c6acf951fffd699fe,a8b0d77fa85039752455cb8d1e21b60992e3e597cf4338f865b6f54183059802,0,train,images/train/b4f41caaf9e4ee9f7fd3586d3144fa69f96bc0f858f7c84c6acf951fffd699fe.jpg,labels/train/b4f41caaf9e4ee9f7fd3586d3144fa69f96bc0f858f7c84c6acf951fffd699fe.txt,a8b0d77fa85039752455cb8d1e21b60992e3e597cf4338f865b6f54183059802,pixel-extremes-v1,87f64e55aa7b63804c03badb8d3cf038c7f8a2bdff322bf6a983acd6697d72a0
7770109740024,b51000a6ac6662cf7d5c13b7ba80cdc113f4644c106e0884cb1f43c3ed0682d9,83e69ebc834b4ff217f4ffd4dd60bb9b213b7204903bd25d4aea0dc2b9bfa5d8,0,train,images/train/b51000a6ac6662cf7d5c13b7ba80cdc113f4644c106e0884cb1f43c3ed0682d9.jpg,labels/train/b51000a6ac6662cf7d5c13b7ba80cdc113f4644c106e0884cb1f43c3ed0682d9.txt,83e69ebc834b4ff217f4ffd4dd60bb9b213b7204903bd25d4aea0dc2b9bfa5d8,pixel-extremes-v1,87f64e55aa7b63804c03badb8d3cf038c7f8a2bdff322bf6a983acd6697d72a0
7772107000483,b52cf6101163576176ed983db8a700202ccc6467f6c7af31f763d6902c0a8c85,1affdac9078e678b6af1870d9abd677758db262b73183fb3668aa28d4ec284f6,0,test,images/test/b52cf6101163576176ed983db8a700202ccc6467f6c7af31f763d6902c0a8c85.jpg,labels/test/b52cf6101163576176ed983db8a700202ccc6467f6c7af31f763d6902c0a8c85.txt,1affdac9078e678b6af1870d9abd677758db262b73183fb3668aa28d4ec284f6,pixel-extremes-v1,87f64e55aa7b63804c03badb8d3cf038c7f8a2bdff322bf6a983acd6697d72a0
7774904460255,b56be84233197ca5b26ac82a8490267dc20e108495bcbbb4a99d780af2d81a9c,37a3feb97e398824d462455de1f99ffcdda2d83d64834b0d8e39566b53496e37,0,test,images/test/b56be84233197ca5b26ac82a8490267dc20e108495bcbbb4a99d780af2d81a9c.jpg,labels/test/b56be84233197ca5b26ac82a8490267dc20e108495bcbbb4a99d780af2d81a9c.txt,37a3feb97e398824d462455de1f99ffcdda2d83d64834b0d8e39566b53496e37,pixel-extremes-v1,87f64e55aa7b63804c03badb8d3cf038c7f8a2bdff322bf6a983acd6697d72a0
7509552961881,b590c3881d14f48afe54e464af949896c25ec3f597be2ed64844c7dbbca39e7d,4b09dddeda5fdc730eec0dc549a9d723da54bf72e9be00f43ce4e7674a536ac6,0,train,images/train/b590c3881d14f48afe54e464af949896c25ec3f597be2ed64844c7dbbca39e7d.jpg,labels/train/b590c3881d14f48afe54e464af949896c25ec3f597be2ed64844c7dbbca39e7d.txt,4b09dddeda5fdc730eec0dc549a9d723da54bf72e9be00f43ce4e7674a536ac6,pixel-extremes-v1,87f64e55aa7b63804c03badb8d3cf038c7f8a2bdff322bf6a983acd6697d72a0
7773435930367,b65a3adc55897effac5c04d876d4cdbc2ae64c48446ad164669970c44f894d29,6eba31f52cd9d44d222bc0ec1cb2c40747b05102cc59e1d570d443d87c3cfb96,0,val,images/val/b65a3adc55897effac5c04d876d4cdbc2ae64c48446ad164669970c44f894d29.jpg,labels/val/b65a3adc55897effac5c04d876d4cdbc2ae64c48446ad164669970c44f894d29.txt,6eba31f52cd9d44d222bc0ec1cb2c40747b05102cc59e1d570d443d87c3cfb96,pixel-extremes-v1,87f64e55aa7b63804c03badb8d3cf038c7f8a2bdff322bf6a983acd6697d72a0
7896058503098,b68d94cb3639fae56b2a6bd4d62c18ba708eade133f1c5af4c676207dbddd4cb,f5ccce6b58c81f2996a0df21c9f334ba41ad8864fe6a7c63a11d2fe03bebdde3,0,val,images/val/b68d94cb3639fae56b2a6bd4d62c18ba708eade133f1c5af4c676207dbddd4cb.jpg,labels/val/b68d94cb3639fae56b2a6bd4d62c18ba708eade133f1c5af4c676207dbddd4cb.txt,f5ccce6b58c81f2996a0df21c9f334ba41ad8864fe6a7c63a11d2fe03bebdde3,pixel-extremes-v1,87f64e55aa7b63804c03badb8d3cf038c7f8a2bdff322bf6a983acd6697d72a0
8410412607988,b7d77c7404d1d6065c7401d1636580f37c7a112fb72cf5578946712a4dd0eaf6,379c2cf5a96843a1bc549065bfcffb8382b72c6e851ba13acebabc32a76060e4,0,test,images/test/b7d77c7404d1d6065c7401d1636580f37c7a112fb72cf5578946712a4dd0eaf6.jpg,labels/test/b7d77c7404d1d6065c7401d1636580f37c7a112fb72cf5578946712a4dd0eaf6.txt,379c2cf5a96843a1bc549065bfcffb8382b72c6e851ba13acebabc32a76060e4,pixel-extremes-v1,87f64e55aa7b63804c03badb8d3cf038c7f8a2bdff322bf6a983acd6697d72a0
7774904460248,b7eb0e1ce3402221e611dd240af3185555a93730729d0f1a7531dc3a97fc7dcc,5041b2635344f67b83045255285abb0f12326b406f91e41478757e9e875168d3,0,val,images/val/b7eb0e1ce3402221e611dd240af3185555a93730729d0f1a7531dc3a97fc7dcc.jpg,labels/val/b7eb0e1ce3402221e611dd240af3185555a93730729d0f1a7531dc3a97fc7dcc.txt,5041b2635344f67b83045255285abb0f12326b406f91e41478757e9e875168d3,pixel-extremes-v1,87f64e55aa7b63804c03badb8d3cf038c7f8a2bdff322bf6a983acd6697d72a0
309979632329,b8163c8145ea302027fc8e5cb13d56ae6711f7817cbfbc4a79ce0f848cf78f21,e9ca534e3d866d62d94930d11c5314a609cdb6de3861184d252430976a138dd9,0,train,images/train/b8163c8145ea302027fc8e5cb13d56ae6711f7817cbfbc4a79ce0f848cf78f21.jpg,labels/train/b8163c8145ea302027fc8e5cb13d56ae6711f7817cbfbc4a79ce0f848cf78f21.txt,e9ca534e3d866d62d94930d11c5314a609cdb6de3861184d252430976a138dd9,pixel-extremes-v1,87f64e55aa7b63804c03badb8d3cf038c7f8a2bdff322bf6a983acd6697d72a0
7770017980017,b83e13098567154b312cbde303d65631c17a5c65584275f1e168defc84fe2f30,7c46fe8ee48bbf5573fba9dc428e421b59e64e45e796a81a1a63f98683736ec7,0,train,images/train/b83e13098567154b312cbde303d65631c17a5c65584275f1e168defc84fe2f30.jpg,labels/train/b83e13098567154b312cbde303d65631c17a5c65584275f1e168defc84fe2f30.txt,7c46fe8ee48bbf5573fba9dc428e421b59e64e45e796a81a1a63f98683736ec7,pixel-extremes-v1,87f64e55aa7b63804c03badb8d3cf038c7f8a2bdff322bf6a983acd6697d72a0
9001061,b940782852c511ac3c8a086e0dddcc7ca9c27c693fbca48cdd5f928f3990f142,e20250e0637bde81a786daa0a924281b9948df66d8faf474fb5570f7518a498a,0,train,images/train/b940782852c511ac3c8a086e0dddcc7ca9c27c693fbca48cdd5f928f3990f142.jpg,labels/train/b940782852c511ac3c8a086e0dddcc7ca9c27c693fbca48cdd5f928f3990f142.txt,e20250e0637bde81a786daa0a924281b9948df66d8faf474fb5570f7518a498a,pixel-extremes-v1,87f64e55aa7b63804c03badb8d3cf038c7f8a2bdff322bf6a983acd6697d72a0
7771228000990,b94849e86f5e805eb5f6dd181ba8351c46025faee16408f393967832be64f431,68c46994ee40b55349648a038f6917537a409bd319762d597034662837be1b80,0,val,images/val/b94849e86f5e805eb5f6dd181ba8351c46025faee16408f393967832be64f431.jpg,labels/val/b94849e86f5e805eb5f6dd181ba8351c46025faee16408f393967832be64f431.txt,68c46994ee40b55349648a038f6917537a409bd319762d597034662837be1b80,pixel-extremes-v1,87f64e55aa7b63804c03badb8d3cf038c7f8a2bdff322bf6a983acd6697d72a0
8809686120338,b9cff55fe4c898931643f78e4e94bea94ca8e7f20290baeab376b3e14834462f,0299d40d4d430b50da28aa46f344c9909db5407c53a19fd94b2b5d9d2f2b47ff,0,val,images/val/b9cff55fe4c898931643f78e4e94bea94ca8e7f20290baeab376b3e14834462f.jpg,labels/val/b9cff55fe4c898931643f78e4e94bea94ca8e7f20290baeab376b3e14834462f.txt,0299d40d4d430b50da28aa46f344c9909db5407c53a19fd94b2b5d9d2f2b47ff,pixel-extremes-v1,87f64e55aa7b63804c03badb8d3cf038c7f8a2bdff322bf6a983acd6697d72a0
7773800001463,b9dd70b04f40fa9bedea7453070f6a63713df6e5e246d6dde9ccb89ab46bef69,11645e5a1eee4f79f873ad9cc5d767aeae330cd4382f3eee733148bea732329f,0,test,images/test/b9dd70b04f40fa9bedea7453070f6a63713df6e5e246d6dde9ccb89ab46bef69.jpg,labels/test/b9dd70b04f40fa9bedea7453070f6a63713df6e5e246d6dde9ccb89ab46bef69.txt,11645e5a1eee4f79f873ad9cc5d767aeae330cd4382f3eee733148bea732329f,pixel-extremes-v1,87f64e55aa7b63804c03badb8d3cf038c7f8a2bdff322bf6a983acd6697d72a0
1200185065958,ba039dc68b8051eace0ed5164da399620f56c8a07c691aa503ac624115e1364f,3cb96d0cf497f330b0de0ca343a9ca5efb893a4dd3f9023d82e09bf8105613d7,0,train,images/train/ba039dc68b8051eace0ed5164da399620f56c8a07c691aa503ac624115e1364f.jpg,labels/train/ba039dc68b8051eace0ed5164da399620f56c8a07c691aa503ac624115e1364f.txt,3cb96d0cf497f330b0de0ca343a9ca5efb893a4dd3f9023d82e09bf8105613d7,pixel-extremes-v1,87f64e55aa7b63804c03badb8d3cf038c7f8a2bdff322bf6a983acd6697d72a0
7896451912909,bbc3278f4ff4c0d3489cb07ffc742e7b572ea2e96701920d781329597cbbb28e,0c86bd5280fa75aa5708105a9a8d34e9a695b4bac2839023d2ba8f64610c8879,0,test,images/test/bbc3278f4ff4c0d3489cb07ffc742e7b572ea2e96701920d781329597cbbb28e.jpg,labels/test/bbc3278f4ff4c0d3489cb07ffc742e7b572ea2e96701920d781329597cbbb28e.txt,0c86bd5280fa75aa5708105a9a8d34e9a695b4bac2839023d2ba8f64610c8879,pixel-extremes-v1,87f64e55aa7b63804c03badb8d3cf038c7f8a2bdff322bf6a983acd6697d72a0
7898080665782,bc01a93db5fedba3df2d89881655b04998370b115fc0d2cf93ce1761da1b6e1d,3f429cdbf66fc5c24653ce62742f960743e4bad4d26d51d0b6868fc6bf7b51f6,0,train,images/train/bc01a93db5fedba3df2d89881655b04998370b115fc0d2cf93ce1761da1b6e1d.jpg,labels/train/bc01a93db5fedba3df2d89881655b04998370b115fc0d2cf93ce1761da1b6e1d.txt,3f429cdbf66fc5c24653ce62742f960743e4bad4d26d51d0b6868fc6bf7b51f6,pixel-extremes-v1,87f64e55aa7b63804c03badb8d3cf038c7f8a2bdff322bf6a983acd6697d72a0
6941696108493,bc0f31d00f29dad3b323a27aaf602ccf0b9939f4ec7462bd1aa8060cebaa8f50,49f208cc2863bc5c7af3e3e78c5985a0aa0ee328ce7f487f5821c9d7e61919d5,0,test,images/test/bc0f31d00f29dad3b323a27aaf602ccf0b9939f4ec7462bd1aa8060cebaa8f50.jpg,labels/test/bc0f31d00f29dad3b323a27aaf602ccf0b9939f4ec7462bd1aa8060cebaa8f50.txt,49f208cc2863bc5c7af3e3e78c5985a0aa0ee328ce7f487f5821c9d7e61919d5,pixel-extremes-v1,87f64e55aa7b63804c03badb8d3cf038c7f8a2bdff322bf6a983acd6697d72a0
7750243086417,bc536cff54531a22693def9fc4b2d5275cfcf35f4594d21bee2d955698597c04,cf540f0aeddb679850b7a7764100fbdb8836b48a302a966e551593148541253a,0,train,images/train/bc536cff54531a22693def9fc4b2d5275cfcf35f4594d21bee2d955698597c04.jpg,labels/train/bc536cff54531a22693def9fc4b2d5275cfcf35f4594d21bee2d955698597c04.txt,cf540f0aeddb679850b7a7764100fbdb8836b48a302a966e551593148541253a,pixel-extremes-v1,87f64e55aa7b63804c03badb8d3cf038c7f8a2bdff322bf6a983acd6697d72a0
7773980250033,bc94d598b87fc5dc81e26dd6ec0358d5f55db5252879733625b4b5feb59351e6,66d683b8d7939df846c371a424d78e7232bfc9733b477905139700615355de5f,0,train,images/train/bc94d598b87fc5dc81e26dd6ec0358d5f55db5252879733625b4b5feb59351e6.jpg,labels/train/bc94d598b87fc5dc81e26dd6ec0358d5f55db5252879733625b4b5feb59351e6.txt,66d683b8d7939df846c371a424d78e7232bfc9733b477905139700615355de5f,pixel-extremes-v1,87f64e55aa7b63804c03badb8d3cf038c7f8a2bdff322bf6a983acd6697d72a0
7899808896082,bd28984ee3a3d7227681b591af4ef043b6fb92e9698b13672b8d707c8f1020dc,faf57fc5c02c28a0e3695e424f63b38eb51edbf6ec68a6270cadc10e6cf01897,0,train,images/train/bd28984ee3a3d7227681b591af4ef043b6fb92e9698b13672b8d707c8f1020dc.jpg,labels/train/bd28984ee3a3d7227681b591af4ef043b6fb92e9698b13672b8d707c8f1020dc.txt,faf57fc5c02c28a0e3695e424f63b38eb51edbf6ec68a6270cadc10e6cf01897,pixel-extremes-v1,87f64e55aa7b63804c03badb8d3cf038c7f8a2bdff322bf6a983acd6697d72a0
048107252793,bdcbc42b2e15d14698d0a6bd181758a5dbd9e8aac7c6b1c4ae3646e8cef6936a,839f8845f4173ee13080c83788b8d0ac9b0bd1c184af375a3100f6d22e7765ad,0,train,images/train/bdcbc42b2e15d14698d0a6bd181758a5dbd9e8aac7c6b1c4ae3646e8cef6936a.jpg,labels/train/bdcbc42b2e15d14698d0a6bd181758a5dbd9e8aac7c6b1c4ae3646e8cef6936a.txt,839f8845f4173ee13080c83788b8d0ac9b0bd1c184af375a3100f6d22e7765ad,pixel-extremes-v1,87f64e55aa7b63804c03badb8d3cf038c7f8a2bdff322bf6a983acd6697d72a0
7896902286788,be2197047c9a7ac33b242059cfc070f3ae3462794fdabe3ef5fefcef81d9e524,56e843877ab2564ecd20a4eadad245a71b26207f3844903c645b36d2026ed86f,0,train,images/train/be2197047c9a7ac33b242059cfc070f3ae3462794fdabe3ef5fefcef81d9e524.jpg,labels/train/be2197047c9a7ac33b242059cfc070f3ae3462794fdabe3ef5fefcef81d9e524.txt,56e843877ab2564ecd20a4eadad245a71b26207f3844903c645b36d2026ed86f,pixel-extremes-v1,87f64e55aa7b63804c03badb8d3cf038c7f8a2bdff322bf6a983acd6697d72a0
7896037918615,bed8e3c848d77f5bdceb912da68fea6dcc837ec3948fc3b1b2bab75e242a494f,bca699d225ec06182dcc6b5cc53dcc167c4554a7570ca4aede4bd6c77a471f90,0,train,images/train/bed8e3c848d77f5bdceb912da68fea6dcc837ec3948fc3b1b2bab75e242a494f.jpg,labels/train/bed8e3c848d77f5bdceb912da68fea6dcc837ec3948fc3b1b2bab75e242a494f.txt,bca699d225ec06182dcc6b5cc53dcc167c4554a7570ca4aede4bd6c77a471f90,pixel-extremes-v1,87f64e55aa7b63804c03badb8d3cf038c7f8a2bdff322bf6a983acd6697d72a0
7771260760074,bf4e76a094f4c91f9ffed7bc35b7c36d75f5b12b58d40dd0de287a0db59274e7,d3d9c42107d25ebdcde96b36f966a075b5d12ba6eba914eba2f3688debb4d56a,0,train,images/train/bf4e76a094f4c91f9ffed7bc35b7c36d75f5b12b58d40dd0de287a0db59274e7.jpg,labels/train/bf4e76a094f4c91f9ffed7bc35b7c36d75f5b12b58d40dd0de287a0db59274e7.txt,d3d9c42107d25ebdcde96b36f966a075b5d12ba6eba914eba2f3688debb4d56a,pixel-extremes-v1,87f64e55aa7b63804c03badb8d3cf038c7f8a2bdff322bf6a983acd6697d72a0
074108479341,bffef57c27b47b12f28d9133977662a4148e6dc887941bd7a6db79ba3d0ba822,271a61abce00ddf7715d7ef286c94c6f8994cf419f5ad30fa0b36a03abca7ff5,0,train,images/train/bffef57c27b47b12f28d9133977662a4148e6dc887941bd7a6db79ba3d0ba822.jpg,labels/train/bffef57c27b47b12f28d9133977662a4148e6dc887941bd7a6db79ba3d0ba822.txt,271a61abce00ddf7715d7ef286c94c6f8994cf419f5ad30fa0b36a03abca7ff5,pixel-extremes-v1,87f64e55aa7b63804c03badb8d3cf038c7f8a2bdff322bf6a983acd6697d72a0
3501117,c0314ea2b5d94a76dd47b9b1b1ba9b0c95b52783f7bafe5f92780235b7fc3774,06b9e9678c13fff72ac7e6f6ecaaf4ffa28f5d451bd3b4391fced7884409a1ef,0,train,images/train/c0314ea2b5d94a76dd47b9b1b1ba9b0c95b52783f7bafe5f92780235b7fc3774.jpg,labels/train/c0314ea2b5d94a76dd47b9b1b1ba9b0c95b52783f7bafe5f92780235b7fc3774.txt,06b9e9678c13fff72ac7e6f6ecaaf4ffa28f5d451bd3b4391fced7884409a1ef,pixel-extremes-v1,87f64e55aa7b63804c03badb8d3cf038c7f8a2bdff322bf6a983acd6697d72a0
7896451908803,c098594f9c9652b63cd638371f4188b336ec0e4cf0df3eadaeaf05079b060517,d99da36e048de124c2fb6bf9f5b5cd0ba136875e7f29d82769013180563514d6,0,train,images/train/c098594f9c9652b63cd638371f4188b336ec0e4cf0df3eadaeaf05079b060517.jpg,labels/train/c098594f9c9652b63cd638371f4188b336ec0e4cf0df3eadaeaf05079b060517.txt,d99da36e048de124c2fb6bf9f5b5cd0ba136875e7f29d82769013180563514d6,pixel-extremes-v1,87f64e55aa7b63804c03badb8d3cf038c7f8a2bdff322bf6a983acd6697d72a0
7773400003836,c0ef217e159ae0d8592ab42984211c730336beabe1525ef843ee6c6aceac2058,7a28321e2279976d2dd72ef6e05a577e6490994871707a7b8be4982e5324c1cf,0,train,images/train/c0ef217e159ae0d8592ab42984211c730336beabe1525ef843ee6c6aceac2058.jpg,labels/train/c0ef217e159ae0d8592ab42984211c730336beabe1525ef843ee6c6aceac2058.txt,7a28321e2279976d2dd72ef6e05a577e6490994871707a7b8be4982e5324c1cf,pixel-extremes-v1,87f64e55aa7b63804c03badb8d3cf038c7f8a2bdff322bf6a983acd6697d72a0
7792070053927,c0fa28678bcbecb6881762f1f4c1d4b202febfe76f8dfca18f80363e890332a2,6fb9e668323c079ae31d63ae692af60175ebaedf7984f832d22e0557c23f897f,0,train,images/train/c0fa28678bcbecb6881762f1f4c1d4b202febfe76f8dfca18f80363e890332a2.jpg,labels/train/c0fa28678bcbecb6881762f1f4c1d4b202febfe76f8dfca18f80363e890332a2.txt,6fb9e668323c079ae31d63ae692af60175ebaedf7984f832d22e0557c23f897f,pixel-extremes-v1,87f64e55aa7b63804c03badb8d3cf038c7f8a2bdff322bf6a983acd6697d72a0
7773401007833,c1a9a1774a65fd916cb86bf2da2bcb60840a361af1c64542a0c4ecfcf30fd92e,44ba76b5fc0f0ce84e455cf3ade38669d1649ce5c72bfd967c670d698ba5fe7b,0,train,images/train/c1a9a1774a65fd916cb86bf2da2bcb60840a361af1c64542a0c4ecfcf30fd92e.jpg,labels/train/c1a9a1774a65fd916cb86bf2da2bcb60840a361af1c64542a0c4ecfcf30fd92e.txt,44ba76b5fc0f0ce84e455cf3ade38669d1649ce5c72bfd967c670d698ba5fe7b,pixel-extremes-v1,87f64e55aa7b63804c03badb8d3cf038c7f8a2bdff322bf6a983acd6697d72a0
7791293049472,c1b640dbd781c5901c385ab0f18e26deccff4ac2cef70b5313ca985aad797549,692a033309bed45d38389f067cd93d3d09237691718dc7cd2e534cb32d8f1827,0,train,images/train/c1b640dbd781c5901c385ab0f18e26deccff4ac2cef70b5313ca985aad797549.jpg,labels/train/c1b640dbd781c5901c385ab0f18e26deccff4ac2cef70b5313ca985aad797549.txt,692a033309bed45d38389f067cd93d3d09237691718dc7cd2e534cb32d8f1827,pixel-extremes-v1,87f64e55aa7b63804c03badb8d3cf038c7f8a2bdff322bf6a983acd6697d72a0
7896902289499,c1f9017fdfe49c2ff1e4ba75f8abf0e542adc5e7194b150da4c6ef2403385dfc,8dce0e99fad266ebb01c47cbec6c5e2ddc186d868a2bd4ef50dde9290961ee61,0,val,images/val/c1f9017fdfe49c2ff1e4ba75f8abf0e542adc5e7194b150da4c6ef2403385dfc.jpg,labels/val/c1f9017fdfe49c2ff1e4ba75f8abf0e542adc5e7194b150da4c6ef2403385dfc.txt,8dce0e99fad266ebb01c47cbec6c5e2ddc186d868a2bd4ef50dde9290961ee61,pixel-extremes-v1,87f64e55aa7b63804c03badb8d3cf038c7f8a2bdff322bf6a983acd6697d72a0
7899808802830,c2a1398f8316a6f5692da8e4c70c5ecaf53e085b0869c3d5b88b30654c9af464,973dff7611e88ef4113f902bf42b25ddd03a3db51db4f6dcc3b4d759161aa5f9,0,train,images/train/c2a1398f8316a6f5692da8e4c70c5ecaf53e085b0869c3d5b88b30654c9af464.jpg,labels/train/c2a1398f8316a6f5692da8e4c70c5ecaf53e085b0869c3d5b88b30654c9af464.txt,973dff7611e88ef4113f902bf42b25ddd03a3db51db4f6dcc3b4d759161aa5f9,pixel-extremes-v1,87f64e55aa7b63804c03badb8d3cf038c7f8a2bdff322bf6a983acd6697d72a0
7500435213882,c2af62e0d482490f6449d0b0d484839c9cbc8e52e66ad96033606e31f08592ed,2ab10db4904dd1c7d6644bed042eb8435f68cb1f30a6677fa88821d90db77f3f,0,train,images/train/c2af62e0d482490f6449d0b0d484839c9cbc8e52e66ad96033606e31f08592ed.jpg,labels/train/c2af62e0d482490f6449d0b0d484839c9cbc8e52e66ad96033606e31f08592ed.txt,2ab10db4904dd1c7d6644bed042eb8435f68cb1f30a6677fa88821d90db77f3f,pixel-extremes-v1,87f64e55aa7b63804c03badb8d3cf038c7f8a2bdff322bf6a983acd6697d72a0
7896902289574,c35949eda84b3071d005dcc9a35c92ba8b74ac13cf64b0db0b4a7b603c245c12,d6eff46306368568257f10d1501d2b3e983e717d2dbe12eda64b5f8c64198a09,0,val,images/val/c35949eda84b3071d005dcc9a35c92ba8b74ac13cf64b0db0b4a7b603c245c12.jpg,labels/val/c35949eda84b3071d005dcc9a35c92ba8b74ac13cf64b0db0b4a7b603c245c12.txt,d6eff46306368568257f10d1501d2b3e983e717d2dbe12eda64b5f8c64198a09,pixel-extremes-v1,87f64e55aa7b63804c03badb8d3cf038c7f8a2bdff322bf6a983acd6697d72a0
7791274201646,c36f89885ea5e459c75deb6ab698e76d00258811895eb58e39c4f01369ce5365,c7f0d69dda4e09d36db60bdd34706ed90632da286742e5a616e4afe150c8fe8d,0,test,images/test/c36f89885ea5e459c75deb6ab698e76d00258811895eb58e39c4f01369ce5365.jpg,labels/test/c36f89885ea5e459c75deb6ab698e76d00258811895eb58e39c4f01369ce5365.txt,c7f0d69dda4e09d36db60bdd34706ed90632da286742e5a616e4afe150c8fe8d,pixel-extremes-v1,87f64e55aa7b63804c03badb8d3cf038c7f8a2bdff322bf6a983acd6697d72a0
8901030971839,c3aeecb611e32ed5fbb42fdde8ebfea3ebfaf3963413738159c1b2e86f7c71bd,ad0a0efb0693f21f54cab8f0931baa6fa9b2ec8d8c0d20f219f01e1a34018d40,0,val,images/val/c3aeecb611e32ed5fbb42fdde8ebfea3ebfaf3963413738159c1b2e86f7c71bd.jpg,labels/val/c3aeecb611e32ed5fbb42fdde8ebfea3ebfaf3963413738159c1b2e86f7c71bd.txt,ad0a0efb0693f21f54cab8f0931baa6fa9b2ec8d8c0d20f219f01e1a34018d40,pixel-extremes-v1,87f64e55aa7b63804c03badb8d3cf038c7f8a2bdff322bf6a983acd6697d72a0
7770109740154,c3b4a2a8e0c91b3043efd14048ef929203578e3c58ef2dbbc65077cf5c430c2a,60826d7eb3cace2214965ae99b36ad202bae3ffc1fdd84c37361827c3b739e68,0,train,images/train/c3b4a2a8e0c91b3043efd14048ef929203578e3c58ef2dbbc65077cf5c430c2a.jpg,labels/train/c3b4a2a8e0c91b3043efd14048ef929203578e3c58ef2dbbc65077cf5c430c2a.txt,60826d7eb3cace2214965ae99b36ad202bae3ffc1fdd84c37361827c3b739e68,pixel-extremes-v1,87f64e55aa7b63804c03badb8d3cf038c7f8a2bdff322bf6a983acd6697d72a0
75083120,c4209ba1edcc43eeca8543ba6dfa9323be8f2d11af5d1e607b3e950e2c9cc845,eff84e4d2ffac1ea691db13fc722662577efa29752ac18bb87e6d2b27ddd0f30,0,test,images/test/c4209ba1edcc43eeca8543ba6dfa9323be8f2d11af5d1e607b3e950e2c9cc845.jpg,labels/test/c4209ba1edcc43eeca8543ba6dfa9323be8f2d11af5d1e607b3e950e2c9cc845.txt,eff84e4d2ffac1ea691db13fc722662577efa29752ac18bb87e6d2b27ddd0f30,pixel-extremes-v1,87f64e55aa7b63804c03badb8d3cf038c7f8a2bdff322bf6a983acd6697d72a0
7779604240039,c4434a64da1d093d29af351da7e13cb1b239b804caf325c87dc4fac38dee04dd,91c8c457f7d5d9f4cc63aba76e4d69a31f19016a9b0c787ce92fca55da540dd3,0,train,images/train/c4434a64da1d093d29af351da7e13cb1b239b804caf325c87dc4fac38dee04dd.jpg,labels/train/c4434a64da1d093d29af351da7e13cb1b239b804caf325c87dc4fac38dee04dd.txt,91c8c457f7d5d9f4cc63aba76e4d69a31f19016a9b0c787ce92fca55da540dd3,pixel-extremes-v1,87f64e55aa7b63804c03badb8d3cf038c7f8a2bdff322bf6a983acd6697d72a0
7898142866928,c67e5a43f2f4515b74772fb2ae0baa8f76257e560bdffd80e640abb66be8bfd4,8c5c3a50fa97be8c1e42b0dc8cf87c1bb6e65a9e358aac01869416231e4e73fe,0,train,images/train/c67e5a43f2f4515b74772fb2ae0baa8f76257e560bdffd80e640abb66be8bfd4.jpg,labels/train/c67e5a43f2f4515b74772fb2ae0baa8f76257e560bdffd80e640abb66be8bfd4.txt,8c5c3a50fa97be8c1e42b0dc8cf87c1bb6e65a9e358aac01869416231e4e73fe,pixel-extremes-v1,87f64e55aa7b63804c03badb8d3cf038c7f8a2bdff322bf6a983acd6697d72a0
7773431000064,c71fd7f278c15ab0e80c502c7b8b649bf8857d0da11d98a5b85d2e9018788a91,59e3b23bff8f95fc00698608fc41fbec2f3883a9f313a47d3558b65be78e2d68,0,train,images/train/c71fd7f278c15ab0e80c502c7b8b649bf8857d0da11d98a5b85d2e9018788a91.jpg,labels/train/c71fd7f278c15ab0e80c502c7b8b649bf8857d0da11d98a5b85d2e9018788a91.txt,59e3b23bff8f95fc00698608fc41fbec2f3883a9f313a47d3558b65be78e2d68,pixel-extremes-v1,87f64e55aa7b63804c03badb8d3cf038c7f8a2bdff322bf6a983acd6697d72a0
309971879357,c769eb146f986763e46eba885a441ebc6e96f1c328f3ad346f7aad263fbc53c2,4948a70c3514e92970049b3623af1b647833867263850fec99e1f01ca2aceed5,0,train,images/train/c769eb146f986763e46eba885a441ebc6e96f1c328f3ad346f7aad263fbc53c2.jpg,labels/train/c769eb146f986763e46eba885a441ebc6e96f1c328f3ad346f7aad263fbc53c2.txt,4948a70c3514e92970049b3623af1b647833867263850fec99e1f01ca2aceed5,pixel-extremes-v1,87f64e55aa7b63804c03badb8d3cf038c7f8a2bdff322bf6a983acd6697d72a0
7506306255449,c804d2f02fd50c76e308e3eb3b9b8c65b004c50eaf442367b6e16d6bc0acec63,ed5546fb512c9ed578a30ff0c74462f8e4617882bd8e95aa37628182eb77420f,0,train,images/train/c804d2f02fd50c76e308e3eb3b9b8c65b004c50eaf442367b6e16d6bc0acec63.jpg,labels/train/c804d2f02fd50c76e308e3eb3b9b8c65b004c50eaf442367b6e16d6bc0acec63.txt,ed5546fb512c9ed578a30ff0c74462f8e4617882bd8e95aa37628182eb77420f,pixel-extremes-v1,87f64e55aa7b63804c03badb8d3cf038c7f8a2bdff322bf6a983acd6697d72a0
7772919390451,c8e54a749fbbdac1dac63f87428bf7ca9e965a798c3a056988f0faea2e15db47,b61772912a5f054c6a9b6f284b44ee5334afeb755697a0e7f7698fc9cf3efafd,0,val,images/val/c8e54a749fbbdac1dac63f87428bf7ca9e965a798c3a056988f0faea2e15db47.jpg,labels/val/c8e54a749fbbdac1dac63f87428bf7ca9e965a798c3a056988f0faea2e15db47.txt,b61772912a5f054c6a9b6f284b44ee5334afeb755697a0e7f7698fc9cf3efafd,pixel-extremes-v1,87f64e55aa7b63804c03badb8d3cf038c7f8a2bdff322bf6a983acd6697d72a0
8901030515545,c8f6dd43e1030b2956f6303462a4b2bf9d60260423250f7224ac3a95e687b064,5e7ab941805654cea072fc8d625da06a120b78a8925406eae7563c3463fc705b,0,train,images/train/c8f6dd43e1030b2956f6303462a4b2bf9d60260423250f7224ac3a95e687b064.jpg,labels/train/c8f6dd43e1030b2956f6303462a4b2bf9d60260423250f7224ac3a95e687b064.txt,5e7ab941805654cea072fc8d625da06a120b78a8925406eae7563c3463fc705b,pixel-extremes-v1,87f64e55aa7b63804c03badb8d3cf038c7f8a2bdff322bf6a983acd6697d72a0
7770109841295,caf15558704afa8ddc212eb8a503738287ba739ea7d327dd4e82430028456b88,25da20d296ca71c91f14bab88bb7878a0a1b84112fea551f66530d3f8266c88b,0,train,images/train/caf15558704afa8ddc212eb8a503738287ba739ea7d327dd4e82430028456b88.jpg,labels/train/caf15558704afa8ddc212eb8a503738287ba739ea7d327dd4e82430028456b88.txt,25da20d296ca71c91f14bab88bb7878a0a1b84112fea551f66530d3f8266c88b,pixel-extremes-v1,87f64e55aa7b63804c03badb8d3cf038c7f8a2bdff322bf6a983acd6697d72a0
7770109740062,ccdbfa7f269d982afccd171a66bca1ed0b7e122891dad247490834847aef1167,d75dc8efd2b9f1eb1c37fcf17699eb891e8b6946666ab8829f30e47c6da03cc8,0,train,images/train/ccdbfa7f269d982afccd171a66bca1ed0b7e122891dad247490834847aef1167.jpg,labels/train/ccdbfa7f269d982afccd171a66bca1ed0b7e122891dad247490834847aef1167.txt,d75dc8efd2b9f1eb1c37fcf17699eb891e8b6946666ab8829f30e47c6da03cc8,pixel-extremes-v1,87f64e55aa7b63804c03badb8d3cf038c7f8a2bdff322bf6a983acd6697d72a0
07790010003179,cd08c42c103623b4cf19c489dae8ea87a19fdea3935db7145c3c7bedb85dc20f,56449646d94cb2ebf99298d70b3b7ea7a4aeff916445fc64ced0cdd3896654f5,0,train,images/train/cd08c42c103623b4cf19c489dae8ea87a19fdea3935db7145c3c7bedb85dc20f.jpg,labels/train/cd08c42c103623b4cf19c489dae8ea87a19fdea3935db7145c3c7bedb85dc20f.txt,56449646d94cb2ebf99298d70b3b7ea7a4aeff916445fc64ced0cdd3896654f5,pixel-extremes-v1,87f64e55aa7b63804c03badb8d3cf038c7f8a2bdff322bf6a983acd6697d72a0
7702026162313,cd0b5aab0ce5ec1d45ad9af5e8ae76cc8eecb96506b47b7c42f8e8098a35f541,2a51ba91d54b745b9525b3239e0ee0308f3432cf19139d632d922af92e9f582d,0,train,images/train/cd0b5aab0ce5ec1d45ad9af5e8ae76cc8eecb96506b47b7c42f8e8098a35f541.jpg,labels/train/cd0b5aab0ce5ec1d45ad9af5e8ae76cc8eecb96506b47b7c42f8e8098a35f541.txt,2a51ba91d54b745b9525b3239e0ee0308f3432cf19139d632d922af92e9f582d,pixel-extremes-v1,87f64e55aa7b63804c03badb8d3cf038c7f8a2bdff322bf6a983acd6697d72a0
7896451908681,cd16bb3b34621e14e2202542507d2d9e85012dc52667d8fe90c71c983e59694b,6b2604512920c19811ae2522ebd72077f3bd6c150e7e78536243f4cf5a736186,0,test,images/test/cd16bb3b34621e14e2202542507d2d9e85012dc52667d8fe90c71c983e59694b.jpg,labels/test/cd16bb3b34621e14e2202542507d2d9e85012dc52667d8fe90c71c983e59694b.txt,6b2604512920c19811ae2522ebd72077f3bd6c150e7e78536243f4cf5a736186,pixel-extremes-v1,87f64e55aa7b63804c03badb8d3cf038c7f8a2bdff322bf6a983acd6697d72a0
7792070002185,cdd74b38645132cdd4de06f8e414ffec9898e206037f24ffcfc1cb48cd159842,e163c69730d86fd7574be67c37307260c88a589f806fde595f29b77fbf2669f9,0,train,images/train/cdd74b38645132cdd4de06f8e414ffec9898e206037f24ffcfc1cb48cd159842.jpg,labels/train/cdd74b38645132cdd4de06f8e414ffec9898e206037f24ffcfc1cb48cd159842.txt,e163c69730d86fd7574be67c37307260c88a589f806fde595f29b77fbf2669f9,pixel-extremes-v1,87f64e55aa7b63804c03badb8d3cf038c7f8a2bdff322bf6a983acd6697d72a0
7896902289598,ce79806a46447c48251f093d0172908d5308ba481f7bd72c846325dd0b3c752f,6d1981fad62ea74e991eb7fd6205a5ca1f8acb05c0969493635f98aa885664f8,0,test,images/test/ce79806a46447c48251f093d0172908d5308ba481f7bd72c846325dd0b3c752f.jpg,labels/test/ce79806a46447c48251f093d0172908d5308ba481f7bd72c846325dd0b3c752f.txt,6d1981fad62ea74e991eb7fd6205a5ca1f8acb05c0969493635f98aa885664f8,pixel-extremes-v1,87f64e55aa7b63804c03badb8d3cf038c7f8a2bdff322bf6a983acd6697d72a0
7509552961782,ceaa02bae9cc3e02bbd8f975a58b4846ff5dbff850f1bca68fbf1b0417af16e9,c30dd0d5c8a5345991d2818951d350a9d1e336b03216d6b7fe4e290c61cd4fd8,0,train,images/train/ceaa02bae9cc3e02bbd8f975a58b4846ff5dbff850f1bca68fbf1b0417af16e9.jpg,labels/train/ceaa02bae9cc3e02bbd8f975a58b4846ff5dbff850f1bca68fbf1b0417af16e9.txt,c30dd0d5c8a5345991d2818951d350a9d1e336b03216d6b7fe4e290c61cd4fd8,pixel-extremes-v1,87f64e55aa7b63804c03badb8d3cf038c7f8a2bdff322bf6a983acd6697d72a0
7896115702679,ceab46fdda7612cd02c10e9f39e8202afa99f6d5b79677590394fb733f94c2b1,918c1c729e51c90a8867252de3ea1eabe949769a5995308460fc119c23cb39f3,0,train,images/train/ceab46fdda7612cd02c10e9f39e8202afa99f6d5b79677590394fb733f94c2b1.jpg,labels/train/ceab46fdda7612cd02c10e9f39e8202afa99f6d5b79677590394fb733f94c2b1.txt,918c1c729e51c90a8867252de3ea1eabe949769a5995308460fc119c23cb39f3,pixel-extremes-v1,87f64e55aa7b63804c03badb8d3cf038c7f8a2bdff322bf6a983acd6697d72a0
7772314690088,cfbff57ee4cb33f5bf7c1daef4c1ee82fb6a67dddcc6808ddb73ae48137a0b0d,d5e15ceace1f8da6ec5d4d290d1ff94539a19b35f86f3fd1a277ab889a20dd1c,0,train,images/train/cfbff57ee4cb33f5bf7c1daef4c1ee82fb6a67dddcc6808ddb73ae48137a0b0d.jpg,labels/train/cfbff57ee4cb33f5bf7c1daef4c1ee82fb6a67dddcc6808ddb73ae48137a0b0d.txt,d5e15ceace1f8da6ec5d4d290d1ff94539a19b35f86f3fd1a277ab889a20dd1c,pixel-extremes-v1,87f64e55aa7b63804c03badb8d3cf038c7f8a2bdff322bf6a983acd6697d72a0
7774110000016,cfd278cf9b827c216bcf4f8ca0bb22f3a597dc1c927759774ddc5b7843ad7f3c,e3aeefa7e6e0e204a7ef8a74353e91e624ffb2ae5b7d94978e7436879eb32f4a,0,train,images/train/cfd278cf9b827c216bcf4f8ca0bb22f3a597dc1c927759774ddc5b7843ad7f3c.jpg,labels/train/cfd278cf9b827c216bcf4f8ca0bb22f3a597dc1c927759774ddc5b7843ad7f3c.txt,e3aeefa7e6e0e204a7ef8a74353e91e624ffb2ae5b7d94978e7436879eb32f4a,pixel-extremes-v1,87f64e55aa7b63804c03badb8d3cf038c7f8a2bdff322bf6a983acd6697d72a0
7509552992304,d06d98085d5bee3db021ffac7fab27dc982d38950721a43c81bf9d2a2cf35a55,f8f467fbe2c195d5788b072e9d2b1e5d727dcff181f36a6f9601ce13a0e0cb81,0,test,images/test/d06d98085d5bee3db021ffac7fab27dc982d38950721a43c81bf9d2a2cf35a55.jpg,labels/test/d06d98085d5bee3db021ffac7fab27dc982d38950721a43c81bf9d2a2cf35a55.txt,f8f467fbe2c195d5788b072e9d2b1e5d727dcff181f36a6f9601ce13a0e0cb81,pixel-extremes-v1,87f64e55aa7b63804c03badb8d3cf038c7f8a2bdff322bf6a983acd6697d72a0
8901023025181,d09e5abcbd662646b2b2441f05b4fe10adf8171b9e0f9ebf25ee2218c431e189,56e22312aeb97be0dec40b2494a4159948c73b163d4310d87d9f4abbe3d86d15,0,train,images/train/d09e5abcbd662646b2b2441f05b4fe10adf8171b9e0f9ebf25ee2218c431e189.jpg,labels/train/d09e5abcbd662646b2b2441f05b4fe10adf8171b9e0f9ebf25ee2218c431e189.txt,56e22312aeb97be0dec40b2494a4159948c73b163d4310d87d9f4abbe3d86d15,pixel-extremes-v1,87f64e55aa7b63804c03badb8d3cf038c7f8a2bdff322bf6a983acd6697d72a0
7774904408103,d123c7abd098e304201475cc1b2b76024f7f8a2ce16439891243da8f1fb24691,bed15027561ae49a4b2f4af56d309aaf560b7236563600d5ce13b2dea6908b2a,0,train,images/train/d123c7abd098e304201475cc1b2b76024f7f8a2ce16439891243da8f1fb24691.jpg,labels/train/d123c7abd098e304201475cc1b2b76024f7f8a2ce16439891243da8f1fb24691.txt,bed15027561ae49a4b2f4af56d309aaf560b7236563600d5ce13b2dea6908b2a,pixel-extremes-v1,87f64e55aa7b63804c03badb8d3cf038c7f8a2bdff322bf6a983acd6697d72a0
309974700139,d16f286746a7e5853f414ed6c9455fae9b9ac891a6f8670484a4a2f5e3987f08,3b85dc5a17975205bc153be5ec2711c25e497e197ed94f41d86518995adc3d35,0,train,images/train/d16f286746a7e5853f414ed6c9455fae9b9ac891a6f8670484a4a2f5e3987f08.jpg,labels/train/d16f286746a7e5853f414ed6c9455fae9b9ac891a6f8670484a4a2f5e3987f08.txt,3b85dc5a17975205bc153be5ec2711c25e497e197ed94f41d86518995adc3d35,pixel-extremes-v1,87f64e55aa7b63804c03badb8d3cf038c7f8a2bdff322bf6a983acd6697d72a0
8032841101563,d193050c25037b33c1ba362f2c93c9ad51be0f056f9d1f84ef7acfcd02fe0192,f7122c76deb1eb03805da943190328852a62f468909ac666e28690a99445413b,0,train,images/train/d193050c25037b33c1ba362f2c93c9ad51be0f056f9d1f84ef7acfcd02fe0192.jpg,labels/train/d193050c25037b33c1ba362f2c93c9ad51be0f056f9d1f84ef7acfcd02fe0192.txt,f7122c76deb1eb03805da943190328852a62f468909ac666e28690a99445413b,pixel-extremes-v1,87f64e55aa7b63804c03badb8d3cf038c7f8a2bdff322bf6a983acd6697d72a0
7792070053903,d1c6c9d2f6f6cfe27d7f886ab56b19c67a523886697ab484104d80cbd146e19d,2cd781350a7641c430486cdf3fdd5d4b49e54e12d290cfcc480a701c6917b229,0,test,images/test/d1c6c9d2f6f6cfe27d7f886ab56b19c67a523886697ab484104d80cbd146e19d.jpg,labels/test/d1c6c9d2f6f6cfe27d7f886ab56b19c67a523886697ab484104d80cbd146e19d.txt,2cd781350a7641c430486cdf3fdd5d4b49e54e12d290cfcc480a701c6917b229,pixel-extremes-v1,87f64e55aa7b63804c03badb8d3cf038c7f8a2bdff322bf6a983acd6697d72a0
7774904460262,d29640f7ec799c456bfd2725bcda8d8705668cbbe743620f845d8b34f43e5341,239e774c2c32cb279e23c7b9d6d4e0fc0de41da340ff4c508fd829bd35c22d1f,0,train,images/train/d29640f7ec799c456bfd2725bcda8d8705668cbbe743620f845d8b34f43e5341.jpg,labels/train/d29640f7ec799c456bfd2725bcda8d8705668cbbe743620f845d8b34f43e5341.txt,239e774c2c32cb279e23c7b9d6d4e0fc0de41da340ff4c508fd829bd35c22d1f,pixel-extremes-v1,87f64e55aa7b63804c03badb8d3cf038c7f8a2bdff322bf6a983acd6697d72a0
7771257081229,d2b712d950025442476ada71024322396ba9b14841da13579091430376143328,a1b994fe41d7b8110b5ffb90bb54b5056f0098d4958e53650cff668a318b56a0,0,train,images/train/d2b712d950025442476ada71024322396ba9b14841da13579091430376143328.jpg,labels/train/d2b712d950025442476ada71024322396ba9b14841da13579091430376143328.txt,a1b994fe41d7b8110b5ffb90bb54b5056f0098d4958e53650cff668a318b56a0,pixel-extremes-v1,87f64e55aa7b63804c03badb8d3cf038c7f8a2bdff322bf6a983acd6697d72a0
7770108960126,d2d2860605b145619deffda204f2fd957a944c0d0b97e15dce8c2bc8539983b9,d990e57031bd8aa0bb1be6ef277e1809bb7eeaf1a3bb6302ab6bdb67d7fee062,0,test,images/test/d2d2860605b145619deffda204f2fd957a944c0d0b97e15dce8c2bc8539983b9.jpg,labels/test/d2d2860605b145619deffda204f2fd957a944c0d0b97e15dce8c2bc8539983b9.txt,d990e57031bd8aa0bb1be6ef277e1809bb7eeaf1a3bb6302ab6bdb67d7fee062,pixel-extremes-v1,87f64e55aa7b63804c03badb8d3cf038c7f8a2bdff322bf6a983acd6697d72a0
8002297092609,d3217ccfb6d956f09c9a439dca9161f601d8265163dc1ab899132a2770105abe,7681f548f2be3a5e4ab1a682aab00e5d8b02d38cae862f94061a8e6691f014d5,0,train,images/train/d3217ccfb6d956f09c9a439dca9161f601d8265163dc1ab899132a2770105abe.jpg,labels/train/d3217ccfb6d956f09c9a439dca9161f601d8265163dc1ab899132a2770105abe.txt,7681f548f2be3a5e4ab1a682aab00e5d8b02d38cae862f94061a8e6691f014d5,pixel-extremes-v1,87f64e55aa7b63804c03badb8d3cf038c7f8a2bdff322bf6a983acd6697d72a0
080100005662,d325aca0bb9d7a2693aca97dec5187d84728415730e064d59e30153e1977e583,6a744515fdec97b6ec9b0bd2d6500dfb9d074450b39cf78f74f8fb6f09110452,0,train,images/train/d325aca0bb9d7a2693aca97dec5187d84728415730e064d59e30153e1977e583.jpg,labels/train/d325aca0bb9d7a2693aca97dec5187d84728415730e064d59e30153e1977e583.txt,6a744515fdec97b6ec9b0bd2d6500dfb9d074450b39cf78f74f8fb6f09110452,pixel-extremes-v1,87f64e55aa7b63804c03badb8d3cf038c7f8a2bdff322bf6a983acd6697d72a0
7773403000856,d385e17450f98f4244c0de7562889b3c6363e0413ec9e2c756d802654d322667,79bb1dbe9a97f58ea3db1c50cc9f901a39178dd926a935a9e12ca88a9780d2a7,0,train,images/train/d385e17450f98f4244c0de7562889b3c6363e0413ec9e2c756d802654d322667.jpg,labels/train/d385e17450f98f4244c0de7562889b3c6363e0413ec9e2c756d802654d322667.txt,79bb1dbe9a97f58ea3db1c50cc9f901a39178dd926a935a9e12ca88a9780d2a7,pixel-extremes-v1,87f64e55aa7b63804c03badb8d3cf038c7f8a2bdff322bf6a983acd6697d72a0
7509552982749,d4279acb1b6cae6a801285a476dcc4e3174a86f284f6e368bf3a6d224e80c6ab,6cba0bf09aa4684fb333b97f30f9455b363c0ff157411b4626279d1855c66e50,0,val,images/val/d4279acb1b6cae6a801285a476dcc4e3174a86f284f6e368bf3a6d224e80c6ab.jpg,labels/val/d4279acb1b6cae6a801285a476dcc4e3174a86f284f6e368bf3a6d224e80c6ab.txt,6cba0bf09aa4684fb333b97f30f9455b363c0ff157411b4626279d1855c66e50,pixel-extremes-v1,87f64e55aa7b63804c03badb8d3cf038c7f8a2bdff322bf6a983acd6697d72a0
7771901001030,d46f0b6af26fa488d190a868d52b5fe0645a70855e57eaf4cdaf5c71cf988c33,84ec2dc124942c97e15ad56e192a7f55c07cc3df261cb6187f19f90a556c1e98,0,train,images/train/d46f0b6af26fa488d190a868d52b5fe0645a70855e57eaf4cdaf5c71cf988c33.jpg,labels/train/d46f0b6af26fa488d190a868d52b5fe0645a70855e57eaf4cdaf5c71cf988c33.txt,84ec2dc124942c97e15ad56e192a7f55c07cc3df261cb6187f19f90a556c1e98,pixel-extremes-v1,87f64e55aa7b63804c03badb8d3cf038c7f8a2bdff322bf6a983acd6697d72a0
7896183909819,d55f2dcd670dbf6ffe45abed28ba85231ab1bf6e8626e4110992f47fbe2252bd,420196449dfeeba854bba00951549a0a1b66a939564f2ff1591628fcc950cb99,0,val,images/val/d55f2dcd670dbf6ffe45abed28ba85231ab1bf6e8626e4110992f47fbe2252bd.jpg,labels/val/d55f2dcd670dbf6ffe45abed28ba85231ab1bf6e8626e4110992f47fbe2252bd.txt,420196449dfeeba854bba00951549a0a1b66a939564f2ff1591628fcc950cb99,pixel-extremes-v1,87f64e55aa7b63804c03badb8d3cf038c7f8a2bdff322bf6a983acd6697d72a0
4059729522108,d5b207d41bb478f09951eb81ae726b3876d45241a22bc8fef292c7c33d3b5814,615375895314ca8b21007f733888d4c4aaaa1e172405de754dbbfd55eaf1bf66,0,train,images/train/d5b207d41bb478f09951eb81ae726b3876d45241a22bc8fef292c7c33d3b5814.jpg,labels/train/d5b207d41bb478f09951eb81ae726b3876d45241a22bc8fef292c7c33d3b5814.txt,615375895314ca8b21007f733888d4c4aaaa1e172405de754dbbfd55eaf1bf66,pixel-extremes-v1,87f64e55aa7b63804c03badb8d3cf038c7f8a2bdff322bf6a983acd6697d72a0
041554098150,d6b2b70e1045d9e0895173863975ee8a48a506134ee6464993997931a3237239,7675f0f9fc54ac628db9948c1d91fb4aff40094861298445599ddcaf5303be03,0,val,images/val/d6b2b70e1045d9e0895173863975ee8a48a506134ee6464993997931a3237239.jpg,labels/val/d6b2b70e1045d9e0895173863975ee8a48a506134ee6464993997931a3237239.txt,7675f0f9fc54ac628db9948c1d91fb4aff40094861298445599ddcaf5303be03,pixel-extremes-v1,87f64e55aa7b63804c03badb8d3cf038c7f8a2bdff322bf6a983acd6697d72a0
7770017260461,d75c0a0103f552bc5d468fbde7d1318b50d63b35e25be1999a9330b44c4caef9,c50671012dda459d47345b1839fdb03c060e5340d7b90f0a783bf2bbe8aeb0f3,0,test,images/test/d75c0a0103f552bc5d468fbde7d1318b50d63b35e25be1999a9330b44c4caef9.jpg,labels/test/d75c0a0103f552bc5d468fbde7d1318b50d63b35e25be1999a9330b44c4caef9.txt,c50671012dda459d47345b1839fdb03c060e5340d7b90f0a783bf2bbe8aeb0f3,pixel-extremes-v1,87f64e55aa7b63804c03badb8d3cf038c7f8a2bdff322bf6a983acd6697d72a0
7891150044616,d7cd1b862e41deb8585aa088547a65ff01cc5b4e4580319318b70f51ab45e035,35d14ffbdc130f11e4a2de3220ff69851be9676c27296bccc3508f125d9a6552,0,train,images/train/d7cd1b862e41deb8585aa088547a65ff01cc5b4e4580319318b70f51ab45e035.jpg,labels/train/d7cd1b862e41deb8585aa088547a65ff01cc5b4e4580319318b70f51ab45e035.txt,35d14ffbdc130f11e4a2de3220ff69851be9676c27296bccc3508f125d9a6552,pixel-extremes-v1,87f64e55aa7b63804c03badb8d3cf038c7f8a2bdff322bf6a983acd6697d72a0
7774904408110,d9257a1f9364f20b93d6d5a54130495ae318bfd044db57a2504c5f32cc760085,140f97f89f4d80e5cf36ef5dfe3bbd19f0806ddc1cecfc16384d772f4bc4df9b,0,test,images/test/d9257a1f9364f20b93d6d5a54130495ae318bfd044db57a2504c5f32cc760085.jpg,labels/test/d9257a1f9364f20b93d6d5a54130495ae318bfd044db57a2504c5f32cc760085.txt,140f97f89f4d80e5cf36ef5dfe3bbd19f0806ddc1cecfc16384d772f4bc4df9b,pixel-extremes-v1,87f64e55aa7b63804c03badb8d3cf038c7f8a2bdff322bf6a983acd6697d72a0
07896058595338,d9df1d4114217e1df8c218da2c17f87f33f2ed7fbd7ee8fe247e35343f080826,378ca112a7e0fb719799e1efb46374bc5234b370cf13e792aff15fe2b9525ba6,0,train,images/train/d9df1d4114217e1df8c218da2c17f87f33f2ed7fbd7ee8fe247e35343f080826.jpg,labels/train/d9df1d4114217e1df8c218da2c17f87f33f2ed7fbd7ee8fe247e35343f080826.txt,378ca112a7e0fb719799e1efb46374bc5234b370cf13e792aff15fe2b9525ba6,pixel-extremes-v1,87f64e55aa7b63804c03badb8d3cf038c7f8a2bdff322bf6a983acd6697d72a0
7770017980055,da9f1c1b57e400d49bed7d28431a3a267a035c09d626a2db934adf31b86897a8,5d594581d5f5a91a2640aaaeeac4d823f2c3e5145e0194e29d966bad24e6551c,0,test,images/test/da9f1c1b57e400d49bed7d28431a3a267a035c09d626a2db934adf31b86897a8.jpg,labels/test/da9f1c1b57e400d49bed7d28431a3a267a035c09d626a2db934adf31b86897a8.txt,5d594581d5f5a91a2640aaaeeac4d823f2c3e5145e0194e29d966bad24e6551c,pixel-extremes-v1,87f64e55aa7b63804c03badb8d3cf038c7f8a2bdff322bf6a983acd6697d72a0
7898943163011,db6eb69f523614e2fb71ad0b6c09c88e42e02599e5bba9b98d89e3aa0cd5e78b,4f3145abf02e73b0e532d9c51a59f2adc1b271f582a212096a1595315433289e,0,val,images/val/db6eb69f523614e2fb71ad0b6c09c88e42e02599e5bba9b98d89e3aa0cd5e78b.jpg,labels/val/db6eb69f523614e2fb71ad0b6c09c88e42e02599e5bba9b98d89e3aa0cd5e78b.txt,4f3145abf02e73b0e532d9c51a59f2adc1b271f582a212096a1595315433289e,pixel-extremes-v1,87f64e55aa7b63804c03badb8d3cf038c7f8a2bdff322bf6a983acd6697d72a0
7891150101654,db8c299fdfa344f53f857738d5a941e0ff7e88446a8d3032ce5df5a1413bde6a,a4b7b8bdf175e4018cf66e76679197e006f51c945222196129e27460b23602ce,0,train,images/train/db8c299fdfa344f53f857738d5a941e0ff7e88446a8d3032ce5df5a1413bde6a.jpg,labels/train/db8c299fdfa344f53f857738d5a941e0ff7e88446a8d3032ce5df5a1413bde6a.txt,a4b7b8bdf175e4018cf66e76679197e006f51c945222196129e27460b23602ce,pixel-extremes-v1,87f64e55aa7b63804c03badb8d3cf038c7f8a2bdff322bf6a983acd6697d72a0
074108498953,db9ddc56348603a251025cf11baa8d3febe4d2c6f81f96d8d2330722004abc6c,0a49bc6a86d13d00633c20968bfbbe55c9a444100891dce68c7979bf678ab2e3,0,train,images/train/db9ddc56348603a251025cf11baa8d3febe4d2c6f81f96d8d2330722004abc6c.jpg,labels/train/db9ddc56348603a251025cf11baa8d3febe4d2c6f81f96d8d2330722004abc6c.txt,0a49bc6a86d13d00633c20968bfbbe55c9a444100891dce68c7979bf678ab2e3,pixel-extremes-v1,87f64e55aa7b63804c03badb8d3cf038c7f8a2bdff322bf6a983acd6697d72a0
7770109060054,dba1067d414e0130cd4494a250b8c67e8ab9f0644df65db0b10f12bf73c7f4fb,c28f5ecd642eec44b9d3d591977b0ea695bbe2e549981959866be1d281a4f174,0,val,images/val/dba1067d414e0130cd4494a250b8c67e8ab9f0644df65db0b10f12bf73c7f4fb.jpg,labels/val/dba1067d414e0130cd4494a250b8c67e8ab9f0644df65db0b10f12bf73c7f4fb.txt,c28f5ecd642eec44b9d3d591977b0ea695bbe2e549981959866be1d281a4f174,pixel-extremes-v1,87f64e55aa7b63804c03badb8d3cf038c7f8a2bdff322bf6a983acd6697d72a0
7773401007673,dc0dc2a1d9af8c2302cc9cfc036f2cae0233164596c3b13899919952ba23bb83,48c7a8b3c4108e4dd14f0edfb3c542959b6e59da782798336bb7253816de3124,0,train,images/train/dc0dc2a1d9af8c2302cc9cfc036f2cae0233164596c3b13899919952ba23bb83.jpg,labels/train/dc0dc2a1d9af8c2302cc9cfc036f2cae0233164596c3b13899919952ba23bb83.txt,48c7a8b3c4108e4dd14f0edfb3c542959b6e59da782798336bb7253816de3124,pixel-extremes-v1,87f64e55aa7b63804c03badb8d3cf038c7f8a2bdff322bf6a983acd6697d72a0
7896451907172,dc1e52c93b969ddb8054bb97fae12fd9911e86d451746b2cd68b95a21b39c0a8,ecde1d23dc27ca7d27c09654e946500b3f5dc729551b9a7a9947bf131f0304c5,0,test,images/test/dc1e52c93b969ddb8054bb97fae12fd9911e86d451746b2cd68b95a21b39c0a8.jpg,labels/test/dc1e52c93b969ddb8054bb97fae12fd9911e86d451746b2cd68b95a21b39c0a8.txt,ecde1d23dc27ca7d27c09654e946500b3f5dc729551b9a7a9947bf131f0304c5,pixel-extremes-v1,87f64e55aa7b63804c03badb8d3cf038c7f8a2bdff322bf6a983acd6697d72a0
7702032104369,dc7c240bb578a19fa5800d520446d82bf384d75bcf1497f4c334fb14e145d1cf,71b69b84335166686fcb541e00ca21497386cf352e654ea4379a19bd874123a1,0,train,images/train/dc7c240bb578a19fa5800d520446d82bf384d75bcf1497f4c334fb14e145d1cf.jpg,labels/train/dc7c240bb578a19fa5800d520446d82bf384d75bcf1497f4c334fb14e145d1cf.txt,71b69b84335166686fcb541e00ca21497386cf352e654ea4379a19bd874123a1,pixel-extremes-v1,87f64e55aa7b63804c03badb8d3cf038c7f8a2bdff322bf6a983acd6697d72a0
7774110000078,dc99a325bc8c939c736d81c35b525f8d9df80500fcbc21e15c6d259b1902efc1,56e2f6c479c8239e66996ed2d7df02b565efc53df871570e9399e3adab4ebae6,0,test,images/test/dc99a325bc8c939c736d81c35b525f8d9df80500fcbc21e15c6d259b1902efc1.jpg,labels/test/dc99a325bc8c939c736d81c35b525f8d9df80500fcbc21e15c6d259b1902efc1.txt,56e2f6c479c8239e66996ed2d7df02b565efc53df871570e9399e3adab4ebae6,pixel-extremes-v1,87f64e55aa7b63804c03badb8d3cf038c7f8a2bdff322bf6a983acd6697d72a0
7771612001343,dcef6e0efc6423d5f600e544f7e3886bbc999888b0417a4beaf5bce762d97353,8210a4d892223f4928b535e00624962e36f030cae933419467568daaa4520aee,0,train,images/train/dcef6e0efc6423d5f600e544f7e3886bbc999888b0417a4beaf5bce762d97353.jpg,labels/train/dcef6e0efc6423d5f600e544f7e3886bbc999888b0417a4beaf5bce762d97353.txt,8210a4d892223f4928b535e00624962e36f030cae933419467568daaa4520aee,pixel-extremes-v1,87f64e55aa7b63804c03badb8d3cf038c7f8a2bdff322bf6a983acd6697d72a0
7798178801996,dd1726d9260d1647bafbd57a9b4105a1841d356601a44023d32aed7c235af818,10b22bc4189d1cf7404652779274381913d3cd9ee629f7d147b3c81856db19ba,0,val,images/val/dd1726d9260d1647bafbd57a9b4105a1841d356601a44023d32aed7c235af818.jpg,labels/val/dd1726d9260d1647bafbd57a9b4105a1841d356601a44023d32aed7c235af818.txt,10b22bc4189d1cf7404652779274381913d3cd9ee629f7d147b3c81856db19ba,pixel-extremes-v1,87f64e55aa7b63804c03badb8d3cf038c7f8a2bdff322bf6a983acd6697d72a0
7898930142647,ddbbfd744f9b77599737dcadfcbb97fffb191a72b81d1c44eaf0004e6f37a8bd,93e7784c3a0a03e89f7b74f10c9b85f27a033080446ba8cd8716f221e480400c,0,train,images/train/ddbbfd744f9b77599737dcadfcbb97fffb191a72b81d1c44eaf0004e6f37a8bd.jpg,labels/train/ddbbfd744f9b77599737dcadfcbb97fffb191a72b81d1c44eaf0004e6f37a8bd.txt,93e7784c3a0a03e89f7b74f10c9b85f27a033080446ba8cd8716f221e480400c,pixel-extremes-v1,87f64e55aa7b63804c03badb8d3cf038c7f8a2bdff322bf6a983acd6697d72a0
041554098143,dec86721406d161b6bff21459a8b7f4ba9e3d07a1155818a1b13d3227322be07,5c8a21042cd9444c33bd05e5999e9524b205baf147d2c20e4989e872db679de0,0,train,images/train/dec86721406d161b6bff21459a8b7f4ba9e3d07a1155818a1b13d3227322be07.jpg,labels/train/dec86721406d161b6bff21459a8b7f4ba9e3d07a1155818a1b13d3227322be07.txt,5c8a21042cd9444c33bd05e5999e9524b205baf147d2c20e4989e872db679de0,pixel-extremes-v1,87f64e55aa7b63804c03badb8d3cf038c7f8a2bdff322bf6a983acd6697d72a0
091000009025,dec96cec7bc16075d84fbdb9d3c88cdb5dfc124e99e1c378e4c457ec43d4c92b,dd7b6e646d073edd4854a9ce0a355bd4860cfa1d8385fc44f228f9079984247b,0,test,images/test/dec96cec7bc16075d84fbdb9d3c88cdb5dfc124e99e1c378e4c457ec43d4c92b.jpg,labels/test/dec96cec7bc16075d84fbdb9d3c88cdb5dfc124e99e1c378e4c457ec43d4c92b.txt,dd7b6e646d073edd4854a9ce0a355bd4860cfa1d8385fc44f228f9079984247b,pixel-extremes-v1,87f64e55aa7b63804c03badb8d3cf038c7f8a2bdff322bf6a983acd6697d72a0
7896183905712,df1f930731cae1332365b204db6d71fc09a1e25f62424c8b5cf61a1735b61305,8505ef762765b933a59e466d9622ffd97ce52d7e9de49ce1e6c368c8844e028c,0,train,images/train/df1f930731cae1332365b204db6d71fc09a1e25f62424c8b5cf61a1735b61305.jpg,labels/train/df1f930731cae1332365b204db6d71fc09a1e25f62424c8b5cf61a1735b61305.txt,8505ef762765b933a59e466d9622ffd97ce52d7e9de49ce1e6c368c8844e028c,pixel-extremes-v1,87f64e55aa7b63804c03badb8d3cf038c7f8a2bdff322bf6a983acd6697d72a0
7774904408523,df36c515be7eefed5e33394976106bd1c6bf180d58696126bce8e054944087ff,a51fd7ba4fc68b7a0e545082f6c6d4d507156dc72eda1b19f124c167db073dd2,0,train,images/train/df36c515be7eefed5e33394976106bd1c6bf180d58696126bce8e054944087ff.jpg,labels/train/df36c515be7eefed5e33394976106bd1c6bf180d58696126bce8e054944087ff.txt,a51fd7ba4fc68b7a0e545082f6c6d4d507156dc72eda1b19f124c167db073dd2,pixel-extremes-v1,87f64e55aa7b63804c03badb8d3cf038c7f8a2bdff322bf6a983acd6697d72a0
7702006653510,df411f0a156af7bf91b3cb3775fb05fef20996a3e87325b99fe038dd151419de,feb9e40d305513f87a9ea9b46c33c77adcf0e603368a3fe6647f4f12bfa43ee4,0,train,images/train/df411f0a156af7bf91b3cb3775fb05fef20996a3e87325b99fe038dd151419de.jpg,labels/train/df411f0a156af7bf91b3cb3775fb05fef20996a3e87325b99fe038dd151419de.txt,feb9e40d305513f87a9ea9b46c33c77adcf0e603368a3fe6647f4f12bfa43ee4,pixel-extremes-v1,87f64e55aa7b63804c03badb8d3cf038c7f8a2bdff322bf6a983acd6697d72a0
7509552982718,dfb0c852e5256372d94014473eb6994ccf93b4182882a80b578b19f0a2a9f2dd,5d167693dcc1bf76d4c5fe0e2cf7641880bc68f386504a01a8bac78218dc9dc0,0,train,images/train/dfb0c852e5256372d94014473eb6994ccf93b4182882a80b578b19f0a2a9f2dd.jpg,labels/train/dfb0c852e5256372d94014473eb6994ccf93b4182882a80b578b19f0a2a9f2dd.txt,5d167693dcc1bf76d4c5fe0e2cf7641880bc68f386504a01a8bac78218dc9dc0,pixel-extremes-v1,87f64e55aa7b63804c03badb8d3cf038c7f8a2bdff322bf6a983acd6697d72a0
7896150020219,dfc383c9c7781c69e69d48c8e812dff93156bce4ec69c0b1252e3f2066ec0109,04e0c5b31dc72de9e44b008ae18d11da211020d66faede0b8e39e3823322ae5b,0,test,images/test/dfc383c9c7781c69e69d48c8e812dff93156bce4ec69c0b1252e3f2066ec0109.jpg,labels/test/dfc383c9c7781c69e69d48c8e812dff93156bce4ec69c0b1252e3f2066ec0109.txt,04e0c5b31dc72de9e44b008ae18d11da211020d66faede0b8e39e3823322ae5b,pixel-extremes-v1,87f64e55aa7b63804c03badb8d3cf038c7f8a2bdff322bf6a983acd6697d72a0
6941696107908,e08078a1ec695b70e88a66427736de2a6748860b69bd445c5a4ebcacee7f27db,7154d56bd4ce3b22ef4d35389e68306ece8ecbf584d47e64180cf94cfa4937e5,0,val,images/val/e08078a1ec695b70e88a66427736de2a6748860b69bd445c5a4ebcacee7f27db.jpg,labels/val/e08078a1ec695b70e88a66427736de2a6748860b69bd445c5a4ebcacee7f27db.txt,7154d56bd4ce3b22ef4d35389e68306ece8ecbf584d47e64180cf94cfa4937e5,pixel-extremes-v1,87f64e55aa7b63804c03badb8d3cf038c7f8a2bdff322bf6a983acd6697d72a0
7896058503142,e0975e126dce28f7d0bceddf6d98aa386946f4807debb4be7a424be7de8e935c,f9b6337b1f75274b15126cf4f16cb04f9556d4382a22c3dcda58d5dd68b67ebf,0,train,images/train/e0975e126dce28f7d0bceddf6d98aa386946f4807debb4be7a424be7de8e935c.jpg,labels/train/e0975e126dce28f7d0bceddf6d98aa386946f4807debb4be7a424be7de8e935c.txt,f9b6337b1f75274b15126cf4f16cb04f9556d4382a22c3dcda58d5dd68b67ebf,pixel-extremes-v1,87f64e55aa7b63804c03badb8d3cf038c7f8a2bdff322bf6a983acd6697d72a0
7798178802368,e104081468013cfd7b5ad09c5ab4b06a22324e44ac17474dcdb993eba2bd4088,1a88e6099564d9b2a493ca1558f9e5ffb3bcaccd962b7b8e7d4b839c3b980660,0,test,images/test/e104081468013cfd7b5ad09c5ab4b06a22324e44ac17474dcdb993eba2bd4088.jpg,labels/test/e104081468013cfd7b5ad09c5ab4b06a22324e44ac17474dcdb993eba2bd4088.txt,1a88e6099564d9b2a493ca1558f9e5ffb3bcaccd962b7b8e7d4b839c3b980660,pixel-extremes-v1,87f64e55aa7b63804c03badb8d3cf038c7f8a2bdff322bf6a983acd6697d72a0
1200185065941,e11e1658f15a4850b17fb99c6ec3eff6813290e5ed116978ba555c1af3f5bd73,42888c8cf094e1627ef61b54972be3bf2e66826c47789a9d703eec14518e562f,0,val,images/val/e11e1658f15a4850b17fb99c6ec3eff6813290e5ed116978ba555c1af3f5bd73.jpg,labels/val/e11e1658f15a4850b17fb99c6ec3eff6813290e5ed116978ba555c1af3f5bd73.txt,42888c8cf094e1627ef61b54972be3bf2e66826c47789a9d703eec14518e562f,pixel-extremes-v1,87f64e55aa7b63804c03badb8d3cf038c7f8a2bdff322bf6a983acd6697d72a0
7891116169575,e19087ec27f4849ad0867ac331c35377a97dc0456fb35c9d8bf9aa616705486a,f95d520f1e80f7d72b98ed422262e4b2cfe155f1b09c80952c79967fa322f009,0,test,images/test/e19087ec27f4849ad0867ac331c35377a97dc0456fb35c9d8bf9aa616705486a.jpg,labels/test/e19087ec27f4849ad0867ac331c35377a97dc0456fb35c9d8bf9aa616705486a.txt,f95d520f1e80f7d72b98ed422262e4b2cfe155f1b09c80952c79967fa322f009,pixel-extremes-v1,87f64e55aa7b63804c03badb8d3cf038c7f8a2bdff322bf6a983acd6697d72a0
9001062,e1df3d3ad25bf770cde4a47f335d29d372fa27cf9a0615b03d17e0c5aae8425c,301ed0c43844dea20a4c168d9ae444274dc30e5c3176180938800d9624e64075,0,val,images/val/e1df3d3ad25bf770cde4a47f335d29d372fa27cf9a0615b03d17e0c5aae8425c.jpg,labels/val/e1df3d3ad25bf770cde4a47f335d29d372fa27cf9a0615b03d17e0c5aae8425c.txt,301ed0c43844dea20a4c168d9ae444274dc30e5c3176180938800d9624e64075,pixel-extremes-v1,87f64e55aa7b63804c03badb8d3cf038c7f8a2bdff322bf6a983acd6697d72a0
7899808893067,e219b20f843ff622bb85ee362f4dad267d40ac9c090ce655614fabac1c579c49,77939ff04a75431bbb97e0526e7ee7bdd7283a5cbb6d9a43656257f75e10fa46,0,train,images/train/e219b20f843ff622bb85ee362f4dad267d40ac9c090ce655614fabac1c579c49.jpg,labels/train/e219b20f843ff622bb85ee362f4dad267d40ac9c090ce655614fabac1c579c49.txt,77939ff04a75431bbb97e0526e7ee7bdd7283a5cbb6d9a43656257f75e10fa46,pixel-extremes-v1,87f64e55aa7b63804c03badb8d3cf038c7f8a2bdff322bf6a983acd6697d72a0
7773435930374,e2e4e9e5629db2c0ad6ed670e75e31334c1f88b86823a1b4389b26ccb4f4ec59,1e9c9571b561e4713c749be12543aa498b791e6b4879c92863765b51a19435b7,0,train,images/train/e2e4e9e5629db2c0ad6ed670e75e31334c1f88b86823a1b4389b26ccb4f4ec59.jpg,labels/train/e2e4e9e5629db2c0ad6ed670e75e31334c1f88b86823a1b4389b26ccb4f4ec59.txt,1e9c9571b561e4713c749be12543aa498b791e6b4879c92863765b51a19435b7,pixel-extremes-v1,87f64e55aa7b63804c03badb8d3cf038c7f8a2bdff322bf6a983acd6697d72a0
0799192522901,e2f195448e7cc34436377d5b7b3fbd967d7968ad4184d357761fb09707125a7f,84e75b2f2c8c9761faaeccf28fc20d2e61f21446b5d8e8642e62aaa8c1aeb9f3,0,train,images/train/e2f195448e7cc34436377d5b7b3fbd967d7968ad4184d357761fb09707125a7f.jpg,labels/train/e2f195448e7cc34436377d5b7b3fbd967d7968ad4184d357761fb09707125a7f.txt,84e75b2f2c8c9761faaeccf28fc20d2e61f21446b5d8e8642e62aaa8c1aeb9f3,pixel-extremes-v1,87f64e55aa7b63804c03badb8d3cf038c7f8a2bdff322bf6a983acd6697d72a0
0658325435177,e32d2d31b042b9052c305832c6336213e17ab13688e78f0b647ad8ab79eb6981,c3cee8ce954305ea4b817d8ef1fc24bea164faea869b333fa5a2d347542da2ba,0,val,images/val/e32d2d31b042b9052c305832c6336213e17ab13688e78f0b647ad8ab79eb6981.jpg,labels/val/e32d2d31b042b9052c305832c6336213e17ab13688e78f0b647ad8ab79eb6981.txt,c3cee8ce954305ea4b817d8ef1fc24bea164faea869b333fa5a2d347542da2ba,pixel-extremes-v1,87f64e55aa7b63804c03badb8d3cf038c7f8a2bdff322bf6a983acd6697d72a0
7898080664037,e38ac327d621a9a090dc3b1cc8cd63981cac76d3eb659f89849e31bdf43d47de,fe6d9f4c0dc80cd549dfa08d133e99166d86827fec7ca6bd49052b917f3f54ac,0,test,images/test/e38ac327d621a9a090dc3b1cc8cd63981cac76d3eb659f89849e31bdf43d47de.jpg,labels/test/e38ac327d621a9a090dc3b1cc8cd63981cac76d3eb659f89849e31bdf43d47de.txt,fe6d9f4c0dc80cd549dfa08d133e99166d86827fec7ca6bd49052b917f3f54ac,pixel-extremes-v1,87f64e55aa7b63804c03badb8d3cf038c7f8a2bdff322bf6a983acd6697d72a0
7898080665911,e3c96a0fc8399d91fe70e147e6c317af90582934ec3a7fa3e3b55e6f94677cfb,810a73358d3950f49d36047ded26f5159850cad9a4a561baec7306e3497c0544,0,train,images/train/e3c96a0fc8399d91fe70e147e6c317af90582934ec3a7fa3e3b55e6f94677cfb.jpg,labels/train/e3c96a0fc8399d91fe70e147e6c317af90582934ec3a7fa3e3b55e6f94677cfb.txt,810a73358d3950f49d36047ded26f5159850cad9a4a561baec7306e3497c0544,pixel-extremes-v1,87f64e55aa7b63804c03badb8d3cf038c7f8a2bdff322bf6a983acd6697d72a0
7790580131548,e40d6e516254aa7f9991663d9a55606c39b207e7736fa84eb19e0649af4f9b3e,eb0e3618480d50268a7018e76587812dd726210d4c84b7055b35938c559e9b55,0,train,images/train/e40d6e516254aa7f9991663d9a55606c39b207e7736fa84eb19e0649af4f9b3e.jpg,labels/train/e40d6e516254aa7f9991663d9a55606c39b207e7736fa84eb19e0649af4f9b3e.txt,eb0e3618480d50268a7018e76587812dd726210d4c84b7055b35938c559e9b55,pixel-extremes-v1,87f64e55aa7b63804c03badb8d3cf038c7f8a2bdff322bf6a983acd6697d72a0
309971879104,e50fe6c6b3fd926d11cad72249b2e990c65b0c311347163c7536aebd3fa1b7c1,2d195ff84a4d6b9404a136c8286f8fe83ad00c6d932165133c965d61649a0541,0,train,images/train/e50fe6c6b3fd926d11cad72249b2e990c65b0c311347163c7536aebd3fa1b7c1.jpg,labels/train/e50fe6c6b3fd926d11cad72249b2e990c65b0c311347163c7536aebd3fa1b7c1.txt,2d195ff84a4d6b9404a136c8286f8fe83ad00c6d932165133c965d61649a0541,pixel-extremes-v1,87f64e55aa7b63804c03badb8d3cf038c7f8a2bdff322bf6a983acd6697d72a0
7770109740116,e5e49b00ddcc04507df90b797e6cba9cefc50bc8d5a22fccee9bdb83ff9b06eb,4fa105f64d14a0545fc37a99bdcf82cfe53c19ce644d6792a7b8892f05c2c5ab,0,train,images/train/e5e49b00ddcc04507df90b797e6cba9cefc50bc8d5a22fccee9bdb83ff9b06eb.jpg,labels/train/e5e49b00ddcc04507df90b797e6cba9cefc50bc8d5a22fccee9bdb83ff9b06eb.txt,4fa105f64d14a0545fc37a99bdcf82cfe53c19ce644d6792a7b8892f05c2c5ab,pixel-extremes-v1,87f64e55aa7b63804c03badb8d3cf038c7f8a2bdff322bf6a983acd6697d72a0
7896115704444,e614368a852790ba78f1b37ea36a6cf8307284a230fd296d5a785a0e1a0302c0,4810c8c33e25c638df53faa24e1c021cb26e5cf4311913bda6f132d1f8e20ce8,0,train,images/train/e614368a852790ba78f1b37ea36a6cf8307284a230fd296d5a785a0e1a0302c0.jpg,labels/train/e614368a852790ba78f1b37ea36a6cf8307284a230fd296d5a785a0e1a0302c0.txt,4810c8c33e25c638df53faa24e1c021cb26e5cf4311913bda6f132d1f8e20ce8,pixel-extremes-v1,87f64e55aa7b63804c03badb8d3cf038c7f8a2bdff322bf6a983acd6697d72a0
7896115703119,e62267d911e61323dad99edb863032d5acc106ab3a8fa5788d7396af221c7b0d,2507075197f732867c7a9b61130e88e383260d65528d9da6a3d5bf43ccaf01ff,0,train,images/train/e62267d911e61323dad99edb863032d5acc106ab3a8fa5788d7396af221c7b0d.jpg,labels/train/e62267d911e61323dad99edb863032d5acc106ab3a8fa5788d7396af221c7b0d.txt,2507075197f732867c7a9b61130e88e383260d65528d9da6a3d5bf43ccaf01ff,pixel-extremes-v1,87f64e55aa7b63804c03badb8d3cf038c7f8a2bdff322bf6a983acd6697d72a0
7772116050158,e63b5a1664e32636a3ddae69e0013d5991f9bcee2123192fa23ebd9e35fdd66f,666d81f6c37efe8886a2c01f829b2d8f9c2b61119d27af0dc7e58cf2cf833cc3,0,train,images/train/e63b5a1664e32636a3ddae69e0013d5991f9bcee2123192fa23ebd9e35fdd66f.jpg,labels/train/e63b5a1664e32636a3ddae69e0013d5991f9bcee2123192fa23ebd9e35fdd66f.txt,666d81f6c37efe8886a2c01f829b2d8f9c2b61119d27af0dc7e58cf2cf833cc3,pixel-extremes-v1,87f64e55aa7b63804c03badb8d3cf038c7f8a2bdff322bf6a983acd6697d72a0
7896451911575,e6b50faa87903ff7997d5084bf73033e757eb8dfefc7a23805fe84d0479216ce,a3db7c10d3c233e59f9677ded660ee6b0e071461eb0270fcc87aebcfa7659408,0,test,images/test/e6b50faa87903ff7997d5084bf73033e757eb8dfefc7a23805fe84d0479216ce.jpg,labels/test/e6b50faa87903ff7997d5084bf73033e757eb8dfefc7a23805fe84d0479216ce.txt,a3db7c10d3c233e59f9677ded660ee6b0e071461eb0270fcc87aebcfa7659408,pixel-extremes-v1,87f64e55aa7b63804c03badb8d3cf038c7f8a2bdff322bf6a983acd6697d72a0
7896902289680,e6c43ff073e30d0f1b0cc60a8aa817a388142db05d5f51164f1ca3e8456a1e1c,fc4b2d07883e9bafc1e567030c548460b660169135d6310f5ad8bc5a6db7c667,0,train,images/train/e6c43ff073e30d0f1b0cc60a8aa817a388142db05d5f51164f1ca3e8456a1e1c.jpg,labels/train/e6c43ff073e30d0f1b0cc60a8aa817a388142db05d5f51164f1ca3e8456a1e1c.txt,fc4b2d07883e9bafc1e567030c548460b660169135d6310f5ad8bc5a6db7c667,pixel-extremes-v1,87f64e55aa7b63804c03badb8d3cf038c7f8a2bdff322bf6a983acd6697d72a0
7702032107957,e7018d710ab5a976f797dfb5637e13c71e2828b57fb1c6be21f0173f0c946765,8b9cb600cf73259b333c329157a2c1ef4119ad5b9647f345f614675e73b656fc,0,test,images/test/e7018d710ab5a976f797dfb5637e13c71e2828b57fb1c6be21f0173f0c946765.jpg,labels/test/e7018d710ab5a976f797dfb5637e13c71e2828b57fb1c6be21f0173f0c946765.txt,8b9cb600cf73259b333c329157a2c1ef4119ad5b9647f345f614675e73b656fc,pixel-extremes-v1,87f64e55aa7b63804c03badb8d3cf038c7f8a2bdff322bf6a983acd6697d72a0
7771608001128,e774b7e7d71d96afcbb09eceae85a5efcf9de5ce6d7c8ef1abff18cac8e4e311,00d19b15f84741f07f332a0301a1f2f162b5978fe0c3b8d6476dc3078468fed9,0,val,images/val/e774b7e7d71d96afcbb09eceae85a5efcf9de5ce6d7c8ef1abff18cac8e4e311.jpg,labels/val/e774b7e7d71d96afcbb09eceae85a5efcf9de5ce6d7c8ef1abff18cac8e4e311.txt,00d19b15f84741f07f332a0301a1f2f162b5978fe0c3b8d6476dc3078468fed9,pixel-extremes-v1,87f64e55aa7b63804c03badb8d3cf038c7f8a2bdff322bf6a983acd6697d72a0
7770000850037,e7842bb07bc9c9e74a04a5a408cc9ad55ae578901d138bb3df210e379aebb63e,c8022fd464ad559a5e82900c6935fd0ac599419a1dd185e1e269baab13066f27,0,train,images/train/e7842bb07bc9c9e74a04a5a408cc9ad55ae578901d138bb3df210e379aebb63e.jpg,labels/train/e7842bb07bc9c9e74a04a5a408cc9ad55ae578901d138bb3df210e379aebb63e.txt,c8022fd464ad559a5e82900c6935fd0ac599419a1dd185e1e269baab13066f27,pixel-extremes-v1,87f64e55aa7b63804c03badb8d3cf038c7f8a2bdff322bf6a983acd6697d72a0
7771259757061,e78ad43437d838647dc8c62803c9fc306ee75f3e3f8422ab98971416b6c13aba,65a2b42217402e68edf44cd4306f83c873dfe24d70f072949758c1737326944c,0,train,images/train/e78ad43437d838647dc8c62803c9fc306ee75f3e3f8422ab98971416b6c13aba.jpg,labels/train/e78ad43437d838647dc8c62803c9fc306ee75f3e3f8422ab98971416b6c13aba.txt,65a2b42217402e68edf44cd4306f83c873dfe24d70f072949758c1737326944c,pixel-extremes-v1,87f64e55aa7b63804c03badb8d3cf038c7f8a2bdff322bf6a983acd6697d72a0
7772115100601,e81180778bbcc882f0bd0523bd4399a08b0641d70038f62783f6589b7260ae70,7c27470afea21502d32c1fce3ce4a44fdc7269476440c650f311074dc86dfbaa,0,train,images/train/e81180778bbcc882f0bd0523bd4399a08b0641d70038f62783f6589b7260ae70.jpg,labels/train/e81180778bbcc882f0bd0523bd4399a08b0641d70038f62783f6589b7260ae70.txt,7c27470afea21502d32c1fce3ce4a44fdc7269476440c650f311074dc86dfbaa,pixel-extremes-v1,87f64e55aa7b63804c03badb8d3cf038c7f8a2bdff322bf6a983acd6697d72a0
7896023085840,e82eaadcffa7b8d8a6d8c8cfe7f500466cc003ff48c3af8e8a4dba68a67a0405,00d4139b859a58edfbe95b64f356516a4b808463a08eaf4c0adc03406989bca1,0,train,images/train/e82eaadcffa7b8d8a6d8c8cfe7f500466cc003ff48c3af8e8a4dba68a67a0405.jpg,labels/train/e82eaadcffa7b8d8a6d8c8cfe7f500466cc003ff48c3af8e8a4dba68a67a0405.txt,00d4139b859a58edfbe95b64f356516a4b808463a08eaf4c0adc03406989bca1,pixel-extremes-v1,87f64e55aa7b63804c03badb8d3cf038c7f8a2bdff322bf6a983acd6697d72a0
7770017980079,e890cb82e71472f2bf07d9d081c61afb161c51582b7298e474aed8f69f611386,837cf9a9523ea880ad5cf3982a15ea03b3261e45225545df8f30a97d30796ec6,0,train,images/train/e890cb82e71472f2bf07d9d081c61afb161c51582b7298e474aed8f69f611386.jpg,labels/train/e890cb82e71472f2bf07d9d081c61afb161c51582b7298e474aed8f69f611386.txt,837cf9a9523ea880ad5cf3982a15ea03b3261e45225545df8f30a97d30796ec6,pixel-extremes-v1,87f64e55aa7b63804c03badb8d3cf038c7f8a2bdff322bf6a983acd6697d72a0
7908529700155,e8a0a2da9b15594c9bca0224528f46a189fc5ab46098787adfd56f4346a5a864,ba9c192402522611bcbfef85ce5c9b3922487ecb701bd7fea8edaaab6315c763,0,train,images/train/e8a0a2da9b15594c9bca0224528f46a189fc5ab46098787adfd56f4346a5a864.jpg,labels/train/e8a0a2da9b15594c9bca0224528f46a189fc5ab46098787adfd56f4346a5a864.txt,ba9c192402522611bcbfef85ce5c9b3922487ecb701bd7fea8edaaab6315c763,pixel-extremes-v1,87f64e55aa7b63804c03badb8d3cf038c7f8a2bdff322bf6a983acd6697d72a0
4059729522177,e95eaf791da14406f8c2b6b74fe19bc82c5a56ae7235a57f879fea49157555f9,6bf6c2c558f8f5bfca8a2386c364b87222b1d001976fc2e8c5b36f49ad081df8,0,val,images/val/e95eaf791da14406f8c2b6b74fe19bc82c5a56ae7235a57f879fea49157555f9.jpg,labels/val/e95eaf791da14406f8c2b6b74fe19bc82c5a56ae7235a57f879fea49157555f9.txt,6bf6c2c558f8f5bfca8a2386c364b87222b1d001976fc2e8c5b36f49ad081df8,pixel-extremes-v1,87f64e55aa7b63804c03badb8d3cf038c7f8a2bdff322bf6a983acd6697d72a0
75083113,ea05cd96b0d40f7ac1dd777f0ed7ee45139e74aae36831c6bfeb3a2dae8161eb,51eb556ac45ce85de097babffa7d29bf07d1b72cc9fdd2c8b0788d7a20d68ea0,0,train,images/train/ea05cd96b0d40f7ac1dd777f0ed7ee45139e74aae36831c6bfeb3a2dae8161eb.jpg,labels/train/ea05cd96b0d40f7ac1dd777f0ed7ee45139e74aae36831c6bfeb3a2dae8161eb.txt,51eb556ac45ce85de097babffa7d29bf07d1b72cc9fdd2c8b0788d7a20d68ea0,pixel-extremes-v1,87f64e55aa7b63804c03badb8d3cf038c7f8a2bdff322bf6a983acd6697d72a0
7773401007932,ea5685acc323a57080b5ab18627648aa3056b94b10b5547a4ca436eac4593f56,33395deeef3a49c4c78342ccff63d909f4600424d48eb700429b649a0646b895,0,train,images/train/ea5685acc323a57080b5ab18627648aa3056b94b10b5547a4ca436eac4593f56.jpg,labels/train/ea5685acc323a57080b5ab18627648aa3056b94b10b5547a4ca436eac4593f56.txt,33395deeef3a49c4c78342ccff63d909f4600424d48eb700429b649a0646b895,pixel-extremes-v1,87f64e55aa7b63804c03badb8d3cf038c7f8a2bdff322bf6a983acd6697d72a0
77770950,eb8f13e648d80b7735dc3d649196c9c06ee4ddc3ba75cdff07c98dba9c983351,0e11a35e7a03e0f81c175a3b41bf4de3a408c1f398a0f20ddefd1207f1b43d10,0,train,images/train/eb8f13e648d80b7735dc3d649196c9c06ee4ddc3ba75cdff07c98dba9c983351.jpg,labels/train/eb8f13e648d80b7735dc3d649196c9c06ee4ddc3ba75cdff07c98dba9c983351.txt,0e11a35e7a03e0f81c175a3b41bf4de3a408c1f398a0f20ddefd1207f1b43d10,pixel-extremes-v1,87f64e55aa7b63804c03badb8d3cf038c7f8a2bdff322bf6a983acd6697d72a0
7772905005369,ebf78022b3c15d72e65d9af66578bc0cecaefd139f3faec3cc75293d50f660f7,4f9bbc0dee10c212fe4cd09b1f4b3ed96f623549e9983b859abf380923f38262,0,train,images/train/ebf78022b3c15d72e65d9af66578bc0cecaefd139f3faec3cc75293d50f660f7.jpg,labels/train/ebf78022b3c15d72e65d9af66578bc0cecaefd139f3faec3cc75293d50f660f7.txt,4f9bbc0dee10c212fe4cd09b1f4b3ed96f623549e9983b859abf380923f38262,pixel-extremes-v1,87f64e55aa7b63804c03badb8d3cf038c7f8a2bdff322bf6a983acd6697d72a0
309974677028,ec5da473cc3cd165228790eb333cb3a6e23e42895a6b21fec5b555660132d197,9f3cf5ecaccaf9ef7df162f8420de91f1b414610c7f4d2a782536b5b8b45e701,0,train,images/train/ec5da473cc3cd165228790eb333cb3a6e23e42895a6b21fec5b555660132d197.jpg,labels/train/ec5da473cc3cd165228790eb333cb3a6e23e42895a6b21fec5b555660132d197.txt,9f3cf5ecaccaf9ef7df162f8420de91f1b414610c7f4d2a782536b5b8b45e701,pixel-extremes-v1,87f64e55aa7b63804c03badb8d3cf038c7f8a2bdff322bf6a983acd6697d72a0
7899069400059,ec5ef358d8f699ca8b50cb09b62828c7636b58120aa64c58127f50d84186bc86,d0004b44d5bbdda5c539f7fd06b9f451eb3e26920fbe438aa6202274366df26a,0,train,images/train/ec5ef358d8f699ca8b50cb09b62828c7636b58120aa64c58127f50d84186bc86.jpg,labels/train/ec5ef358d8f699ca8b50cb09b62828c7636b58120aa64c58127f50d84186bc86.txt,d0004b44d5bbdda5c539f7fd06b9f451eb3e26920fbe438aa6202274366df26a,pixel-extremes-v1,87f64e55aa7b63804c03badb8d3cf038c7f8a2bdff322bf6a983acd6697d72a0
309971879203,ecacc49fbfd5d92afb811c48156d294916afedc292b14e2c7e0e979d676f9dc1,337bbfcf8de5e78802474119f616afa46a4ec83e3a41489972b6d75d90085baa,0,train,images/train/ecacc49fbfd5d92afb811c48156d294916afedc292b14e2c7e0e979d676f9dc1.jpg,labels/train/ecacc49fbfd5d92afb811c48156d294916afedc292b14e2c7e0e979d676f9dc1.txt,337bbfcf8de5e78802474119f616afa46a4ec83e3a41489972b6d75d90085baa,pixel-extremes-v1,87f64e55aa7b63804c03badb8d3cf038c7f8a2bdff322bf6a983acd6697d72a0
7891150103085,ecb31098949923a702fae6db4e31187918b44a1cd4a03280e1f286304beba453,f24957c980a20ff7e8b8e3886caae5ca4e13e41ba47425e354b1f079dad67a14,0,train,images/train/ecb31098949923a702fae6db4e31187918b44a1cd4a03280e1f286304beba453.jpg,labels/train/ecb31098949923a702fae6db4e31187918b44a1cd4a03280e1f286304beba453.txt,f24957c980a20ff7e8b8e3886caae5ca4e13e41ba47425e354b1f079dad67a14,pixel-extremes-v1,87f64e55aa7b63804c03badb8d3cf038c7f8a2bdff322bf6a983acd6697d72a0
7770108600152,ed0669b73987ccd054cc7ab15227476310ae422c6d9c6dbd5c859c6f6110fa11,cdcedf8fc329357ba2bbdacdf5d39e38f68f06d32edb63288a7d1a421cd7c45b,0,val,images/val/ed0669b73987ccd054cc7ab15227476310ae422c6d9c6dbd5c859c6f6110fa11.jpg,labels/val/ed0669b73987ccd054cc7ab15227476310ae422c6d9c6dbd5c859c6f6110fa11.txt,cdcedf8fc329357ba2bbdacdf5d39e38f68f06d32edb63288a7d1a421cd7c45b,pixel-extremes-v1,87f64e55aa7b63804c03badb8d3cf038c7f8a2bdff322bf6a983acd6697d72a0
7793742108518,ed08424ea67c3f783ac3c54acaf37d69fc485af9ab686844cae0efaa676fa917,59e4a4a90196ff0833a5b619d6ddaeb011de8bd7880edf05c233372d7a663519,0,test,images/test/ed08424ea67c3f783ac3c54acaf37d69fc485af9ab686844cae0efaa676fa917.jpg,labels/test/ed08424ea67c3f783ac3c54acaf37d69fc485af9ab686844cae0efaa676fa917.txt,59e4a4a90196ff0833a5b619d6ddaeb011de8bd7880edf05c233372d7a663519,pixel-extremes-v1,87f64e55aa7b63804c03badb8d3cf038c7f8a2bdff322bf6a983acd6697d72a0
7791416001301,ed331d9371f00dd7130f7a1fb9816bf4f973a78d472ed034353304da5ce8949a,c530b69b340be0de65124ea0ba93c07173f44c582380f92fc7f1e9ce788cfb65,0,test,images/test/ed331d9371f00dd7130f7a1fb9816bf4f973a78d472ed034353304da5ce8949a.jpg,labels/test/ed331d9371f00dd7130f7a1fb9816bf4f973a78d472ed034353304da5ce8949a.txt,c530b69b340be0de65124ea0ba93c07173f44c582380f92fc7f1e9ce788cfb65,pixel-extremes-v1,87f64e55aa7b63804c03badb8d3cf038c7f8a2bdff322bf6a983acd6697d72a0
7891150103139,ed7b3be71488a79fe8e2e8432b284d00deaf3e0441f200d2e9ddd40d95462df5,55f5f5d6c7e7a9581eabb3cd2be000102bcb4a4dc6471a8e1f5a2e29a7957c7a,0,train,images/train/ed7b3be71488a79fe8e2e8432b284d00deaf3e0441f200d2e9ddd40d95462df5.jpg,labels/train/ed7b3be71488a79fe8e2e8432b284d00deaf3e0441f200d2e9ddd40d95462df5.txt,55f5f5d6c7e7a9581eabb3cd2be000102bcb4a4dc6471a8e1f5a2e29a7957c7a,pixel-extremes-v1,87f64e55aa7b63804c03badb8d3cf038c7f8a2bdff322bf6a983acd6697d72a0
7506306252820,ef00a75f2fbb08e3f7d2ea7ef88c5908a70ed00c07867ceece75a3e7b80e9a9b,d49d7ab6a1b3e9cccd3c37c34d5f6535a25beb4743b5095da09e3fe2e0d89c6e,0,train,images/train/ef00a75f2fbb08e3f7d2ea7ef88c5908a70ed00c07867ceece75a3e7b80e9a9b.jpg,labels/train/ef00a75f2fbb08e3f7d2ea7ef88c5908a70ed00c07867ceece75a3e7b80e9a9b.txt,d49d7ab6a1b3e9cccd3c37c34d5f6535a25beb4743b5095da09e3fe2e0d89c6e,pixel-extremes-v1,87f64e55aa7b63804c03badb8d3cf038c7f8a2bdff322bf6a983acd6697d72a0
3501115,ef6d2accae4abf5bda3f93521be0290532eea6671cbf2d54a827597ba819ce2a,63455251accaffa8b0e7f30044536a3afc42be450c8f1f923a48849bdb64ac81,0,train,images/train/ef6d2accae4abf5bda3f93521be0290532eea6671cbf2d54a827597ba819ce2a.jpg,labels/train/ef6d2accae4abf5bda3f93521be0290532eea6671cbf2d54a827597ba819ce2a.txt,63455251accaffa8b0e7f30044536a3afc42be450c8f1f923a48849bdb64ac81,pixel-extremes-v1,87f64e55aa7b63804c03badb8d3cf038c7f8a2bdff322bf6a983acd6697d72a0
7770017260348,ef8dc28a05b8c7aca94acd6135bdcdab2c09f34cae4b3725ce190ec3ee5bc1d6,de926333762189fd0c77a8ef067baacd892d4a77a3e4d70a56c77c2f04fd6e77,0,train,images/train/ef8dc28a05b8c7aca94acd6135bdcdab2c09f34cae4b3725ce190ec3ee5bc1d6.jpg,labels/train/ef8dc28a05b8c7aca94acd6135bdcdab2c09f34cae4b3725ce190ec3ee5bc1d6.txt,de926333762189fd0c77a8ef067baacd892d4a77a3e4d70a56c77c2f04fd6e77,pixel-extremes-v1,87f64e55aa7b63804c03badb8d3cf038c7f8a2bdff322bf6a983acd6697d72a0
7773431000286,eff06308b4dcbbe3cf11a085614424575fe67f8834fbe4d331efad924267d791,90111bd503957db7b3e8e28738341de7b3513040a8916b972e311d1c0e9414d0,0,train,images/train/eff06308b4dcbbe3cf11a085614424575fe67f8834fbe4d331efad924267d791.jpg,labels/train/eff06308b4dcbbe3cf11a085614424575fe67f8834fbe4d331efad924267d791.txt,90111bd503957db7b3e8e28738341de7b3513040a8916b972e311d1c0e9414d0,pixel-extremes-v1,87f64e55aa7b63804c03badb8d3cf038c7f8a2bdff322bf6a983acd6697d72a0
309970211738,f00ae78b290434b9d88335b921cd70c0f6b44ce16bbcebe95c67b50b65e7b697,ec2f68d0ea6f930125b3a2521191536aa443920c4e0ccbacfb06637f354c1f31,0,train,images/train/f00ae78b290434b9d88335b921cd70c0f6b44ce16bbcebe95c67b50b65e7b697.jpg,labels/train/f00ae78b290434b9d88335b921cd70c0f6b44ce16bbcebe95c67b50b65e7b697.txt,ec2f68d0ea6f930125b3a2521191536aa443920c4e0ccbacfb06637f354c1f31,pixel-extremes-v1,87f64e55aa7b63804c03badb8d3cf038c7f8a2bdff322bf6a983acd6697d72a0
7506306256927,f0101ded5167fb0369ecd6d7ecda4ebeb4e5cec434121c88592c3ac0b3ed09a6,593f94d05c8b47fd0b0af9355b070e1a5c580268acc0caa2f1fe3c63a10ed23a,0,train,images/train/f0101ded5167fb0369ecd6d7ecda4ebeb4e5cec434121c88592c3ac0b3ed09a6.jpg,labels/train/f0101ded5167fb0369ecd6d7ecda4ebeb4e5cec434121c88592c3ac0b3ed09a6.txt,593f94d05c8b47fd0b0af9355b070e1a5c580268acc0caa2f1fe3c63a10ed23a,pixel-extremes-v1,87f64e55aa7b63804c03badb8d3cf038c7f8a2bdff322bf6a983acd6697d72a0
0799192522888,f02ad30f3573e6d734e4b9af49df5e8eb8cbda9ef0dcaba83247d2c173e9c8c6,e5abfed95e7b54844b1651817cfa3803af755372a19d39ed23ff670c6bf6c59e,0,train,images/train/f02ad30f3573e6d734e4b9af49df5e8eb8cbda9ef0dcaba83247d2c173e9c8c6.jpg,labels/train/f02ad30f3573e6d734e4b9af49df5e8eb8cbda9ef0dcaba83247d2c173e9c8c6.txt,e5abfed95e7b54844b1651817cfa3803af755372a19d39ed23ff670c6bf6c59e,pixel-extremes-v1,87f64e55aa7b63804c03badb8d3cf038c7f8a2bdff322bf6a983acd6697d72a0
7898930142678,f031131dd738ea1bf7ac38c729aacdcba323778bfcf81374fc8a9b345bb4bfb6,71a532a6e6464b21aef7fa8c9a4caa4b4282de6a2b85a43504474b703232de8e,0,train,images/train/f031131dd738ea1bf7ac38c729aacdcba323778bfcf81374fc8a9b345bb4bfb6.jpg,labels/train/f031131dd738ea1bf7ac38c729aacdcba323778bfcf81374fc8a9b345bb4bfb6.txt,71a532a6e6464b21aef7fa8c9a4caa4b4282de6a2b85a43504474b703232de8e,pixel-extremes-v1,87f64e55aa7b63804c03badb8d3cf038c7f8a2bdff322bf6a983acd6697d72a0
7774904460293,f154d49974dd383ab78a7df487855d34a1fc4a202810c267adba2838cec95f40,2f3e530fb0aafa53cebf30a1858295b8aa9c9efd3a2a10f60b9c7e474ef6b3db,0,val,images/val/f154d49974dd383ab78a7df487855d34a1fc4a202810c267adba2838cec95f40.jpg,labels/val/f154d49974dd383ab78a7df487855d34a1fc4a202810c267adba2838cec95f40.txt,2f3e530fb0aafa53cebf30a1858295b8aa9c9efd3a2a10f60b9c7e474ef6b3db,pixel-extremes-v1,87f64e55aa7b63804c03badb8d3cf038c7f8a2bdff322bf6a983acd6697d72a0
7896058502992,f1acd2e6f6a6dfa2c0e818e94f9315df89f9d2f4cbd777e96ce3dc0fd28d52da,21b9915cc640f362ca80d625966e07f8eb571930af80146a851463bb752e10fc,0,val,images/val/f1acd2e6f6a6dfa2c0e818e94f9315df89f9d2f4cbd777e96ce3dc0fd28d52da.jpg,labels/val/f1acd2e6f6a6dfa2c0e818e94f9315df89f9d2f4cbd777e96ce3dc0fd28d52da.txt,21b9915cc640f362ca80d625966e07f8eb571930af80146a851463bb752e10fc,pixel-extremes-v1,87f64e55aa7b63804c03badb8d3cf038c7f8a2bdff322bf6a983acd6697d72a0
7896451910271,f217256afacfe82dc2c3ddf2e87b8787855b13f42b304fabb71f8fd28fd5c3af,223bea0b97d47e8a25ee097925658f9506203ad36ba0dd542be2292961f5fe5a,0,test,images/test/f217256afacfe82dc2c3ddf2e87b8787855b13f42b304fabb71f8fd28fd5c3af.jpg,labels/test/f217256afacfe82dc2c3ddf2e87b8787855b13f42b304fabb71f8fd28fd5c3af.txt,223bea0b97d47e8a25ee097925658f9506203ad36ba0dd542be2292961f5fe5a,pixel-extremes-v1,87f64e55aa7b63804c03badb8d3cf038c7f8a2bdff322bf6a983acd6697d72a0
7771260760050,f255ea0e88532fe9fee04219857db85ef7462ebdf05f014a20aac158e537840e,16ea760fcb8df0284c312dd9c03e730482ee64dfbaf252c9be8749249eca43ad,0,test,images/test/f255ea0e88532fe9fee04219857db85ef7462ebdf05f014a20aac158e537840e.jpg,labels/test/f255ea0e88532fe9fee04219857db85ef7462ebdf05f014a20aac158e537840e.txt,16ea760fcb8df0284c312dd9c03e730482ee64dfbaf252c9be8749249eca43ad,pixel-extremes-v1,87f64e55aa7b63804c03badb8d3cf038c7f8a2bdff322bf6a983acd6697d72a0
7798178801897,f31365de4afa4b7320e1dc8f903bf76ec307ab0e5034088ead85c11b7bf864a9,f8faea1030fe908718d6591c6fe2001580f238c79a3f5da54290e7710b1f9c33,0,val,images/val/f31365de4afa4b7320e1dc8f903bf76ec307ab0e5034088ead85c11b7bf864a9.jpg,labels/val/f31365de4afa4b7320e1dc8f903bf76ec307ab0e5034088ead85c11b7bf864a9.txt,f8faea1030fe908718d6591c6fe2001580f238c79a3f5da54290e7710b1f9c33,pixel-extremes-v1,87f64e55aa7b63804c03badb8d3cf038c7f8a2bdff322bf6a983acd6697d72a0
7770109740031,f313682457de711615ead4bb76f8c94da3481addf2bde0d41c1efa2410d72a16,0a802fe785f5948a1af6cae335f4ba9b5d8370fc06e7bd5e747b9373fdd603a3,0,train,images/train/f313682457de711615ead4bb76f8c94da3481addf2bde0d41c1efa2410d72a16.jpg,labels/train/f313682457de711615ead4bb76f8c94da3481addf2bde0d41c1efa2410d72a16.txt,0a802fe785f5948a1af6cae335f4ba9b5d8370fc06e7bd5e747b9373fdd603a3,pixel-extremes-v1,87f64e55aa7b63804c03badb8d3cf038c7f8a2bdff322bf6a983acd6697d72a0
7790580151713,f3c6244d4e8cb42b0e61b92407af0bfeaf7aa885230c39a4ed23ce33fe0268da,a2bf2f8144470799548c7299b2d354232a86426a74495ad0708f4a7ec12db068,0,train,images/train/f3c6244d4e8cb42b0e61b92407af0bfeaf7aa885230c39a4ed23ce33fe0268da.jpg,labels/train/f3c6244d4e8cb42b0e61b92407af0bfeaf7aa885230c39a4ed23ce33fe0268da.txt,a2bf2f8144470799548c7299b2d354232a86426a74495ad0708f4a7ec12db068,pixel-extremes-v1,87f64e55aa7b63804c03badb8d3cf038c7f8a2bdff322bf6a983acd6697d72a0
7506306252875,f45ac1ad8f2452b3f06423a9cc625b90da83acf3283f69c1fca81047536f71f6,bf07d98eaa420d35205351a107b9c10f5601d9598c2dcf5c0ea81b25722e9e06,0,test,images/test/f45ac1ad8f2452b3f06423a9cc625b90da83acf3283f69c1fca81047536f71f6.jpg,labels/test/f45ac1ad8f2452b3f06423a9cc625b90da83acf3283f69c1fca81047536f71f6.txt,bf07d98eaa420d35205351a107b9c10f5601d9598c2dcf5c0ea81b25722e9e06,pixel-extremes-v1,87f64e55aa7b63804c03badb8d3cf038c7f8a2bdff322bf6a983acd6697d72a0
7891150101784,f46e8a2ad48361adb9bf45018c8979eb3a94733ae11e0bcfdd5887dd5ba4eb52,18e0880cf1c487525e8ffdd03477d9ddd3baf8f6225b4434cf6df8912a08772e,0,train,images/train/f46e8a2ad48361adb9bf45018c8979eb3a94733ae11e0bcfdd5887dd5ba4eb52.jpg,labels/train/f46e8a2ad48361adb9bf45018c8979eb3a94733ae11e0bcfdd5887dd5ba4eb52.txt,18e0880cf1c487525e8ffdd03477d9ddd3baf8f6225b4434cf6df8912a08772e,pixel-extremes-v1,87f64e55aa7b63804c03badb8d3cf038c7f8a2bdff322bf6a983acd6697d72a0
7899808802823,f489e052684c87f9ab49c4d0d18cfcc8cbb701088b78d7455aff42ca813fa3bd,d033ed944853e3c7f5c886b15ba75afbc1d59109661bc178b8e4a8c857f49203,0,train,images/train/f489e052684c87f9ab49c4d0d18cfcc8cbb701088b78d7455aff42ca813fa3bd.jpg,labels/train/f489e052684c87f9ab49c4d0d18cfcc8cbb701088b78d7455aff42ca813fa3bd.txt,d033ed944853e3c7f5c886b15ba75afbc1d59109661bc178b8e4a8c857f49203,pixel-extremes-v1,87f64e55aa7b63804c03badb8d3cf038c7f8a2bdff322bf6a983acd6697d72a0
7774904408448,f555e8ead755b4601c3318eba2bd54c9e7cd5ea4a5f37c7fd83f5a7145d372d2,4a22a5f77854c95e0c39539caba1d328054ecdfd8235ad9050b5f45a9098f08a,0,train,images/train/f555e8ead755b4601c3318eba2bd54c9e7cd5ea4a5f37c7fd83f5a7145d372d2.jpg,labels/train/f555e8ead755b4601c3318eba2bd54c9e7cd5ea4a5f37c7fd83f5a7145d372d2.txt,4a22a5f77854c95e0c39539caba1d328054ecdfd8235ad9050b5f45a9098f08a,pixel-extremes-v1,87f64e55aa7b63804c03badb8d3cf038c7f8a2bdff322bf6a983acd6697d72a0
7773400003997,f581bc157413756542f383dbfa62cd0dbd5ef122382cbf16deb5c4ddd5c22d25,9470eac02d5aa2b04a510526c16f54d219f43a9af20be1a0f466ab5a36e81f96,0,train,images/train/f581bc157413756542f383dbfa62cd0dbd5ef122382cbf16deb5c4ddd5c22d25.jpg,labels/train/f581bc157413756542f383dbfa62cd0dbd5ef122382cbf16deb5c4ddd5c22d25.txt,9470eac02d5aa2b04a510526c16f54d219f43a9af20be1a0f466ab5a36e81f96,pixel-extremes-v1,87f64e55aa7b63804c03badb8d3cf038c7f8a2bdff322bf6a983acd6697d72a0
7798178800746,f5d2ce3fbca1a634ca171777c657f23b96af20cac506da49b4f60438cbb8312b,92eeef202d44e742a35a882f13ec37c62f92f52fc400fb44f4e15fcf52797f81,0,train,images/train/f5d2ce3fbca1a634ca171777c657f23b96af20cac506da49b4f60438cbb8312b.jpg,labels/train/f5d2ce3fbca1a634ca171777c657f23b96af20cac506da49b4f60438cbb8312b.txt,92eeef202d44e742a35a882f13ec37c62f92f52fc400fb44f4e15fcf52797f81,pixel-extremes-v1,87f64e55aa7b63804c03badb8d3cf038c7f8a2bdff322bf6a983acd6697d72a0
7771612001350,f5e592305929102447e30e02372749f8a9da7990cd2bc0a806794a63da77e5c5,9b54bbb1aeeef0f9ec4429ec9aa9be70a1da530d6db5f4da2dccf5f854c80543,0,test,images/test/f5e592305929102447e30e02372749f8a9da7990cd2bc0a806794a63da77e5c5.jpg,labels/test/f5e592305929102447e30e02372749f8a9da7990cd2bc0a806794a63da77e5c5.txt,9b54bbb1aeeef0f9ec4429ec9aa9be70a1da530d6db5f4da2dccf5f854c80543,pixel-extremes-v1,87f64e55aa7b63804c03badb8d3cf038c7f8a2bdff322bf6a983acd6697d72a0
7503037746116,f666cc79c921d8cd475aca97e27ff0ccaae8e20f682d6bb4eb7e2b9f742e9fb4,a5d61d2c822bcee71cdcac2d65e8ddf9fdafa7076849107c46b3c10219d763c6,0,test,images/test/f666cc79c921d8cd475aca97e27ff0ccaae8e20f682d6bb4eb7e2b9f742e9fb4.jpg,labels/test/f666cc79c921d8cd475aca97e27ff0ccaae8e20f682d6bb4eb7e2b9f742e9fb4.txt,a5d61d2c822bcee71cdcac2d65e8ddf9fdafa7076849107c46b3c10219d763c6,pixel-extremes-v1,87f64e55aa7b63804c03badb8d3cf038c7f8a2bdff322bf6a983acd6697d72a0
7798186033570,f6b1adad8ab7b807d9430bd9b92e312df0ed8a45320dba9d486e6482c301b684,0cf45386fb3ba651866202c70d8606cd61f6b0efd969f9058e4a8b1974286d9e,0,val,images/val/f6b1adad8ab7b807d9430bd9b92e312df0ed8a45320dba9d486e6482c301b684.jpg,labels/val/f6b1adad8ab7b807d9430bd9b92e312df0ed8a45320dba9d486e6482c301b684.txt,0cf45386fb3ba651866202c70d8606cd61f6b0efd969f9058e4a8b1974286d9e,pixel-extremes-v1,87f64e55aa7b63804c03badb8d3cf038c7f8a2bdff322bf6a983acd6697d72a0
8901023025068,f8267a9b5b422c1875ba6f0db559cf181d17f573abdff97b1cac58063b8424a2,ac7f5d9213ca194a07e40223649a431194a367424675757bb29635a8768c2196,0,test,images/test/f8267a9b5b422c1875ba6f0db559cf181d17f573abdff97b1cac58063b8424a2.jpg,labels/test/f8267a9b5b422c1875ba6f0db559cf181d17f573abdff97b1cac58063b8424a2.txt,ac7f5d9213ca194a07e40223649a431194a367424675757bb29635a8768c2196,pixel-extremes-v1,87f64e55aa7b63804c03badb8d3cf038c7f8a2bdff322bf6a983acd6697d72a0
7841503002305,f84fcbe10c15e0f13d1eb20a6f2baa8936e8052115b453cad997bf275eefbc9e,5ddf464c7905507c7e9aeabc4d503da377788964f1479293631aa76a5ae224e3,0,test,images/test/f84fcbe10c15e0f13d1eb20a6f2baa8936e8052115b453cad997bf275eefbc9e.jpg,labels/test/f84fcbe10c15e0f13d1eb20a6f2baa8936e8052115b453cad997bf275eefbc9e.txt,5ddf464c7905507c7e9aeabc4d503da377788964f1479293631aa76a5ae224e3,pixel-extremes-v1,87f64e55aa7b63804c03badb8d3cf038c7f8a2bdff322bf6a983acd6697d72a0
7896031230966,f8a6bbc1125fdad4a9e531eaee3c864194e8b50d23417d3a692ff83ec1e6dec2,726fca30522941c1dc134c6d1832604efcc0de5a2ca7fba93030890841c81ac2,0,test,images/test/f8a6bbc1125fdad4a9e531eaee3c864194e8b50d23417d3a692ff83ec1e6dec2.jpg,labels/test/f8a6bbc1125fdad4a9e531eaee3c864194e8b50d23417d3a692ff83ec1e6dec2.txt,726fca30522941c1dc134c6d1832604efcc0de5a2ca7fba93030890841c81ac2,pixel-extremes-v1,87f64e55aa7b63804c03badb8d3cf038c7f8a2bdff322bf6a983acd6697d72a0
7896023017919,f9f7f0e4aeb6ac8f99483b0b940177a5bc159bc405a03fc3b3eb7d5c9259292b,3609683d7dd1d5158ecbd9112e078cdc9f57358161952fb64dbf43510c4dd82b,0,train,images/train/f9f7f0e4aeb6ac8f99483b0b940177a5bc159bc405a03fc3b3eb7d5c9259292b.jpg,labels/train/f9f7f0e4aeb6ac8f99483b0b940177a5bc159bc405a03fc3b3eb7d5c9259292b.txt,3609683d7dd1d5158ecbd9112e078cdc9f57358161952fb64dbf43510c4dd82b,pixel-extremes-v1,87f64e55aa7b63804c03badb8d3cf038c7f8a2bdff322bf6a983acd6697d72a0
9000968,fa5c5c8157c537056b5edb654d4a804a62080e6dba80fea876364f8c796cad2a,a607d2d0d5320742f2daaad0aa6182b6bf649b4edc9d6329b0fea80bf586e995,0,train,images/train/fa5c5c8157c537056b5edb654d4a804a62080e6dba80fea876364f8c796cad2a.jpg,labels/train/fa5c5c8157c537056b5edb654d4a804a62080e6dba80fea876364f8c796cad2a.txt,a607d2d0d5320742f2daaad0aa6182b6bf649b4edc9d6329b0fea80bf586e995,pixel-extremes-v1,87f64e55aa7b63804c03badb8d3cf038c7f8a2bdff322bf6a983acd6697d72a0
7891150101647,fb085c1d29068785aef85bfdcba4472c4ad041e7f73e184e104935c0ac29ada6,28980d1bcb647d2e66a826fe491b12cd7c8e4bfcc2e490ef1173b9e7c6111161,0,val,images/val/fb085c1d29068785aef85bfdcba4472c4ad041e7f73e184e104935c0ac29ada6.jpg,labels/val/fb085c1d29068785aef85bfdcba4472c4ad041e7f73e184e104935c0ac29ada6.txt,28980d1bcb647d2e66a826fe491b12cd7c8e4bfcc2e490ef1173b9e7c6111161,pixel-extremes-v1,87f64e55aa7b63804c03badb8d3cf038c7f8a2bdff322bf6a983acd6697d72a0
650240077531,fbd58193a292f761c1733adba3323b619fcc62e01b4d916caa932edcd261ab2d,ffa55f1830a9b3fd2696a993c6463921c5214cc152cf183b4c82a059ae108816,0,train,images/train/fbd58193a292f761c1733adba3323b619fcc62e01b4d916caa932edcd261ab2d.jpg,labels/train/fbd58193a292f761c1733adba3323b619fcc62e01b4d916caa932edcd261ab2d.txt,ffa55f1830a9b3fd2696a993c6463921c5214cc152cf183b4c82a059ae108816,pixel-extremes-v1,87f64e55aa7b63804c03badb8d3cf038c7f8a2bdff322bf6a983acd6697d72a0
7770017260331,fc51cc21a2b1468298113f997ea62846f796ea7f81177f2edf79596eba8f8dca,800ffd498083655e6b6dc876da0bb8a67a6e937b615ffac748d507358f107835,0,val,images/val/fc51cc21a2b1468298113f997ea62846f796ea7f81177f2edf79596eba8f8dca.jpg,labels/val/fc51cc21a2b1468298113f997ea62846f796ea7f81177f2edf79596eba8f8dca.txt,800ffd498083655e6b6dc876da0bb8a67a6e937b615ffac748d507358f107835,pixel-extremes-v1,87f64e55aa7b63804c03badb8d3cf038c7f8a2bdff322bf6a983acd6697d72a0
887961274394,fc81f54da31a0949e04c38d530aa1c493453baf783f042e1dff58918ade4a406,a825a314637c53b20b6aeb8f3334ce2f200d6dbcf7949f2c4daa9fb1e703f91b,0,train,images/train/fc81f54da31a0949e04c38d530aa1c493453baf783f042e1dff58918ade4a406.jpg,labels/train/fc81f54da31a0949e04c38d530aa1c493453baf783f042e1dff58918ade4a406.txt,a825a314637c53b20b6aeb8f3334ce2f200d6dbcf7949f2c4daa9fb1e703f91b,pixel-extremes-v1,87f64e55aa7b63804c03badb8d3cf038c7f8a2bdff322bf6a983acd6697d72a0
7771228000570,fce0b01c1ab565b51de1beb26b7b610cd47e56b898173de136cd912630696e32,05d291e54cd2dfa71751fde5a9c6f704bff96b7b6ef66e300c36974c3de215bf,0,train,images/train/fce0b01c1ab565b51de1beb26b7b610cd47e56b898173de136cd912630696e32.jpg,labels/train/fce0b01c1ab565b51de1beb26b7b610cd47e56b898173de136cd912630696e32.txt,05d291e54cd2dfa71751fde5a9c6f704bff96b7b6ef66e300c36974c3de215bf,pixel-extremes-v1,87f64e55aa7b63804c03badb8d3cf038c7f8a2bdff322bf6a983acd6697d72a0
309975424034,fd03c5ab37e364761516bf7034a2b51f412404f6fd0a428dd6094ad0b38bca01,6d57c60acbf7d5aafa5d14ef0db319650e85b13577022873f322df08dd84716f,0,train,images/train/fd03c5ab37e364761516bf7034a2b51f412404f6fd0a428dd6094ad0b38bca01.jpg,labels/train/fd03c5ab37e364761516bf7034a2b51f412404f6fd0a428dd6094ad0b38bca01.txt,6d57c60acbf7d5aafa5d14ef0db319650e85b13577022873f322df08dd84716f,pixel-extremes-v1,87f64e55aa7b63804c03badb8d3cf038c7f8a2bdff322bf6a983acd6697d72a0
7750243086394,fd949f22f6ae378f957c2323f4f64cfdcb73cb7114d3a901880beb6afd5e4925,9039449a3bb25b975488779d4378e175bac9e37d670a763d38526dc542930ab9,0,val,images/val/fd949f22f6ae378f957c2323f4f64cfdcb73cb7114d3a901880beb6afd5e4925.jpg,labels/val/fd949f22f6ae378f957c2323f4f64cfdcb73cb7114d3a901880beb6afd5e4925.txt,9039449a3bb25b975488779d4378e175bac9e37d670a763d38526dc542930ab9,pixel-extremes-v1,87f64e55aa7b63804c03badb8d3cf038c7f8a2bdff322bf6a983acd6697d72a0
4059729521989,fda37a1e77bbf203c0ff79f19c9839b421e8da7e3d6736a985ec78fc4bef83ea,25d421d727e8ddd0b132f8ee107a1d3645d5e91b53bc3e6ebfcfaf015c3fd7ea,0,test,images/test/fda37a1e77bbf203c0ff79f19c9839b421e8da7e3d6736a985ec78fc4bef83ea.jpg,labels/test/fda37a1e77bbf203c0ff79f19c9839b421e8da7e3d6736a985ec78fc4bef83ea.txt,25d421d727e8ddd0b132f8ee107a1d3645d5e91b53bc3e6ebfcfaf015c3fd7ea,pixel-extremes-v1,87f64e55aa7b63804c03badb8d3cf038c7f8a2bdff322bf6a983acd6697d72a0
7840185788477,fde4cb7ee103a9b1ac33c175ef30b2bc137b21b61187acbca77fbd26bba12db2,2cc3ce02587bd9b2468092cf538b222283110df69aa441688c97c63be9cec847,0,train,images/train/fde4cb7ee103a9b1ac33c175ef30b2bc137b21b61187acbca77fbd26bba12db2.jpg,labels/train/fde4cb7ee103a9b1ac33c175ef30b2bc137b21b61187acbca77fbd26bba12db2.txt,2cc3ce02587bd9b2468092cf538b222283110df69aa441688c97c63be9cec847,pixel-extremes-v1,87f64e55aa7b63804c03badb8d3cf038c7f8a2bdff322bf6a983acd6697d72a0
7779970831343,fdec5346596b86df750cd1bc7c5492398d4b95c843230524d1f362d964cfa1eb,824ad1a0a87701f09a47de555a2aa2e3611f9ea826dbbe56b0a49c729f63f177,0,train,images/train/fdec5346596b86df750cd1bc7c5492398d4b95c843230524d1f362d964cfa1eb.jpg,labels/train/fdec5346596b86df750cd1bc7c5492398d4b95c843230524d1f362d964cfa1eb.txt,824ad1a0a87701f09a47de555a2aa2e3611f9ea826dbbe56b0a49c729f63f177,pixel-extremes-v1,87f64e55aa7b63804c03badb8d3cf038c7f8a2bdff322bf6a983acd6697d72a0
7770109060023,ff5430ba5bbf7503bcda7ef7f3e5c57f6202b70e28365636092d8380eb4bf598,0ddb3ad0bb5f345b276965015c71d9d36363b1f9cc1bf625799ff2c0d556b861,0,train,images/train/ff5430ba5bbf7503bcda7ef7f3e5c57f6202b70e28365636092d8380eb4bf598.jpg,labels/train/ff5430ba5bbf7503bcda7ef7f3e5c57f6202b70e28365636092d8380eb4bf598.txt,0ddb3ad0bb5f345b276965015c71d9d36363b1f9cc1bf625799ff2c0d556b861,pixel-extremes-v1,87f64e55aa7b63804c03badb8d3cf038c7f8a2bdff322bf6a983acd6697d72a0
7771228000648,ff93c1f8b6ab8b01dba26379b902e889e907b4e864268869bbeb5761f256e110,740d3890f46a2e8881cd2ea47d5162596b715953eda6842f464f77bee7bea52c,0,train,images/train/ff93c1f8b6ab8b01dba26379b902e889e907b4e864268869bbeb5761f256e110.jpg,labels/train/ff93c1f8b6ab8b01dba26379b902e889e907b4e864268869bbeb5761f256e110.txt,740d3890f46a2e8881cd2ea47d5162596b715953eda6842f464f77bee7bea52c,pixel-extremes-v1,87f64e55aa7b63804c03badb8d3cf038c7f8a2bdff322bf6a983acd6697d72a0
7771611000002,ffa859be9d05c686264044e6bbccd4e7a6d1293b1cee92c5eaf770da37f5b9f2,f4edf0b109500428ca6ab1ca76b68c7936c56d98f175d6b5b05c6ab7e3d3da10,0,val,images/val/ffa859be9d05c686264044e6bbccd4e7a6d1293b1cee92c5eaf770da37f5b9f2.jpg,labels/val/ffa859be9d05c686264044e6bbccd4e7a6d1293b1cee92c5eaf770da37f5b9f2.txt,f4edf0b109500428ca6ab1ca76b68c7936c56d98f175d6b5b05c6ab7e3d3da10,pixel-extremes-v1,87f64e55aa7b63804c03badb8d3cf038c7f8a2bdff322bf6a983acd6697d72a0
